window	motif	start	end	strand	score
12	ABF1	302	320	+	12.645
30	ABF1	284	302	+	11.916
40	ABF1	285	303	-	14.021
64	ABF1	242	260	+	13.067
92	ABF1	62	80	+	11.95
97	ABF1	67	85	-	13.459
117	ABF1	165	183	+	13.961
130	ABF1	120	138	-	12.112
131	ABF1	438	456	+	12.318
139	ABF1	392	410	-	12.955
139	ABF1	417	435	-	13.722
140	ABF1	370	388	+	13.722
140	ABF1	395	413	+	12.955
175	ABF1	132	150	-	11.863
176	ABF1	475	493	+	11.863
192	ABF1	147	165	-	12.192
194	ABF1	438	456	+	12.594
208	ABF1	243	261	-	14.029
209	ABF1	450	468	+	14.029
281	ABF1	173	191	-	12.775
292	ABF1	33	51	+	14.453
321	ABF1	319	337	-	12.749
331	ABF1	150	168	-	12.895
357	ABF1	216	234	-	13.259
17	ACE2	368	376	-	10.731
20	ACE2	406	414	+	10.731
55	ACE2	486	494	+	10.669
59	ACE2	155	163	-	10.51
75	ACE2	486	494	+	10.669
97	ACE2	441	449	-	10.669
163	ACE2	140	148	-	10.51
217	ACE2	192	200	+	10.731
218	ACE2	169	177	+	10.731
219	ACE2	442	450	-	10.731
222	ACE2	126	134	+	10.731
223	ACE2	262	270	-	10.731
255	ACE2	480	488	+	10.731
265	ACE2	228	236	-	10.731
310	ACE2	344	352	-	10.51
343	ACE2	8	16	+	10.731
383	ACE2	117	125	-	10.51
390	ACE2	431	439	+	10.731
32	AFT1	209	216	-	11.753
59	AFT1	21	28	+	11.765
61	AFT1	132	139	-	12.989
66	AFT1	179	186	-	11.765
67	AFT1	83	90	+	11.765
67	AFT1	207	214	-	11.753
73	AFT1	293	300	+	11.765
83	AFT1	249	256	+	11.765
116	AFT1	75	82	+	12.989
117	AFT1	98	105	-	12.989
121	AFT1	79	86	+	12.989
123	AFT1	204	211	-	11.753
136	AFT1	199	206	-	11.765
175	AFT1	238	245	-	11.765
176	AFT1	380	387	+	11.765
203	AFT1	54	61	+	11.765
204	AFT1	34	41	+	11.765
253	AFT1	34	41	-	11.753
286	AFT1	266	273	-	11.753
313	AFT1	292	299	-	11.765
320	AFT1	37	44	-	11.765
322	AFT1	14	21	-	11.753
375	AFT1	326	333	+	11.765
378	AFT1	174	181	+	11.765
0	AFT2	176	182	+	11.865
13	AFT2	97	103	+	11.865
59	AFT2	21	27	+	11.865
66	AFT2	180	186	-	11.865
67	AFT2	83	89	+	11.865
71	AFT2	89	95	-	11.865
73	AFT2	293	299	+	11.865
83	AFT2	249	255	+	11.865
93	AFT2	122	128	-	11.865
93	AFT2	249	255	+	11.865
105	AFT2	302	308	+	11.865
110	AFT2	198	204	-	11.865
136	AFT2	200	206	-	11.865
142	AFT2	10	16	-	11.865
175	AFT2	239	245	-	11.865
176	AFT2	380	386	+	11.865
203	AFT2	54	60	+	11.865
204	AFT2	34	40	+	11.865
228	AFT2	106	112	+	11.865
261	AFT2	176	182	+	11.865
284	AFT2	141	147	-	11.865
313	AFT2	265	271	-	11.865
313	AFT2	293	299	-	11.865
320	AFT2	38	44	-	11.865
347	AFT2	56	62	+	11.865
375	AFT2	326	332	+	11.865
378	AFT2	174	180	+	11.865
32	ARG81	42	51	-	11.783
40	ARG81	430	439	-	11.513
63	ARG81	211	220	+	11.353
63	ARG81	373	382	+	11.783
72	ARG81	288	297	+	12.721
124	ARG81	228	237	-	12.721
133	ARG81	118	127	+	11.615
137	ARG81	191	200	+	12.171
140	ARG81	13	22	-	11.903
158	ARG81	156	165	+	11.783
175	ARG81	11	20	-	11.79
201	ARG81	436	445	-	12.548
206	ARG81	353	362	-	11.451
207	ARG81	237	246	-	15.024
212	ARG81	229	238	+	13.17
222	ARG81	354	363	+	12.352
223	ARG81	33	42	-	12.352
229	ARG81	159	168	-	11.731
240	ARG81	23	32	+	12.188
240	ARG81	25	34	-	13.006
243	ARG81	327	336	+	12.171
299	ARG81	463	472	+	11.727
300	ARG81	187	196	-	11.727
320	ARG81	192	201	+	13.745
382	ARG81	204	213	+	11.513
384	ARG81	195	204	+	11.79
0	ARO80.1	239	249	+	9.571
6	ARO80.1	268	278	-	9.528
12	ARO80.1	261	271	-	9.653
16	ARO80.1	275	285	-	9.904
20	ARO80.1	341	351	+	9.653
27	ARO80.1	72	82	+	9.66
42	ARO80.1	208	218	-	9.588
43	ARO80.1	110	120	-	9.616
45	ARO80.1	265	275	+	9.93
58	ARO80.1	162	172	-	9.51
64	ARO80.1	187	197	-	9.694
64	ARO80.1	229	239	-	10.053
72	ARO80.1	291	301	+	9.895
76	ARO80.1	20	30	-	9.559
93	ARO80.1	137	147	+	9.602
96	ARO80.1	225	235	+	9.717
96	ARO80.1	262	272	+	9.815
102	ARO80.1	208	218	+	9.602
105	ARO80.1	181	191	-	9.614
106	ARO80.1	301	311	+	10.108
109	ARO80.1	197	207	-	9.792
113	ARO80.1	186	196	+	10.266
119	ARO80.1	224	234	-	9.579
124	ARO80.1	219	229	-	10.341
124	ARO80.1	230	240	-	9.524
136	ARO80.1	180	190	-	10.341
149	ARO80.1	236	246	+	9.528
150	ARO80.1	108	118	-	9.528
192	ARO80.1	66	76	+	9.714
194	ARO80.1	107	117	-	9.95
206	ARO80.1	127	137	-	9.518
243	ARO80.1	23	33	-	10.007
261	ARO80.1	239	249	+	9.571
378	ARO80.1	88	98	+	10.036
386	ARO80.1	268	278	-	9.528
393	ARO80.1	96	106	-	9.726
394	ARO80.1	281	291	-	9.726
395	ARO80.1	62	72	-	10.435
3	ARO80.2	271	284	+	14.148
6	ARO80.2	224	237	+	15.419
34	ARO80.2	188	201	+	12.969
41	ARO80.2	353	366	+	12.342
72	ARO80.2	278	291	+	12.461
80	ARO80.2	479	492	-	11.92
93	ARO80.2	171	184	+	11.785
113	ARO80.2	450	463	+	11.625
130	ARO80.2	301	314	-	14.819
163	ARO80.2	30	43	-	14.11
167	ARO80.2	468	481	-	13.264
206	ARO80.2	131	144	-	12.348
212	ARO80.2	459	472	-	14.575
213	ARO80.2	191	204	-	11.851
223	ARO80.2	485	498	-	15.883
240	ARO80.2	43	56	+	13.451
242	ARO80.2	95	108	+	12.686
268	ARO80.2	31	44	-	14.148
269	ARO80.2	271	284	+	14.148
280	ARO80.2	477	490	-	12.366
323	ARO80.2	280	293	+	11.65
346	ARO80.2	221	234	-	11.79
355	ARO80.2	350	363	+	11.737
378	ARO80.2	277	290	+	12.338
386	ARO80.2	224	237	+	15.419
1	AZF1	246	255	+	13.221
2	AZF1	43	52	-	13.221
24	AZF1	252	261	-	13.221
35	AZF1	412	421	+	13.221
39	AZF1	115	124	-	13.221
40	AZF1	11	20	+	13.221
59	AZF1	391	400	-	13.221
68	AZF1	349	358	-	13.221
70	AZF1	4	13	-	13.221
78	AZF1	188	197	-	13.221
78	AZF1	196	205	-	13.221
82	AZF1	130	139	+	13.221
86	AZF1	273	282	-	13.221
113	AZF1	76	85	-	13.221
121	AZF1	245	254	-	13.221
123	AZF1	130	139	-	13.221
125	AZF1	126	135	+	13.221
130	AZF1	217	226	-	13.221
144	AZF1	124	133	-	13.221
145	AZF1	79	88	-	13.221
145	AZF1	277	286	-	13.221
149	AZF1	15	24	-	13.221
150	AZF1	330	339	+	13.221
155	AZF1	141	150	-	13.221
155	AZF1	181	190	-	13.221
170	AZF1	142	151	+	13.221
170	AZF1	258	267	-	13.221
185	AZF1	113	122	+	13.221
186	AZF1	148	157	-	13.221
193	AZF1	345	354	+	13.221
203	AZF1	356	365	-	13.221
214	AZF1	151	160	-	13.221
217	AZF1	223	232	+	13.221
224	AZF1	131	140	-	13.221
236	AZF1	309	318	+	13.221
237	AZF1	380	389	-	13.221
243	AZF1	404	413	-	13.221
255	AZF1	35	44	+	13.221
260	AZF1	236	245	-	13.221
263	AZF1	327	336	-	13.221
264	AZF1	367	376	+	13.221
280	AZF1	430	439	+	13.221
281	AZF1	416	425	-	13.221
281	AZF1	424	433	-	13.221
284	AZF1	278	287	+	13.221
307	AZF1	299	308	-	13.221
321	AZF1	283	292	+	13.221
331	AZF1	291	300	+	13.221
339	AZF1	344	353	+	13.221
342	AZF1	83	92	-	13.221
349	AZF1	345	354	+	13.221
356	AZF1	242	251	-	13.221
361	AZF1	432	441	+	13.221
364	AZF1	315	324	+	13.221
365	AZF1	335	344	+	13.221
368	AZF1	253	262	+	13.221
369	AZF1	149	158	+	13.221
370	AZF1	304	313	-	13.221
371	AZF1	110	119	+	13.221
373	AZF1	397	406	+	13.221
374	AZF1	403	412	-	13.221
378	AZF1	160	169	-	13.221
378	AZF1	321	330	+	13.221
383	AZF1	267	276	-	13.221
383	AZF1	288	297	-	13.221
385	AZF1	301	310	-	13.221
387	AZF1	245	254	-	13.221
389	AZF1	211	220	-	13.221
13	BAS1	67	73	-	11.923
14	BAS1	454	460	+	11.923
27	BAS1	375	381	-	11.923
32	BAS1	381	387	+	11.923
36	BAS1	310	316	+	11.923
43	BAS1	58	64	+	11.923
47	BAS1	107	113	+	11.923
56	BAS1	364	370	+	11.923
68	BAS1	95	101	-	11.923
72	BAS1	213	219	-	11.923
73	BAS1	284	290	-	11.923
85	BAS1	237	243	+	11.923
87	BAS1	112	118	-	11.923
89	BAS1	5	11	+	11.923
98	BAS1	155	161	-	11.923
101	BAS1	476	482	+	11.923
124	BAS1	284	290	-	11.923
143	BAS1	384	390	+	11.923
146	BAS1	157	163	-	11.923
175	BAS1	288	294	-	11.923
176	BAS1	331	337	+	11.923
190	BAS1	244	250	-	11.923
192	BAS1	63	69	-	11.923
233	BAS1	308	314	-	11.923
234	BAS1	261	267	-	11.923
238	BAS1	335	341	+	11.923
239	BAS1	90	96	-	11.923
239	BAS1	198	204	-	11.923
247	BAS1	203	209	+	11.923
251	BAS1	419	425	+	11.923
252	BAS1	347	353	-	11.923
253	BAS1	171	177	-	11.923
264	BAS1	130	136	+	11.923
275	BAS1	69	75	+	11.923
276	BAS1	74	80	-	11.923
290	BAS1	109	115	-	11.923
291	BAS1	440	446	+	11.923
297	BAS1	269	275	-	11.923
313	BAS1	175	181	+	11.923
339	BAS1	466	472	-	11.923
342	BAS1	426	432	+	11.923
346	BAS1	437	443	-	11.923
352	BAS1	220	226	-	11.923
353	BAS1	96	102	+	11.923
364	BAS1	412	418	-	11.923
366	BAS1	66	72	-	11.923
366	BAS1	254	260	-	11.923
367	BAS1	213	219	+	11.923
373	BAS1	385	391	+	11.923
374	BAS1	418	424	-	11.923
377	BAS1	216	222	+	11.923
379	BAS1	384	390	+	11.923
391	BAS1	405	411	-	11.923
22	CAD1.2	439	450	+	12.534
52	CAD1.2	456	467	+	13.183
80	CAD1.2	456	467	+	13.183
82	CAD1.2	304	315	-	11.922
82	CAD1.2	459	470	+	13.488
93	CAD1.2	485	496	+	14.088
94	CAD1.2	42	53	+	14.848
139	CAD1.2	94	105	-	13.557
148	CAD1.2	173	184	-	12.207
171	CAD1.2	484	495	-	14.108
193	CAD1.2	473	484	+	12.544
203	CAD1.2	16	27	+	14.108
220	CAD1.2	126	137	-	12.534
221	CAD1.2	416	427	+	12.534
258	CAD1.2	179	190	+	12.497
265	CAD1.2	237	248	+	14.872
308	CAD1.2	107	118	-	11.845
355	CAD1.2	344	355	-	12.544
382	CAD1.2	198	209	-	12.544
395	CAD1.2	116	127	-	13.183
37	CBF1	314	322	-	11.057
49	CBF1	471	479	+	11.057
64	CBF1	470	478	-	10.383
92	CBF1	345	353	+	10.385
124	CBF1	271	279	-	10.894
128	CBF1	197	205	-	10.383
135	CBF1	305	313	+	10.385
135	CBF1	471	479	+	11.057
183	CBF1	292	300	+	10.383
184	CBF1	17	25	-	10.546
184	CBF1	345	353	-	10.383
195	CBF1	210	218	+	10.894
220	CBF1	395	403	-	10.385
221	CBF1	150	158	+	10.385
239	CBF1	259	267	-	10.503
245	CBF1	198	206	-	10.546
318	CBF1	424	432	-	10.383
319	CBF1	359	367	+	10.385
372	CBF1	126	134	+	10.546
380	CBF1	107	115	-	10.383
385	CBF1	61	69	-	10.667
390	CBF1	187	195	+	10.383
0	CEP3	8	16	-	13.296
21	CEP3	323	331	+	13.296
40	CEP3	130	138	-	13.296
48	CEP3	243	251	+	13.296
62	CEP3	41	49	-	13.321
64	CEP3	302	310	+	13.296
71	CEP3	55	63	-	13.296
83	CEP3	490	498	+	13.07
85	CEP3	18	26	-	13.296
85	CEP3	317	325	-	13.321
111	CEP3	338	346	+	13.296
123	CEP3	141	149	-	13.296
160	CEP3	211	219	-	13.296
161	CEP3	20	28	+	13.296
162	CEP3	241	249	+	13.296
167	CEP3	63	71	-	13.321
181	CEP3	489	497	-	13.321
182	CEP3	208	216	+	13.321
194	CEP3	142	150	+	13.296
195	CEP3	397	405	+	13.296
213	CEP3	85	93	-	13.296
213	CEP3	188	196	-	13.296
214	CEP3	64	72	+	13.296
233	CEP3	19	27	+	13.321
242	CEP3	103	111	+	13.07
260	CEP3	157	165	+	13.296
261	CEP3	8	16	-	13.296
263	CEP3	62	70	+	13.296
265	CEP3	3	11	+	13.296
279	CEP3	410	418	+	13.296
325	CEP3	379	387	+	13.07
363	CEP3	56	64	-	13.321
366	CEP3	443	451	-	13.296
378	CEP3	485	493	+	13.296
2	CHA4	32	42	-	11.188
5	CHA4	273	283	-	10.296
8	CHA4	309	319	+	9.779
9	CHA4	232	242	-	9.876
9	CHA4	273	283	+	10.679
22	CHA4	208	218	+	10.768
22	CHA4	216	226	-	9.725
32	CHA4	316	326	-	9.911
34	CHA4	180	190	-	9.821
64	CHA4	256	266	+	9.731
69	CHA4	197	207	+	10.23
69	CHA4	263	273	+	9.974
72	CHA4	47	57	+	9.822
83	CHA4	266	276	+	10.238
136	CHA4	200	210	-	10.377
136	CHA4	328	338	-	10.498
166	CHA4	5	15	-	9.857
166	CHA4	48	58	-	10.066
167	CHA4	365	375	-	10.669
170	CHA4	235	245	-	10.42
188	CHA4	421	431	+	9.951
196	CHA4	8	18	-	10.238
196	CHA4	376	386	+	10.19
197	CHA4	210	220	-	10.19
206	CHA4	123	133	+	9.689
235	CHA4	423	433	-	10.119
260	CHA4	374	384	+	10.011
275	CHA4	77	87	-	10.198
281	CHA4	337	347	-	10.495
295	CHA4	93	103	+	10.495
296	CHA4	97	107	-	10.495
304	CHA4	79	89	+	9.765
308	CHA4	2	12	-	10.252
335	CHA4	468	478	+	10.291
345	CHA4	273	283	-	10.296
380	CHA4	455	465	-	9.725
0	CIN5	204	212	-	12.152
1	CIN5	219	227	-	13.666
5	CIN5	147	155	+	12.152
18	CIN5	248	256	+	13.453
33	CIN5	70	78	+	12.152
60	CIN5	34	42	+	13.666
86	CIN5	429	437	+	12.152
87	CIN5	183	191	+	11.939
93	CIN5	166	174	-	12.152
100	CIN5	439	447	+	11.939
117	CIN5	252	260	-	13.666
123	CIN5	108	116	-	12.152
150	CIN5	432	440	+	11.939
229	CIN5	165	173	+	13.666
230	CIN5	447	455	+	13.666
251	CIN5	196	204	-	13.666
261	CIN5	204	212	-	12.152
277	CIN5	169	177	+	12.152
281	CIN5	225	233	-	12.152
341	CIN5	166	174	-	12.152
345	CIN5	147	155	+	12.152
346	CIN5	285	293	+	11.939
380	CIN5	423	431	+	12.152
392	CIN5	53	61	+	12.152
0	COM2	106	115	+	13.482
25	COM2	218	227	-	14.269
58	COM2	287	296	+	14.269
71	COM2	179	188	-	14.076
82	COM2	89	98	-	13.482
84	COM2	191	200	-	12.96
123	COM2	178	187	-	13.585
132	COM2	29	38	+	14.435
198	COM2	142	151	-	12.857
199	COM2	65	74	+	12.857
225	COM2	5	14	-	12.952
260	COM2	58	67	-	13.482
261	COM2	106	115	+	13.482
284	COM2	418	427	+	15.702
290	COM2	259	268	-	13.442
291	COM2	287	296	+	13.442
323	COM2	351	360	+	13.319
359	COM2	266	275	-	13.758
9	CRZ1	272	281	+	12.899
30	CRZ1	408	417	+	11.852
63	CRZ1	66	75	+	12.579
92	CRZ1	316	325	-	12.204
107	CRZ1	278	287	-	11.989
111	CRZ1	316	325	-	12.63
175	CRZ1	18	27	-	11.833
204	CRZ1	101	110	+	11.989
206	CRZ1	146	155	-	13.275
208	CRZ1	64	73	-	12.057
211	CRZ1	371	380	-	12.066
212	CRZ1	462	471	+	11.967
235	CRZ1	23	32	-	12.428
235	CRZ1	285	294	+	12.63
245	CRZ1	475	484	-	13.018
257	CRZ1	358	367	-	12.984
272	CRZ1	77	86	+	12.226
272	CRZ1	96	105	+	12.07
292	CRZ1	439	448	-	11.838
293	CRZ1	111	120	+	11.838
336	CRZ1	285	294	-	13.915
390	CRZ1	338	347	+	12.066
14	CST6	227	236	+	13.168
27	CST6	36	45	-	11.548
27	CST6	145	154	+	12.131
52	CST6	367	376	-	13.053
61	CST6	176	185	+	12.331
64	CST6	319	328	+	13.41
85	CST6	99	108	+	11.838
92	CST6	274	283	-	11.838
124	CST6	122	131	+	13.168
159	CST6	154	163	+	11.586
161	CST6	292	301	-	15.03
161	CST6	410	419	-	13.168
162	CST6	348	357	+	13.168
162	CST6	466	475	+	15.03
167	CST6	387	396	-	12.527
197	CST6	69	78	+	14.447
208	CST6	254	263	-	12.533
209	CST6	448	457	+	12.533
215	CST6	483	492	-	12.331
227	CST6	209	218	-	13.168
259	CST6	1	10	-	11.774
334	CST6	185	194	+	13.168
335	CST6	260	269	-	13.168
359	CST6	292	301	-	11.774
366	CST6	236	245	+	13.11
368	CST6	218	227	-	13.41
392	CST6	8	17	+	13.053
8	CUP9	314	324	+	11.092
12	CUP9	213	223	+	11.765
20	CUP9	314	324	-	11.292
38	CUP9	258	268	+	11.367
93	CUP9	125	135	+	13.766
106	CUP9	316	326	-	11.61
170	CUP9	168	178	-	11.844
198	CUP9	468	478	-	11.66
251	CUP9	159	169	-	13.105
274	CUP9	117	127	-	10.896
275	CUP9	271	281	-	10.946
276	CUP9	312	322	+	10.946
295	CUP9	184	194	+	10.991
296	CUP9	6	16	-	10.991
309	CUP9	95	105	+	12.421
312	CUP9	214	224	+	11.036
330	CUP9	160	170	+	11.27
366	CUP9	397	407	+	11.811
378	CUP9	60	70	-	11.61
378	CUP9	104	114	-	12.348
379	CUP9	0	10	+	11.61
2	DAL82	228	238	+	13.961
86	DAL82	246	256	+	12.766
113	DAL82	119	129	+	12.618
114	DAL82	275	285	+	12.044
127	DAL82	288	298	-	12.766
134	DAL82	389	399	-	11.701
150	DAL82	357	367	+	13.495
220	DAL82	232	242	-	12.363
221	DAL82	311	321	+	12.363
238	DAL82	73	83	+	12.766
243	DAL82	139	149	+	11.518
272	DAL82	112	122	+	11.843
292	DAL82	127	137	+	13.236
293	DAL82	422	432	-	13.236
338	DAL82	287	297	-	13.469
366	DAL82	51	61	+	12.678
373	DAL82	249	259	+	11.946
378	DAL82	128	138	-	12.835
388	DAL82	243	253	-	12.598
396	DAL82	175	185	-	11.701
43	DOT6	4	14	+	10.871
59	DOT6	188	198	-	10.946
65	DOT6	73	83	-	11.519
70	DOT6	69	79	+	10.864
99	DOT6	230	240	+	10.871
101	DOT6	277	287	+	10.97
114	DOT6	190	200	+	10.985
118	DOT6	472	482	-	11.833
130	DOT6	425	435	-	11.1
135	DOT6	96	106	+	11.409
144	DOT6	481	491	-	11.784
171	DOT6	6	16	-	12.126
175	DOT6	312	322	-	11.436
176	DOT6	303	313	+	11.436
192	DOT6	229	239	-	11.292
196	DOT6	237	247	-	11.016
197	DOT6	349	359	+	11.016
205	DOT6	24	34	-	10.935
207	DOT6	242	252	-	11.328
211	DOT6	264	274	+	11.292
263	DOT6	149	159	-	11.956
358	DOT6	32	42	-	11.005
363	DOT6	401	411	-	10.772
385	DOT6	83	93	-	11.79
385	DOT6	224	234	+	10.74
395	DOT6	163	173	-	10.772
0	ECM22.1	215	225	+	8.561
12	ECM22.1	210	220	-	8.268
45	ECM22.1	226	236	-	8.533
52	ECM22.1	108	118	-	8.533
52	ECM22.1	137	147	+	8.533
60	ECM22.1	190	200	+	8.338
64	ECM22.1	270	280	-	9.343
80	ECM22.1	225	235	+	9.027
84	ECM22.1	192	202	+	8.386
96	ECM22.1	294	304	+	8.268
97	ECM22.1	251	261	+	8.28
97	ECM22.1	262	272	-	9.286
122	ECM22.1	102	112	+	8.533
167	ECM22.1	64	74	-	8.297
194	ECM22.1	68	78	+	8.65
225	ECM22.1	62	72	+	8.84
235	ECM22.1	23	33	-	8.492
237	ECM22.1	122	132	+	8.498
242	ECM22.1	100	110	+	8.555
259	ECM22.1	279	289	+	8.512
261	ECM22.1	215	225	+	8.561
275	ECM22.1	62	72	+	8.898
275	ECM22.1	352	362	+	8.699
276	ECM22.1	231	241	-	8.699
297	ECM22.1	315	325	-	8.282
351	ECM22.1	170	180	-	8.32
363	ECM22.1	57	67	-	8.555
367	ECM22.1	264	274	-	8.262
377	ECM22.1	314	324	+	8.44
389	ECM22.1	298	308	+	8.44
16	ECM22.2	458	476	-	12.79
25	ECM22.2	409	427	-	12.937
39	ECM22.2	86	104	-	14.587
52	ECM22.2	139	157	+	17.737
64	ECM22.2	248	266	+	14.189
77	ECM22.2	330	348	-	12.294
80	ECM22.2	253	271	+	12.483
136	ECM22.2	131	149	-	12.233
170	ECM22.2	226	244	-	12.512
199	ECM22.2	464	482	-	12.649
212	ECM22.2	87	105	+	11.771
245	ECM22.2	375	393	+	13.291
253	ECM22.2	199	217	-	13.488
258	ECM22.2	9	27	-	11.548
296	ECM22.2	476	494	-	12.328
331	ECM22.2	24	42	+	11.561
395	ECM22.2	54	72	-	20.066
28	EDS1	56	67	-	13.429
53	EDS1	314	325	+	16.039
84	EDS1	104	115	-	13.672
86	EDS1	66	77	+	13.884
87	EDS1	280	291	-	14.964
96	EDS1	280	291	-	14.382
108	EDS1	138	149	+	14.208
167	EDS1	59	70	-	14.686
175	EDS1	274	285	+	12.808
176	EDS1	340	351	-	12.808
178	EDS1	351	362	-	14.964
194	EDS1	143	154	+	12.752
207	EDS1	356	367	-	13.429
210	EDS1	322	333	-	13.029
212	EDS1	144	155	-	15.302
224	EDS1	463	474	-	14.105
245	EDS1	84	95	+	12.724
252	EDS1	205	216	-	13.462
300	EDS1	77	88	-	14.208
311	EDS1	100	111	+	12.935
334	EDS1	481	492	-	13.079
340	EDS1	199	210	-	13.884
377	EDS1	318	329	+	12.508
387	EDS1	298	309	-	13.959
9	FHL1	98	108	-	8.213
16	FHL1	11	21	+	8.574
17	FHL1	244	254	-	8.574
31	FHL1	97	107	+	8.33
37	FHL1	279	289	+	8.312
38	FHL1	147	157	-	8.217
82	FHL1	182	192	-	8.213
82	FHL1	354	364	+	8.08
130	FHL1	152	162	-	8.1
168	FHL1	474	484	-	8.321
179	FHL1	274	284	-	8.2
194	FHL1	167	177	+	8.18
199	FHL1	451	461	-	8.297
208	FHL1	169	179	+	8.465
217	FHL1	402	412	-	8.33
238	FHL1	449	459	+	8.2
252	FHL1	84	94	-	8.318
252	FHL1	92	102	-	8.457
263	FHL1	287	297	+	8.217
264	FHL1	406	416	-	8.217
284	FHL1	426	436	-	8.589
294	FHL1	374	384	-	8.332
307	FHL1	363	373	-	8.65
311	FHL1	10	20	-	8.689
321	FHL1	228	238	+	8.233
29	FKH2	81	101	+	16.291
53	FKH2	299	319	+	16.002
55	FKH2	428	448	+	13.455
67	FKH2	419	439	+	16.429
73	FKH2	405	425	+	14.187
75	FKH2	25	45	+	13.752
78	FKH2	74	94	-	13.814
108	FKH2	426	446	+	12.613
116	FKH2	340	360	-	14.967
140	FKH2	107	127	+	12.741
159	FKH2	469	489	-	14.053
170	FKH2	419	439	+	13.725
191	FKH2	393	413	-	15.651
204	FKH2	212	232	-	14.679
205	FKH2	417	437	+	14.679
210	FKH2	125	145	+	13.182
228	FKH2	407	427	-	16.607
266	FKH2	212	232	+	12.299
307	FKH2	436	456	+	12.557
320	FKH2	26	46	-	12.573
346	FKH2	255	275	+	12.477
351	FKH2	148	168	+	12.521
362	FKH2	333	353	-	13.681
372	FKH2	416	436	+	13.465
378	FKH2	42	62	-	15.525
379	FKH2	8	28	+	15.525
389	FKH2	63	83	+	13.118
390	FKH2	93	113	-	13.118
1	GAL4.1	56	66	-	9.53
9	GAL4.1	133	143	+	9.254
9	GAL4.1	257	267	+	9.596
27	GAL4.1	303	313	-	9.407
40	GAL4.1	337	347	+	9.377
53	GAL4.1	468	478	-	9.151
63	GAL4.1	170	180	+	9.292
63	GAL4.1	216	226	-	10.14
93	GAL4.1	119	129	+	9.65
100	GAL4.1	143	153	-	9.496
113	GAL4.1	188	198	+	9.852
114	GAL4.1	229	239	+	9.227
122	GAL4.1	106	116	+	9.467
131	GAL4.1	128	138	+	9.356
148	GAL4.1	258	268	+	9.542
156	GAL4.1	374	384	-	9.274
194	GAL4.1	105	115	-	9.852
194	GAL4.1	398	408	-	9.221
195	GAL4.1	353	363	-	9.522
196	GAL4.1	88	98	-	9.507
228	GAL4.1	102	112	+	10.698
236	GAL4.1	197	207	+	9.664
284	GAL4.1	70	80	-	9.982
295	GAL4.1	167	177	+	10.283
296	GAL4.1	23	33	-	10.283
357	GAL4.1	184	194	+	9.254
388	GAL4.1	359	369	-	10.212
391	GAL4.1	341	351	+	9.194
0	GAL4.2	419	436	-	12.58
9	GAL4.2	343	360	+	11.71
20	GAL4.2	453	470	+	12.718
31	GAL4.2	441	458	-	13.63
36	GAL4.2	442	459	-	11.745
50	GAL4.2	229	246	-	13.222
52	GAL4.2	67	84	-	13.332
88	GAL4.2	166	183	-	13.072
92	GAL4.2	150	167	-	14.325
93	GAL4.2	421	438	-	14.204
100	GAL4.2	135	152	-	15.883
115	GAL4.2	418	435	-	14.887
118	GAL4.2	235	252	-	14.717
136	GAL4.2	299	316	+	13.292
143	GAL4.2	175	192	+	12.677
162	GAL4.2	72	89	-	12.285
163	GAL4.2	483	500	-	12.285
168	GAL4.2	244	261	+	11.886
175	GAL4.2	6	23	-	15.036
203	GAL4.2	266	283	+	11.74
207	GAL4.2	76	93	+	12.956
227	GAL4.2	357	374	+	11.638
245	GAL4.2	79	96	-	12.251
261	GAL4.2	419	436	-	12.58
277	GAL4.2	155	172	-	16.258
283	GAL4.2	68	85	+	13.824
285	GAL4.2	252	269	+	12.789
332	GAL4.2	459	476	-	14.681
384	GAL4.2	201	218	+	11.711
390	GAL4.2	163	180	-	13.415
390	GAL4.2	337	354	+	14.553
5	GCR1	246	253	+	11.457
15	GCR1	289	296	-	12.097
19	GCR1	160	167	+	11.457
25	GCR1	8	15	+	11.457
32	GCR1	300	307	+	11.457
33	GCR1	236	243	-	11.457
38	GCR1	293	300	+	11.457
68	GCR1	236	243	+	11.457
73	GCR1	140	147	-	12.097
76	GCR1	44	51	-	11.457
80	GCR1	173	180	+	12.097
83	GCR1	352	359	-	11.457
88	GCR1	293	300	-	11.457
94	GCR1	62	69	-	12.097
111	GCR1	154	161	-	11.457
117	GCR1	358	365	-	12.097
129	GCR1	103	110	-	11.457
139	GCR1	138	145	+	12.097
139	GCR1	489	496	+	11.457
140	GCR1	309	316	-	11.457
141	GCR1	106	113	+	11.457
146	GCR1	59	66	+	12.097
164	GCR1	326	333	-	12.097
175	GCR1	226	233	-	11.457
176	GCR1	392	399	+	11.457
177	GCR1	397	404	+	11.457
187	GCR1	76	83	+	11.457
198	GCR1	166	173	-	11.457
198	GCR1	347	354	+	11.457
199	GCR1	43	50	+	11.457
201	GCR1	390	397	-	12.097
212	GCR1	286	293	+	12.097
222	GCR1	480	487	-	12.097
262	GCR1	236	243	+	11.457
270	GCR1	304	311	+	11.457
272	GCR1	46	53	+	11.457
272	GCR1	405	412	-	11.457
309	GCR1	71	78	-	11.457
334	GCR1	47	54	-	11.457
335	GCR1	400	407	+	11.457
341	GCR1	1	8	+	11.457
344	GCR1	52	59	-	11.457
345	GCR1	246	253	+	11.457
370	GCR1	188	195	-	11.457
371	GCR1	228	235	+	11.457
395	GCR1	130	137	-	11.457
25	GIS1	218	227	-	13.992
58	GIS1	287	296	+	13.992
68	GIS1	90	99	-	12.499
71	GIS1	179	188	-	12.803
84	GIS1	191	200	-	14.25
88	GIS1	311	320	+	12.626
117	GIS1	195	204	+	13.364
123	GIS1	178	187	-	12.721
140	GIS1	118	127	+	12.853
146	GIS1	184	193	+	12.677
167	GIS1	65	74	+	14.057
198	GIS1	142	151	-	13.555
199	GIS1	65	74	+	13.555
218	GIS1	382	391	-	14.168
219	GIS1	228	237	+	14.168
259	GIS1	99	108	+	13.372
280	GIS1	29	38	+	12.742
284	GIS1	418	427	+	14.117
323	GIS1	351	360	+	13.166
324	GIS1	90	99	+	12.517
0	GLN3	182	187	+	8.694
0	GLN3	427	432	+	8.694
1	GLN3	73	78	+	8.694
2	GLN3	442	447	+	8.694
4	GLN3	54	59	+	8.694
4	GLN3	123	128	+	8.694
8	GLN3	408	413	+	8.694
8	GLN3	428	433	+	8.694
9	GLN3	429	434	+	8.694
11	GLN3	275	280	+	8.694
11	GLN3	484	489	+	8.694
17	GLN3	86	91	+	8.694
19	GLN3	105	110	+	8.694
20	GLN3	474	479	+	8.694
22	GLN3	28	33	+	8.694
30	GLN3	423	428	+	8.694
33	GLN3	130	135	+	8.694
36	GLN3	270	275	+	8.694
38	GLN3	237	242	+	8.694
44	GLN3	340	345	+	8.694
45	GLN3	434	439	+	8.694
47	GLN3	283	288	+	8.694
48	GLN3	85	90	+	8.694
50	GLN3	428	433	+	8.694
51	GLN3	489	494	+	8.694
56	GLN3	239	244	+	8.694
58	GLN3	366	371	+	8.694
58	GLN3	475	480	+	8.694
60	GLN3	59	64	+	8.694
62	GLN3	362	367	+	8.694
63	GLN3	80	85	+	8.694
64	GLN3	352	357	+	8.694
65	GLN3	134	139	+	8.694
67	GLN3	420	425	+	8.694
68	GLN3	139	144	+	8.694
69	GLN3	17	22	+	8.694
69	GLN3	94	99	+	8.694
74	GLN3	125	130	+	8.694
77	GLN3	153	158	+	8.694
78	GLN3	239	244	+	8.694
78	GLN3	326	331	+	8.694
79	GLN3	108	113	+	8.694
80	GLN3	61	66	+	8.694
83	GLN3	438	443	+	8.694
84	GLN3	115	120	+	8.694
84	GLN3	442	447	+	8.694
85	GLN3	111	116	+	8.694
85	GLN3	293	298	+	8.694
86	GLN3	88	93	+	8.694
87	GLN3	69	74	+	8.694
87	GLN3	431	436	+	8.694
88	GLN3	86	91	+	8.694
89	GLN3	67	72	+	8.694
90	GLN3	393	398	+	8.694
93	GLN3	15	20	+	8.694
96	GLN3	234	239	+	8.694
99	GLN3	212	217	+	8.694
105	GLN3	391	396	+	8.694
106	GLN3	145	150	+	8.694
106	GLN3	226	231	+	8.694
106	GLN3	417	422	+	8.694
107	GLN3	297	302	+	8.694
112	GLN3	1	6	+	8.694
112	GLN3	410	415	+	8.694
114	GLN3	434	439	+	8.694
115	GLN3	199	204	+	8.694
116	GLN3	245	250	+	8.694
120	GLN3	80	85	+	8.694
126	GLN3	95	100	+	8.694
131	GLN3	421	426	+	8.694
132	GLN3	185	190	+	8.694
134	GLN3	433	438	+	8.694
134	GLN3	442	447	+	8.694
140	GLN3	104	109	+	8.694
140	GLN3	125	130	+	8.694
140	GLN3	470	475	+	8.694
142	GLN3	160	165	+	8.694
142	GLN3	474	479	+	8.694
144	GLN3	146	151	+	8.694
145	GLN3	451	456	+	8.694
147	GLN3	327	332	+	8.694
148	GLN3	245	250	+	8.694
148	GLN3	465	470	+	8.694
149	GLN3	369	374	+	8.694
151	GLN3	165	170	+	8.694
152	GLN3	257	262	+	8.694
153	GLN3	57	62	+	8.694
153	GLN3	403	408	+	8.694
157	GLN3	147	152	+	8.694
160	GLN3	495	500	+	8.694
162	GLN3	25	30	+	8.694
163	GLN3	436	441	+	8.694
164	GLN3	446	451	+	8.694
168	GLN3	119	124	+	8.694
170	GLN3	97	102	+	8.694
172	GLN3	276	281	+	8.694
172	GLN3	286	291	+	8.694
173	GLN3	494	499	+	8.694
179	GLN3	2	7	+	8.694
180	GLN3	266	271	+	8.694
181	GLN3	439	444	+	8.694
182	GLN3	15	20	+	8.694
184	GLN3	197	202	+	8.694
185	GLN3	346	351	+	8.694
191	GLN3	33	38	+	8.694
192	GLN3	2	7	+	8.694
192	GLN3	209	214	+	8.694
193	GLN3	7	12	+	8.694
195	GLN3	23	28	+	8.694
201	GLN3	329	334	+	8.694
206	GLN3	431	436	+	8.694
207	GLN3	438	443	+	8.694
212	GLN3	125	130	+	8.694
212	GLN3	306	311	+	8.694
212	GLN3	369	374	+	8.694
214	GLN3	106	111	+	8.694
214	GLN3	271	276	+	8.694
216	GLN3	149	154	+	8.694
218	GLN3	50	55	+	8.694
221	GLN3	307	312	+	8.694
226	GLN3	80	85	+	8.694
226	GLN3	403	408	+	8.694
228	GLN3	342	347	+	8.694
229	GLN3	430	435	+	8.694
231	GLN3	359	364	+	8.694
234	GLN3	40	45	+	8.694
234	GLN3	254	259	+	8.694
235	GLN3	94	99	+	8.694
235	GLN3	395	400	+	8.694
235	GLN3	409	414	+	8.694
239	GLN3	451	456	+	8.694
242	GLN3	71	76	+	8.694
244	GLN3	122	127	+	8.694
244	GLN3	189	194	+	8.694
245	GLN3	87	92	+	8.694
245	GLN3	436	441	+	8.694
246	GLN3	25	30	+	8.694
249	GLN3	382	387	+	8.694
252	GLN3	282	287	+	8.694
254	GLN3	266	271	+	8.694
256	GLN3	127	132	+	8.694
257	GLN3	246	251	+	8.694
257	GLN3	406	411	+	8.694
258	GLN3	192	197	+	8.694
260	GLN3	260	265	+	8.694
260	GLN3	367	372	+	8.694
261	GLN3	182	187	+	8.694
261	GLN3	427	432	+	8.694
268	GLN3	395	400	+	8.694
273	GLN3	304	309	+	8.694
274	GLN3	69	74	+	8.694
274	GLN3	320	325	+	8.694
275	GLN3	364	369	+	8.694
276	GLN3	162	167	+	8.694
276	GLN3	306	311	+	8.694
281	GLN3	159	164	+	8.694
281	GLN3	389	394	+	8.694
281	GLN3	451	456	+	8.694
283	GLN3	460	465	+	8.694
290	GLN3	470	475	+	8.694
291	GLN3	75	80	+	8.694
292	GLN3	170	175	+	8.694
292	GLN3	400	405	+	8.694
294	GLN3	462	467	+	8.694
297	GLN3	168	173	+	8.694
303	GLN3	266	271	+	8.694
305	GLN3	177	182	+	8.694
305	GLN3	437	442	+	8.694
306	GLN3	71	76	+	8.694
308	GLN3	466	471	+	8.694
310	GLN3	250	255	+	8.694
311	GLN3	103	108	+	8.694
312	GLN3	408	413	+	8.694
313	GLN3	393	398	+	8.694
314	GLN3	92	97	+	8.694
315	GLN3	260	265	+	8.694
318	GLN3	70	75	+	8.694
318	GLN3	89	94	+	8.694
318	GLN3	132	137	+	8.694
318	GLN3	222	227	+	8.694
318	GLN3	228	233	+	8.694
318	GLN3	239	244	+	8.694
318	GLN3	455	460	+	8.694
319	GLN3	8	13	+	8.694
321	GLN3	492	497	+	8.694
322	GLN3	112	117	+	8.694
324	GLN3	31	36	+	8.694
324	GLN3	167	172	+	8.694
326	GLN3	456	461	+	8.694
328	GLN3	54	59	+	8.694
328	GLN3	123	128	+	8.694
330	GLN3	99	104	+	8.694
331	GLN3	427	432	+	8.694
333	GLN3	109	114	+	8.694
336	GLN3	355	360	+	8.694
339	GLN3	169	174	+	8.694
342	GLN3	232	237	+	8.694
344	GLN3	443	448	+	8.694
346	GLN3	254	259	+	8.694
346	GLN3	260	265	+	8.694
349	GLN3	38	43	+	8.694
349	GLN3	111	116	+	8.694
349	GLN3	304	309	+	8.694
351	GLN3	218	223	+	8.694
352	GLN3	93	98	+	8.694
354	GLN3	62	67	+	8.694
355	GLN3	490	495	+	8.694
358	GLN3	214	219	+	8.694
360	GLN3	270	275	+	8.694
360	GLN3	345	350	+	8.694
364	GLN3	181	186	+	8.694
366	GLN3	468	473	+	8.694
369	GLN3	108	113	+	8.694
369	GLN3	146	151	+	8.694
371	GLN3	434	439	+	8.694
372	GLN3	482	487	+	8.694
375	GLN3	42	47	+	8.694
377	GLN3	85	90	+	8.694
383	GLN3	0	5	+	8.694
384	GLN3	323	328	+	8.694
384	GLN3	399	404	+	8.694
387	GLN3	144	149	+	8.694
388	GLN3	347	352	+	8.694
389	GLN3	458	463	+	8.694
393	GLN3	242	247	+	8.694
394	GLN3	427	432	+	8.694
0	GZF3	103	113	+	9.057
0	GZF3	179	189	+	8.894
20	GZF3	471	481	+	8.847
25	GZF3	268	278	-	9.46
31	GZF3	310	320	-	8.789
73	GZF3	297	307	+	8.928
83	GZF3	435	445	+	9.446
136	GZF3	324	334	-	9.463
152	GZF3	24	34	-	9.354
191	GZF3	30	40	+	9.446
214	GZF3	303	313	-	8.951
234	GZF3	37	47	+	9.261
260	GZF3	60	70	-	9.057
261	GZF3	103	113	+	9.057
261	GZF3	179	189	+	8.894
277	GZF3	434	444	-	9.282
338	GZF3	477	487	-	8.73
350	GZF3	329	339	-	8.763
359	GZF3	411	421	-	9.673
369	GZF3	105	115	+	8.73
103	HAC1	181	193	-	11.0
115	HAC1	176	188	+	11.599
117	HAC1	217	229	+	11.461
119	HAC1	268	280	-	11.943
136	HAC1	104	116	+	11.39
179	HAC1	40	52	+	13.408
179	HAC1	414	426	+	13.278
180	HAC1	93	105	-	13.408
181	HAC1	453	465	+	11.019
182	HAC1	240	252	-	11.019
190	HAC1	445	457	+	11.976
196	HAC1	73	85	-	12.01
272	HAC1	119	131	-	15.622
273	HAC1	344	356	-	11.859
278	HAC1	134	146	-	11.019
311	HAC1	339	351	-	11.624
312	HAC1	120	132	+	11.537
313	HAC1	24	36	-	11.537
319	HAC1	334	346	-	11.034
321	HAC1	200	212	+	12.484
323	HAC1	77	89	+	12.15
324	HAC1	414	426	+	12.15
329	HAC1	348	360	+	13.454
332	HAC1	434	446	+	12.15
358	HAC1	279	291	-	11.065
2	HAL9.1	32	42	-	8.947
5	HAL9.1	273	283	-	9.767
8	HAL9.1	309	319	+	8.961
22	HAL9.1	208	218	+	9.879
53	HAL9.1	23	33	+	8.979
72	HAL9.1	47	57	+	9.781
110	HAL9.1	267	277	-	8.942
136	HAL9.1	200	210	-	9.214
136	HAL9.1	328	338	-	8.918
137	HAL9.1	43	53	+	9.255
140	HAL9.1	9	19	-	9.208
157	HAL9.1	167	177	-	9.134
166	HAL9.1	5	15	-	8.968
235	HAL9.1	423	433	-	9.071
251	HAL9.1	198	208	+	9.004
260	HAL9.1	374	384	+	9.05
275	HAL9.1	77	87	-	9.237
290	HAL9.1	247	257	+	8.936
291	HAL9.1	298	308	-	8.936
304	HAL9.1	79	89	+	9.277
307	HAL9.1	268	278	+	9.036
307	HAL9.1	312	322	-	9.088
316	HAL9.1	404	414	-	9.047
335	HAL9.1	468	478	+	9.129
345	HAL9.1	273	283	-	9.767
346	HAL9.1	328	338	+	9.154
395	HAL9.1	54	64	-	8.964
0	HAL9.2	127	145	-	11.913
44	HAL9.2	417	435	-	13.823
56	HAL9.2	136	154	-	12.303
63	HAL9.2	277	295	+	12.074
66	HAL9.2	70	88	+	13.521
67	HAL9.2	181	199	-	13.521
98	HAL9.2	256	274	+	13.365
110	HAL9.2	453	471	-	11.918
111	HAL9.2	204	222	-	12.295
113	HAL9.2	187	205	+	11.81
149	HAL9.2	455	473	+	13.906
157	HAL9.2	340	358	-	13.692
163	HAL9.2	72	90	-	13.869
168	HAL9.2	302	320	+	13.285
195	HAL9.2	46	64	+	13.029
212	HAL9.2	400	418	+	11.815
214	HAL9.2	455	473	-	15.723
219	HAL9.2	26	44	-	14.663
231	HAL9.2	129	147	+	12.56
236	HAL9.2	0	18	-	13.188
237	HAL9.2	65	83	+	16.382
254	HAL9.2	479	497	-	12.675
259	HAL9.2	98	116	-	15.275
260	HAL9.2	28	46	+	11.913
261	HAL9.2	127	145	-	11.913
307	HAL9.2	257	275	+	14.954
333	HAL9.2	105	123	+	11.907
342	HAL9.2	364	382	+	12.444
372	HAL9.2	0	18	+	11.992
384	HAL9.2	387	405	-	11.925
394	HAL9.2	55	73	-	13.337
395	HAL9.2	481	499	-	13.337
53	HAP1	3	16	+	12.022
55	HAP1	443	456	-	11.214
92	HAP1	104	117	+	11.099
123	HAP1	375	388	+	11.079
127	HAP1	443	456	-	11.214
175	HAP1	65	78	+	12.38
201	HAP1	271	284	-	13.62
228	HAP1	474	487	+	13.802
234	HAP1	367	380	+	11.048
239	HAP1	443	456	-	13.04
245	HAP1	386	399	+	14.709
246	HAP1	412	425	-	11.027
262	HAP1	89	102	+	12.209
272	HAP1	193	206	-	12.301
272	HAP1	347	360	-	12.742
290	HAP1	385	398	+	10.946
291	HAP1	157	170	-	10.946
294	HAP1	397	410	+	11.99
349	HAP1	30	43	-	13.005
370	HAP1	465	478	+	11.104
26	HAP4	297	312	+	11.694
34	HAP4	177	192	+	15.84
51	HAP4	183	198	+	12.528
73	HAP4	268	283	+	14.008
91	HAP4	122	137	+	12.303
97	HAP4	241	256	+	15.632
97	HAP4	250	265	-	11.212
99	HAP4	263	278	+	14.176
121	HAP4	141	156	+	13.17
122	HAP4	74	89	-	12.205
123	HAP4	283	298	-	12.587
182	HAP4	122	137	+	13.674
192	HAP4	26	41	-	11.983
195	HAP4	188	203	+	14.882
207	HAP4	251	266	+	16.92
225	HAP4	236	251	-	13.095
236	HAP4	78	93	-	11.754
240	HAP4	45	60	-	11.235
254	HAP4	206	221	+	12.619
281	HAP4	334	349	+	12.81
306	HAP4	453	468	-	11.246
316	HAP4	151	166	+	14.834
317	HAP4	65	80	-	14.834
350	HAP4	329	344	-	14.987
395	HAP4	51	66	+	12.363
11	HCM1	105	113	+	10.711
20	HCM1	86	94	+	10.711
26	HCM1	78	86	-	10.711
51	HCM1	24	32	-	10.711
72	HCM1	1	9	+	10.711
77	HCM1	381	389	+	10.711
78	HCM1	80	88	-	10.711
79	HCM1	435	443	+	10.711
84	HCM1	430	438	+	10.711
90	HCM1	17	25	-	10.711
91	HCM1	415	423	+	10.711
116	HCM1	346	354	-	10.711
116	HCM1	374	382	-	10.711
127	HCM1	74	82	-	10.711
134	HCM1	24	32	+	10.711
137	HCM1	212	220	+	10.711
159	HCM1	389	397	+	10.711
171	HCM1	429	437	+	10.711
314	HCM1	49	57	+	10.711
336	HCM1	356	364	+	10.711
342	HCM1	293	301	-	10.711
364	HCM1	309	317	+	10.711
365	HCM1	136	144	+	10.711
6	INO2	203	212	+	11.238
49	INO2	471	480	+	13.666
116	INO2	77	86	-	11.238
117	INO2	94	103	+	11.238
135	INO2	471	480	+	13.666
142	INO2	291	300	-	13.087
157	INO2	198	207	+	12.0
163	INO2	124	133	-	11.212
163	INO2	303	312	+	12.211
227	INO2	197	206	+	12.145
282	INO2	473	482	+	11.058
283	INO2	110	119	-	11.058
299	INO2	46	55	+	12.0
312	INO2	335	344	+	12.211
324	INO2	272	281	+	14.185
330	INO2	407	416	+	11.124
381	INO2	321	330	+	13.038
386	INO2	203	212	+	11.238
8	LEU3.2	446	456	-	11.262
52	LEU3.2	42	52	+	12.029
80	LEU3.2	148	158	-	11.676
140	LEU3.2	13	23	-	12.357
146	LEU3.2	146	156	+	12.739
146	LEU3.2	341	351	+	11.646
167	LEU3.2	66	76	-	11.271
179	LEU3.2	215	225	+	12.126
195	LEU3.2	253	263	-	11.397
207	LEU3.2	237	247	-	12.237
209	LEU3.2	155	165	+	11.527
223	LEU3.2	482	492	+	12.126
227	LEU3.2	78	88	+	11.458
235	LEU3.2	446	456	-	11.262
243	LEU3.2	326	336	+	11.144
258	LEU3.2	403	413	-	11.211
290	LEU3.2	135	145	+	11.263
291	LEU3.2	410	420	-	11.263
320	LEU3.2	191	201	+	11.909
13	LYS14.2	250	265	-	8.227
42	LYS14.2	134	149	+	12.017
58	LYS14.2	281	296	-	13.267
59	LYS14.2	74	89	-	15.376
78	LYS14.2	86	101	-	12.01
86	LYS14.2	307	322	+	8.965
90	LYS14.2	26	41	-	10.032
95	LYS14.2	245	260	+	9.045
172	LYS14.2	173	188	+	8.973
173	LYS14.2	391	406	+	8.973
210	LYS14.2	325	340	-	15.453
295	LYS14.2	302	317	-	16.089
301	LYS14.2	57	72	-	13.301
329	LYS14.2	113	128	-	11.911
362	LYS14.2	170	185	+	12.856
367	LYS14.2	156	171	-	12.755
45	MAC1	208	216	-	11.151
45	MAC1	249	257	-	15.661
45	MAC1	262	270	+	15.858
45	MAC1	277	285	-	13.311
57	MAC1	148	156	+	11.151
57	MAC1	154	162	-	15.661
62	MAC1	56	64	+	15.661
62	MAC1	274	282	+	11.348
63	MAC1	234	242	-	11.26
71	MAC1	166	174	+	15.661
77	MAC1	333	341	+	11.151
88	MAC1	320	328	-	11.348
96	MAC1	259	267	+	15.858
106	MAC1	156	164	+	12.986
120	MAC1	276	284	-	13.183
121	MAC1	306	314	+	11.151
122	MAC1	79	87	-	15.661
143	MAC1	366	374	+	11.156
173	MAC1	26	34	+	11.151
174	MAC1	364	372	-	11.151
235	MAC1	196	204	+	11.348
285	MAC1	386	394	+	11.156
326	MAC1	276	284	-	11.348
327	MAC1	66	74	+	11.348
338	MAC1	238	246	+	11.26
341	MAC1	223	231	-	11.151
366	MAC1	222	230	+	11.156
377	MAC1	492	500	+	11.151
9	MATALPHA2	315	321	+	9.632
11	MATALPHA2	249	255	-	9.632
16	MATALPHA2	317	323	-	9.632
19	MATALPHA2	210	216	-	9.632
19	MATALPHA2	280	286	+	9.632
19	MATALPHA2	282	288	-	9.632
21	MATALPHA2	203	209	+	9.632
21	MATALPHA2	281	287	-	9.632
31	MATALPHA2	349	355	-	9.632
51	MATALPHA2	215	221	+	9.632
51	MATALPHA2	304	310	-	9.632
52	MATALPHA2	228	234	+	9.632
73	MATALPHA2	295	301	-	9.632
74	MATALPHA2	3	9	-	9.632
75	MATALPHA2	250	256	-	9.632
93	MATALPHA2	1	7	-	9.632
94	MATALPHA2	324	330	+	9.632
95	MATALPHA2	208	214	+	9.632
105	MATALPHA2	144	150	-	9.632
121	MATALPHA2	255	261	-	9.632
135	MATALPHA2	192	198	-	9.632
136	MATALPHA2	264	270	+	9.632
136	MATALPHA2	266	272	-	9.632
137	MATALPHA2	125	131	-	9.632
142	MATALPHA2	127	133	+	9.632
155	MATALPHA2	361	367	+	9.632
176	MATALPHA2	58	64	+	9.632
206	MATALPHA2	42	48	+	9.632
225	MATALPHA2	279	285	-	9.632
241	MATALPHA2	415	421	-	9.632
290	MATALPHA2	480	486	+	9.632
291	MATALPHA2	69	75	-	9.632
304	MATALPHA2	63	69	+	9.632
304	MATALPHA2	142	148	+	9.632
305	MATALPHA2	105	111	+	9.632
313	MATALPHA2	291	297	+	9.632
320	MATALPHA2	200	206	-	9.632
355	MATALPHA2	459	465	-	9.632
358	MATALPHA2	209	215	-	9.632
361	MATALPHA2	339	345	+	9.632
366	MATALPHA2	57	63	-	9.632
368	MATALPHA2	175	181	+	9.632
378	MATALPHA2	176	182	-	9.632
37	MBP1	270	280	-	10.813
39	MBP1	159	169	-	12.086
40	MBP1	292	302	-	10.816
71	MBP1	306	316	+	10.884
95	MBP1	128	138	+	11.365
95	MBP1	242	252	-	11.523
104	MBP1	245	255	-	10.48
122	MBP1	187	197	+	10.813
195	MBP1	418	428	+	10.564
204	MBP1	429	439	-	10.435
205	MBP1	210	220	+	10.435
280	MBP1	53	63	-	10.189
284	MBP1	415	425	-	11.664
304	MBP1	61	71	+	11.395
305	MBP1	103	113	+	10.685
313	MBP1	289	299	+	10.489
394	MBP1	106	116	+	10.833
16	MCM1	203	223	+	13.332
17	MCM1	42	62	-	13.332
20	MCM1	333	353	+	12.17
20	MCM1	336	356	-	12.119
25	MCM1	188	208	-	12.132
33	MCM1	201	221	-	14.205
50	MCM1	205	225	-	12.571
100	MCM1	12	32	-	13.07
109	MCM1	302	322	+	13.99
109	MCM1	306	326	-	12.314
124	MCM1	217	237	-	12.81
149	MCM1	451	471	+	11.992
159	MCM1	46	66	+	12.126
167	MCM1	61	81	-	13.051
203	MCM1	216	236	-	13.558
227	MCM1	50	70	+	12.938
237	MCM1	164	184	-	15.933
274	MCM1	247	267	+	12.184
280	MCM1	185	205	+	12.047
288	MCM1	115	135	+	14.452
288	MCM1	116	136	+	15.906
338	MCM1	471	491	-	14.01
341	MCM1	380	400	+	12.491
370	MCM1	36	56	-	12.836
371	MCM1	367	387	+	12.836
380	MCM1	323	343	+	12.402
6	MET32	279	289	+	11.147
9	MET32	203	213	-	11.455
20	MET32	316	326	+	14.042
45	MET32	198	208	+	11.506
92	MET32	318	328	-	12.534
108	MET32	273	283	-	11.482
116	MET32	45	55	-	13.66
117	MET32	125	135	+	13.66
147	MET32	28	38	+	12.553
167	MET32	348	358	+	11.451
196	MET32	12	22	-	11.144
213	MET32	17	27	+	12.635
214	MET32	130	140	-	12.635
215	MET32	192	202	+	11.315
281	MET32	105	115	+	11.271
303	MET32	105	115	+	12.616
384	MET32	0	10	-	11.24
386	MET32	279	289	+	11.147
2	MIG1	64	74	+	8.935
34	MIG1	470	480	-	9.383
55	MIG1	204	214	+	9.984
83	MIG1	239	249	+	9.018
99	MIG1	158	168	+	9.018
116	MIG1	22	32	-	9.267
116	MIG1	306	316	+	8.964
117	MIG1	148	158	+	9.267
121	MIG1	74	84	+	8.966
121	MIG1	335	345	+	9.164
132	MIG1	5	15	-	9.996
170	MIG1	95	105	-	9.019
210	MIG1	102	112	+	8.953
212	MIG1	86	96	+	9.121
220	MIG1	238	248	+	9.019
221	MIG1	305	315	-	9.019
227	MIG1	64	74	-	9.069
242	MIG1	127	137	-	8.954
242	MIG1	291	301	+	9.142
251	MIG1	482	492	+	9.344
252	MIG1	280	290	-	9.344
302	MIG1	27	37	-	9.123
315	MIG1	243	253	-	9.121
371	MIG1	424	434	-	9.459
388	MIG1	4	14	+	9.67
2	MIG2	64	74	+	9.518
15	MIG2	10	20	+	10.036
34	MIG2	470	480	-	10.297
39	MIG2	460	470	-	9.597
55	MIG2	204	214	+	10.712
85	MIG2	268	278	-	9.68
116	MIG2	22	32	-	10.654
117	MIG2	148	158	+	10.654
118	MIG2	220	230	+	10.036
121	MIG2	335	345	+	9.962
132	MIG2	5	15	-	10.407
141	MIG2	163	173	+	9.585
178	MIG2	124	134	+	9.823
233	MIG2	436	446	-	9.487
288	MIG2	290	300	+	9.901
289	MIG2	46	56	+	9.901
302	MIG2	27	37	-	10.065
369	MIG2	299	309	+	9.703
371	MIG2	424	434	-	9.582
34	MIG3	469	479	-	9.082
55	MIG3	205	215	+	9.082
60	MIG3	127	137	+	8.735
99	MIG3	159	169	+	8.817
116	MIG3	21	31	-	9.082
117	MIG3	149	159	+	9.082
121	MIG3	336	346	+	9.244
132	MIG3	4	14	-	8.93
141	MIG3	164	174	+	8.939
172	MIG3	283	293	-	8.692
220	MIG3	239	249	+	8.928
221	MIG3	304	314	-	8.928
227	MIG3	63	73	-	9.061
245	MIG3	352	362	+	8.999
251	MIG3	483	493	+	9.56
252	MIG3	279	289	-	9.56
271	MIG3	387	397	-	9.06
281	MIG3	333	343	+	8.931
288	MIG3	291	301	+	9.14
289	MIG3	47	57	+	9.14
302	MIG3	26	36	-	9.06
315	MIG3	242	252	-	9.265
347	MIG3	263	273	+	8.803
371	MIG3	423	433	-	9.488
372	MIG3	131	141	-	8.705
29	MSN1.1	42	50	+	12.388
35	MSN1.1	389	397	-	11.748
37	MSN1.1	158	166	-	11.45
69	MSN1.1	204	212	+	12.686
105	MSN1.1	210	218	-	11.45
111	MSN1.1	116	124	+	12.388
115	MSN1.1	9	17	-	12.388
131	MSN1.1	246	254	-	11.45
136	MSN1.1	333	341	+	11.292
159	MSN1.1	161	169	+	12.388
234	MSN1.1	296	304	+	12.388
270	MSN1.1	42	50	-	11.45
359	MSN1.1	475	483	-	12.388
373	MSN1.1	459	467	-	11.45
374	MSN1.1	342	350	+	11.45
22	MSN1.2	314	322	+	12.562
39	MSN1.2	316	324	+	11.812
72	MSN1.2	49	57	-	12.562
73	MSN1.2	355	363	+	12.212
122	MSN1.2	324	332	+	11.508
136	MSN1.2	80	88	+	12.212
164	MSN1.2	174	182	+	11.812
175	MSN1.2	197	205	+	11.508
176	MSN1.2	420	428	-	11.508
204	MSN1.2	114	122	+	12.212
204	MSN1.2	183	191	+	12.212
205	MSN1.2	458	466	-	12.212
216	MSN1.2	424	432	-	12.212
218	MSN1.2	61	69	-	12.562
244	MSN1.2	386	394	-	12.562
288	MSN1.2	283	291	-	11.508
289	MSN1.2	39	47	-	11.508
292	MSN1.2	12	20	-	12.212
309	MSN1.2	5	13	-	12.562
326	MSN1.2	356	364	-	11.812
350	MSN1.2	252	260	+	11.508
15	MSN2	361	368	-	9.645
50	MSN2	253	260	-	9.645
71	MSN2	179	186	-	9.645
84	MSN2	191	198	-	9.645
88	MSN2	313	320	+	9.531
167	MSN2	67	74	+	9.531
198	MSN2	142	149	-	9.645
199	MSN2	67	74	+	9.645
235	MSN2	163	170	+	9.645
280	MSN2	31	38	+	9.645
284	MSN2	420	427	+	9.531
290	MSN2	259	266	-	9.645
291	MSN2	289	296	+	9.645
324	MSN2	92	99	+	9.531
332	MSN2	343	350	+	9.645
349	MSN2	296	303	+	9.645
394	MSN2	47	54	+	9.645
395	MSN2	473	480	+	9.645
0	MSN4	31	36	+	8.796
0	MSN4	45	50	-	8.796
1	MSN4	129	134	-	8.796
1	MSN4	150	155	+	8.796
1	MSN4	234	239	-	8.796
1	MSN4	251	256	-	8.796
1	MSN4	281	286	-	8.796
2	MSN4	21	26	+	8.796
2	MSN4	48	53	+	8.796
2	MSN4	118	123	+	8.796
2	MSN4	125	130	+	8.796
2	MSN4	164	169	+	8.796
2	MSN4	172	177	+	8.796
3	MSN4	75	80	+	8.796
3	MSN4	94	99	-	8.796
3	MSN4	101	106	-	8.796
3	MSN4	405	410	+	8.796
3	MSN4	445	450	-	8.796
4	MSN4	27	32	-	8.796
4	MSN4	96	101	-	8.796
4	MSN4	296	301	-	8.796
4	MSN4	306	311	+	8.796
4	MSN4	316	321	-	8.796
4	MSN4	398	403	+	8.796
4	MSN4	408	413	+	8.796
5	MSN4	216	221	-	8.796
5	MSN4	341	346	-	8.796
5	MSN4	442	447	-	8.796
6	MSN4	50	55	+	8.796
6	MSN4	67	72	+	8.796
7	MSN4	32	37	-	8.796
7	MSN4	50	55	+	8.796
7	MSN4	93	98	+	8.796
7	MSN4	120	125	+	8.796
7	MSN4	175	180	+	8.796
7	MSN4	262	267	-	8.796
7	MSN4	341	346	-	8.796
7	MSN4	358	363	-	8.796
8	MSN4	131	136	+	8.796
8	MSN4	254	259	+	8.796
8	MSN4	283	288	-	8.796
9	MSN4	164	169	+	8.796
9	MSN4	198	203	-	8.796
10	MSN4	226	231	+	8.796
11	MSN4	120	125	-	8.796
12	MSN4	48	53	-	8.796
12	MSN4	119	124	-	8.796
12	MSN4	135	140	+	8.796
12	MSN4	208	213	+	8.796
12	MSN4	260	265	+	8.796
12	MSN4	306	311	+	8.796
13	MSN4	53	58	-	8.796
13	MSN4	137	142	-	8.796
13	MSN4	145	150	-	8.796
13	MSN4	250	255	+	8.796
13	MSN4	289	294	+	8.796
13	MSN4	372	377	-	8.796
14	MSN4	209	214	-	8.796
14	MSN4	388	393	+	8.796
14	MSN4	395	400	+	8.796
15	MSN4	244	249	+	8.796
15	MSN4	445	450	-	8.796
16	MSN4	80	85	-	8.796
16	MSN4	101	106	-	8.796
16	MSN4	118	123	-	8.796
16	MSN4	132	137	-	8.796
16	MSN4	152	157	-	8.796
16	MSN4	163	168	+	8.796
16	MSN4	420	425	-	8.796
17	MSN4	97	102	-	8.796
17	MSN4	108	113	+	8.796
17	MSN4	128	133	+	8.796
17	MSN4	142	147	+	8.796
17	MSN4	159	164	+	8.796
17	MSN4	180	185	+	8.796
17	MSN4	286	291	-	8.796
17	MSN4	299	304	+	8.796
17	MSN4	341	346	-	8.796
17	MSN4	413	418	-	8.796
18	MSN4	11	16	-	8.796
18	MSN4	74	79	-	8.796
18	MSN4	275	280	+	8.796
18	MSN4	311	316	-	8.796
19	MSN4	9	14	+	8.796
19	MSN4	251	256	+	8.796
19	MSN4	265	270	+	8.796
19	MSN4	444	449	-	8.796
20	MSN4	172	177	-	8.796
20	MSN4	178	183	+	8.796
20	MSN4	210	215	+	8.796
20	MSN4	325	330	-	8.796
21	MSN4	151	156	-	8.796
21	MSN4	312	317	+	8.796
21	MSN4	327	332	-	8.796
21	MSN4	333	338	+	8.796
21	MSN4	375	380	-	8.796
22	MSN4	81	86	-	8.796
22	MSN4	94	99	+	8.796
22	MSN4	103	108	+	8.796
22	MSN4	173	178	-	8.796
22	MSN4	333	338	+	8.796
22	MSN4	423	428	-	8.796
23	MSN4	92	97	-	8.796
23	MSN4	255	260	+	8.796
23	MSN4	269	274	+	8.796
24	MSN4	199	204	-	8.796
24	MSN4	236	241	-	8.796
24	MSN4	251	256	+	8.796
24	MSN4	257	262	+	8.796
24	MSN4	266	271	+	8.796
24	MSN4	285	290	+	8.796
25	MSN4	189	194	+	8.796
25	MSN4	237	242	-	8.796
25	MSN4	262	267	-	8.796
25	MSN4	357	362	-	8.796
26	MSN4	6	11	-	8.796
26	MSN4	71	76	+	8.796
26	MSN4	101	106	+	8.796
26	MSN4	174	179	+	8.796
26	MSN4	189	194	+	8.796
26	MSN4	249	254	+	8.796
26	MSN4	433	438	-	8.796
27	MSN4	156	161	-	8.796
28	MSN4	59	64	+	8.796
28	MSN4	108	113	+	8.796
28	MSN4	164	169	+	8.796
28	MSN4	413	418	-	8.796
29	MSN4	164	169	-	8.796
29	MSN4	268	273	+	8.796
30	MSN4	252	257	-	8.796
30	MSN4	265	270	-	8.796
30	MSN4	315	320	-	8.796
31	MSN4	79	84	+	8.796
31	MSN4	156	161	+	8.796
31	MSN4	171	176	-	8.796
31	MSN4	248	253	+	8.796
32	MSN4	12	17	+	8.796
32	MSN4	67	72	-	8.796
32	MSN4	151	156	+	8.796
34	MSN4	30	35	-	8.796
34	MSN4	112	117	+	8.796
34	MSN4	334	339	+	8.796
35	MSN4	74	79	+	8.796
35	MSN4	177	182	+	8.796
35	MSN4	202	207	+	8.796
35	MSN4	444	449	-	8.796
36	MSN4	29	34	-	8.796
36	MSN4	295	300	+	8.796
36	MSN4	471	476	+	8.796
37	MSN4	30	35	-	8.796
38	MSN4	101	106	-	8.796
38	MSN4	143	148	+	8.796
38	MSN4	196	201	+	8.796
38	MSN4	243	248	-	8.796
38	MSN4	269	274	-	8.796
38	MSN4	306	311	+	8.796
38	MSN4	403	408	+	8.796
39	MSN4	138	143	+	8.796
39	MSN4	143	148	-	8.796
39	MSN4	255	260	-	8.796
40	MSN4	70	75	-	8.796
40	MSN4	129	134	+	8.796
40	MSN4	175	180	+	8.796
40	MSN4	205	210	+	8.796
40	MSN4	214	219	-	8.796
41	MSN4	191	196	+	8.796
41	MSN4	207	212	+	8.796
42	MSN4	144	149	-	8.796
42	MSN4	230	235	+	8.796
42	MSN4	264	269	+	8.796
42	MSN4	331	336	+	8.796
43	MSN4	129	134	-	8.796
43	MSN4	213	218	+	8.796
43	MSN4	231	236	+	8.796
43	MSN4	240	245	+	8.796
43	MSN4	281	286	+	8.796
43	MSN4	294	299	+	8.796
43	MSN4	315	320	+	8.796
43	MSN4	389	394	+	8.796
44	MSN4	249	254	+	8.796
45	MSN4	10	15	-	8.796
45	MSN4	43	48	-	8.796
45	MSN4	64	69	-	8.796
46	MSN4	137	142	+	8.796
46	MSN4	158	163	+	8.796
46	MSN4	191	196	+	8.796
46	MSN4	202	207	+	8.796
46	MSN4	267	272	+	8.796
47	MSN4	421	426	-	8.796
48	MSN4	35	40	+	8.796
48	MSN4	207	212	+	8.796
48	MSN4	251	256	+	8.796
49	MSN4	98	103	+	8.796
49	MSN4	179	184	+	8.796
49	MSN4	246	251	+	8.796
50	MSN4	36	41	+	8.796
51	MSN4	34	39	-	8.796
51	MSN4	119	124	+	8.796
52	MSN4	421	426	-	8.796
53	MSN4	82	87	-	8.796
53	MSN4	205	210	-	8.796
53	MSN4	244	249	+	8.796
53	MSN4	251	256	+	8.796
53	MSN4	260	265	+	8.796
53	MSN4	268	273	+	8.796
53	MSN4	288	293	-	8.796
53	MSN4	317	322	-	8.796
54	MSN4	4	9	-	8.796
54	MSN4	35	40	-	8.796
54	MSN4	146	151	-	8.796
54	MSN4	201	206	+	8.796
54	MSN4	225	230	-	8.796
54	MSN4	287	292	-	8.796
54	MSN4	467	472	-	8.796
55	MSN4	225	230	+	8.796
55	MSN4	283	288	+	8.796
55	MSN4	321	326	+	8.796
55	MSN4	336	341	-	8.796
56	MSN4	88	93	+	8.796
56	MSN4	315	320	+	8.796
56	MSN4	442	447	-	8.796
56	MSN4	490	495	+	8.796
57	MSN4	22	27	+	8.796
57	MSN4	51	56	-	8.796
57	MSN4	91	96	-	8.796
57	MSN4	409	414	-	8.796
58	MSN4	25	30	+	8.796
58	MSN4	103	108	-	8.796
58	MSN4	394	399	+	8.796
59	MSN4	36	41	+	8.796
59	MSN4	45	50	+	8.796
59	MSN4	74	79	+	8.796
59	MSN4	106	111	+	8.796
59	MSN4	396	401	+	8.796
60	MSN4	8	13	+	8.796
60	MSN4	30	35	+	8.796
60	MSN4	119	124	+	8.796
60	MSN4	164	169	-	8.796
60	MSN4	245	250	+	8.796
60	MSN4	486	491	+	8.796
61	MSN4	76	81	+	8.796
61	MSN4	101	106	+	8.796
61	MSN4	165	170	-	8.796
61	MSN4	419	424	-	8.796
61	MSN4	446	451	-	8.796
62	MSN4	34	39	-	8.796
62	MSN4	384	389	+	8.796
63	MSN4	8	13	+	8.796
64	MSN4	22	27	+	8.796
64	MSN4	110	115	-	8.796
64	MSN4	145	150	-	8.796
65	MSN4	69	74	-	8.796
65	MSN4	189	194	+	8.796
65	MSN4	202	207	+	8.796
65	MSN4	262	267	-	8.796
65	MSN4	274	279	-	8.796
65	MSN4	310	315	-	8.796
65	MSN4	409	414	-	8.796
66	MSN4	131	136	-	8.796
66	MSN4	150	155	-	8.796
66	MSN4	242	247	-	8.796
67	MSN4	22	27	+	8.796
67	MSN4	114	119	+	8.796
67	MSN4	133	138	+	8.796
67	MSN4	406	411	-	8.796
67	MSN4	414	419	-	8.796
68	MSN4	162	167	+	8.796
69	MSN4	65	70	-	8.796
69	MSN4	453	458	-	8.796
70	MSN4	3	8	+	8.796
70	MSN4	11	16	+	8.796
70	MSN4	286	291	-	8.796
70	MSN4	336	341	-	8.796
71	MSN4	23	28	+	8.796
71	MSN4	54	59	+	8.796
71	MSN4	117	122	+	8.796
71	MSN4	415	420	-	8.796
72	MSN4	34	39	+	8.796
72	MSN4	114	119	+	8.796
72	MSN4	133	138	+	8.796
72	MSN4	149	154	+	8.796
72	MSN4	162	167	+	8.796
72	MSN4	411	416	+	8.796
73	MSN4	53	58	+	8.796
73	MSN4	132	137	-	8.796
73	MSN4	177	182	-	8.796
73	MSN4	216	221	-	8.796
73	MSN4	388	393	+	8.796
74	MSN4	51	56	-	8.796
74	MSN4	69	74	-	8.796
74	MSN4	80	85	+	8.796
74	MSN4	288	293	-	8.796
75	MSN4	121	126	+	8.796
75	MSN4	178	183	-	8.796
75	MSN4	223	228	+	8.796
75	MSN4	343	348	-	8.796
75	MSN4	432	437	-	8.796
76	MSN4	61	66	-	8.796
76	MSN4	239	244	-	8.796
76	MSN4	246	251	-	8.796
76	MSN4	267	272	+	8.796
76	MSN4	286	291	-	8.796
76	MSN4	341	346	-	8.796
76	MSN4	452	457	-	8.796
77	MSN4	250	255	+	8.796
77	MSN4	259	264	+	8.796
77	MSN4	409	414	+	8.796
78	MSN4	148	153	+	8.796
78	MSN4	187	192	+	8.796
78	MSN4	195	200	+	8.796
78	MSN4	304	309	+	8.796
78	MSN4	414	419	+	8.796
78	MSN4	444	449	-	8.796
79	MSN4	244	249	+	8.796
79	MSN4	275	280	+	8.796
79	MSN4	294	299	+	8.796
79	MSN4	420	425	-	8.796
80	MSN4	123	128	+	8.796
80	MSN4	138	143	-	8.796
80	MSN4	368	373	-	8.796
81	MSN4	246	251	+	8.796
81	MSN4	278	283	-	8.796
82	MSN4	86	91	+	8.796
82	MSN4	110	115	+	8.796
82	MSN4	126	131	-	8.796
82	MSN4	192	197	+	8.796
82	MSN4	236	241	+	8.796
82	MSN4	246	251	+	8.796
82	MSN4	292	297	+	8.796
83	MSN4	258	263	+	8.796
83	MSN4	286	291	-	8.796
83	MSN4	456	461	+	8.796
84	MSN4	18	23	+	8.796
84	MSN4	34	39	+	8.796
84	MSN4	107	112	+	8.796
85	MSN4	116	121	-	8.796
85	MSN4	227	232	+	8.796
85	MSN4	306	311	+	8.796
85	MSN4	316	321	+	8.796
86	MSN4	69	74	-	8.796
86	MSN4	272	277	+	8.796
86	MSN4	279	284	+	8.796
86	MSN4	289	294	-	8.796
86	MSN4	326	331	-	8.796
86	MSN4	485	490	-	8.796
87	MSN4	36	41	-	8.796
87	MSN4	143	148	+	8.796
87	MSN4	155	160	-	8.796
87	MSN4	172	177	+	8.796
87	MSN4	205	210	-	8.796
87	MSN4	234	239	-	8.796
87	MSN4	268	273	-	8.796
87	MSN4	283	288	+	8.796
87	MSN4	367	372	+	8.796
87	MSN4	445	450	-	8.796
89	MSN4	218	223	-	8.796
89	MSN4	243	248	-	8.796
89	MSN4	291	296	-	8.796
89	MSN4	362	367	+	8.796
89	MSN4	464	469	-	8.796
90	MSN4	168	173	+	8.796
90	MSN4	215	220	+	8.796
90	MSN4	221	226	-	8.796
91	MSN4	171	176	+	8.796
91	MSN4	262	267	+	8.796
91	MSN4	298	303	+	8.796
91	MSN4	316	321	+	8.796
91	MSN4	336	341	+	8.796
91	MSN4	491	496	-	8.796
92	MSN4	180	185	+	8.796
92	MSN4	229	234	-	8.796
92	MSN4	325	330	-	8.796
92	MSN4	395	400	+	8.796
93	MSN4	56	61	+	8.796
93	MSN4	446	451	-	8.796
94	MSN4	2	7	+	8.796
94	MSN4	57	62	+	8.796
94	MSN4	168	173	+	8.796
94	MSN4	238	243	+	8.796
94	MSN4	250	255	-	8.796
95	MSN4	28	33	+	8.796
95	MSN4	377	382	+	8.796
96	MSN4	135	140	+	8.796
96	MSN4	147	152	+	8.796
96	MSN4	165	170	-	8.796
97	MSN4	7	12	+	8.796
97	MSN4	141	146	-	8.796
98	MSN4	112	117	-	8.796
98	MSN4	121	126	-	8.796
98	MSN4	342	347	-	8.796
98	MSN4	404	409	-	8.796
98	MSN4	420	425	-	8.796
99	MSN4	20	25	+	8.796
99	MSN4	80	85	+	8.796
99	MSN4	128	133	+	8.796
99	MSN4	415	420	-	8.796
100	MSN4	7	12	-	8.796
100	MSN4	177	182	+	8.796
100	MSN4	299	304	-	8.796
100	MSN4	328	333	+	8.796
100	MSN4	337	342	+	8.796
101	MSN4	1	6	+	8.796
101	MSN4	80	85	-	8.796
101	MSN4	88	93	+	8.796
101	MSN4	423	428	-	8.796
102	MSN4	86	91	-	8.796
102	MSN4	94	99	+	8.796
102	MSN4	173	178	-	8.796
102	MSN4	217	222	-	8.796
102	MSN4	237	242	+	8.796
102	MSN4	478	483	+	8.796
103	MSN4	149	154	-	8.796
103	MSN4	163	168	+	8.796
104	MSN4	98	103	+	8.796
104	MSN4	278	283	+	8.796
104	MSN4	333	338	+	8.796
104	MSN4	419	424	-	8.796
105	MSN4	134	139	+	8.796
105	MSN4	432	437	-	8.796
105	MSN4	445	450	-	8.796
106	MSN4	35	40	+	8.796
106	MSN4	47	52	+	8.796
106	MSN4	114	119	+	8.796
107	MSN4	64	69	+	8.796
107	MSN4	111	116	+	8.796
107	MSN4	320	325	-	8.796
107	MSN4	335	340	+	8.796
107	MSN4	417	422	-	8.796
107	MSN4	434	439	-	8.796
108	MSN4	107	112	+	8.796
108	MSN4	125	130	+	8.796
108	MSN4	243	248	-	8.796
108	MSN4	253	258	+	8.796
108	MSN4	258	263	+	8.796
108	MSN4	308	313	+	8.796
108	MSN4	347	352	+	8.796
108	MSN4	420	425	-	8.796
108	MSN4	469	474	-	8.796
109	MSN4	41	46	+	8.796
109	MSN4	145	150	+	8.796
109	MSN4	426	431	-	8.796
110	MSN4	90	95	-	8.796
110	MSN4	119	124	+	8.796
110	MSN4	188	193	-	8.796
111	MSN4	11	16	+	8.796
111	MSN4	97	102	-	8.796
111	MSN4	135	140	-	8.796
111	MSN4	229	234	+	8.796
111	MSN4	342	347	-	8.796
112	MSN4	62	67	-	8.796
112	MSN4	71	76	+	8.796
112	MSN4	251	256	+	8.796
112	MSN4	289	294	-	8.796
112	MSN4	296	301	-	8.796
112	MSN4	324	329	-	8.796
112	MSN4	393	398	+	8.796
113	MSN4	118	123	-	8.796
113	MSN4	270	275	+	8.796
113	MSN4	400	405	+	8.796
113	MSN4	415	420	-	8.796
113	MSN4	491	496	-	8.796
114	MSN4	100	105	-	8.796
114	MSN4	126	131	+	8.796
114	MSN4	288	293	+	8.796
114	MSN4	359	364	-	8.796
115	MSN4	151	156	+	8.796
115	MSN4	235	240	+	8.796
115	MSN4	258	263	+	8.796
116	MSN4	162	167	+	8.796
116	MSN4	369	374	+	8.796
117	MSN4	13	18	-	8.796
117	MSN4	330	335	+	8.796
117	MSN4	379	384	+	8.796
117	MSN4	401	406	+	8.796
118	MSN4	231	236	+	8.796
118	MSN4	255	260	+	8.796
118	MSN4	276	281	+	8.796
118	MSN4	297	302	-	8.796
118	MSN4	306	311	+	8.796
119	MSN4	6	11	-	8.796
119	MSN4	42	47	-	8.796
119	MSN4	374	379	-	8.796
120	MSN4	120	125	-	8.796
120	MSN4	190	195	+	8.796
120	MSN4	264	269	+	8.796
120	MSN4	324	329	+	8.796
120	MSN4	355	360	-	8.796
120	MSN4	409	414	+	8.796
120	MSN4	431	436	-	8.796
121	MSN4	32	37	-	8.796
121	MSN4	204	209	+	8.796
121	MSN4	250	255	+	8.796
121	MSN4	321	326	+	8.796
122	MSN4	195	200	+	8.796
122	MSN4	356	361	-	8.796
122	MSN4	388	393	-	8.796
123	MSN4	81	86	+	8.796
123	MSN4	129	134	+	8.796
124	MSN4	79	84	+	8.796
124	MSN4	192	197	-	8.796
124	MSN4	298	303	+	8.796
124	MSN4	445	450	-	8.796
125	MSN4	218	223	+	8.796
125	MSN4	360	365	+	8.796
125	MSN4	445	450	-	8.796
126	MSN4	131	136	+	8.796
126	MSN4	247	252	+	8.796
127	MSN4	134	139	-	8.796
127	MSN4	307	312	+	8.796
127	MSN4	352	357	+	8.796
128	MSN4	122	127	+	8.796
128	MSN4	143	148	+	8.796
128	MSN4	189	194	+	8.796
128	MSN4	269	274	+	8.796
128	MSN4	329	334	-	8.796
128	MSN4	374	379	+	8.796
129	MSN4	7	12	-	8.796
129	MSN4	59	64	+	8.796
129	MSN4	124	129	+	8.796
129	MSN4	255	260	+	8.796
129	MSN4	444	449	-	8.796
130	MSN4	81	86	+	8.796
130	MSN4	136	141	+	8.796
130	MSN4	216	221	+	8.796
130	MSN4	229	234	+	8.796
130	MSN4	266	271	-	8.796
130	MSN4	322	327	-	8.796
130	MSN4	342	347	-	8.796
130	MSN4	399	404	+	8.796
131	MSN4	54	59	+	8.796
132	MSN4	237	242	+	8.796
132	MSN4	242	247	+	8.796
132	MSN4	253	258	+	8.796
132	MSN4	274	279	+	8.796
132	MSN4	312	317	+	8.796
132	MSN4	349	354	+	8.796
132	MSN4	410	415	-	8.796
133	MSN4	2	7	-	8.796
133	MSN4	159	164	+	8.796
133	MSN4	232	237	-	8.796
133	MSN4	395	400	-	8.796
133	MSN4	483	488	-	8.796
134	MSN4	216	221	+	8.796
134	MSN4	251	256	+	8.796
134	MSN4	277	282	+	8.796
134	MSN4	295	300	+	8.796
135	MSN4	14	19	+	8.796
135	MSN4	142	147	-	8.796
135	MSN4	248	253	+	8.796
135	MSN4	401	406	+	8.796
135	MSN4	492	497	-	8.796
136	MSN4	176	181	+	8.796
136	MSN4	346	351	+	8.796
136	MSN4	443	448	-	8.796
137	MSN4	131	136	+	8.796
137	MSN4	199	204	-	8.796
138	MSN4	180	185	+	8.796
139	MSN4	273	278	+	8.796
141	MSN4	142	147	-	8.796
142	MSN4	52	57	-	8.796
142	MSN4	169	174	-	8.796
142	MSN4	299	304	-	8.796
142	MSN4	424	429	+	8.796
143	MSN4	86	91	-	8.796
143	MSN4	153	158	+	8.796
143	MSN4	162	167	-	8.796
143	MSN4	301	306	+	8.796
143	MSN4	418	423	+	8.796
144	MSN4	23	28	-	8.796
144	MSN4	123	128	+	8.796
144	MSN4	129	134	+	8.796
144	MSN4	166	171	-	8.796
144	MSN4	253	258	+	8.796
145	MSN4	78	83	+	8.796
145	MSN4	84	89	+	8.796
145	MSN4	132	137	-	8.796
145	MSN4	238	243	-	8.796
145	MSN4	424	429	-	8.796
145	MSN4	429	434	-	8.796
147	MSN4	53	58	+	8.796
147	MSN4	174	179	+	8.796
147	MSN4	205	210	+	8.796
147	MSN4	284	289	-	8.796
147	MSN4	407	412	-	8.796
148	MSN4	157	162	-	8.796
148	MSN4	301	306	+	8.796
148	MSN4	369	374	+	8.796
148	MSN4	382	387	+	8.796
148	MSN4	411	416	-	8.796
148	MSN4	479	484	+	8.796
149	MSN4	14	19	+	8.796
149	MSN4	20	25	+	8.796
149	MSN4	42	47	-	8.796
149	MSN4	68	73	+	8.796
149	MSN4	161	166	-	8.796
149	MSN4	212	217	-	8.796
149	MSN4	217	222	+	8.796
149	MSN4	330	335	+	8.796
150	MSN4	19	24	-	8.796
150	MSN4	132	137	-	8.796
150	MSN4	137	142	+	8.796
150	MSN4	188	193	+	8.796
150	MSN4	281	286	-	8.796
150	MSN4	307	312	+	8.796
150	MSN4	329	334	-	8.796
150	MSN4	335	340	-	8.796
150	MSN4	356	361	-	8.796
150	MSN4	455	460	+	8.796
151	MSN4	305	310	+	8.796
151	MSN4	334	339	-	8.796
152	MSN4	58	63	-	8.796
152	MSN4	158	163	-	8.796
152	MSN4	348	353	+	8.796
152	MSN4	377	382	-	8.796
153	MSN4	137	142	-	8.796
153	MSN4	146	151	+	8.796
153	MSN4	182	187	+	8.796
153	MSN4	357	362	-	8.796
154	MSN4	167	172	+	8.796
154	MSN4	192	197	-	8.796
154	MSN4	387	392	+	8.796
155	MSN4	122	127	+	8.796
155	MSN4	140	145	+	8.796
155	MSN4	147	152	+	8.796
155	MSN4	197	202	+	8.796
155	MSN4	234	239	-	8.796
155	MSN4	326	331	-	8.796
156	MSN4	103	108	-	8.796
156	MSN4	211	216	-	8.796
156	MSN4	336	341	+	8.796
156	MSN4	455	460	-	8.796
157	MSN4	315	320	+	8.796
157	MSN4	404	409	+	8.796
158	MSN4	24	29	-	8.796
159	MSN4	197	202	-	8.796
159	MSN4	222	227	+	8.796
159	MSN4	402	407	-	8.796
161	MSN4	336	341	+	8.796
162	MSN4	426	431	-	8.796
163	MSN4	153	158	-	8.796
163	MSN4	270	275	-	8.796
165	MSN4	280	285	+	8.796
165	MSN4	332	337	+	8.796
165	MSN4	451	456	-	8.796
166	MSN4	180	185	+	8.796
166	MSN4	299	304	-	8.796
166	MSN4	351	356	-	8.796
167	MSN4	34	39	-	8.796
167	MSN4	62	67	+	8.796
167	MSN4	200	205	-	8.796
168	MSN4	0	5	+	8.796
168	MSN4	318	323	-	8.796
169	MSN4	63	68	+	8.796
169	MSN4	105	110	+	8.796
169	MSN4	216	221	+	8.796
169	MSN4	229	234	+	8.796
169	MSN4	234	239	+	8.796
169	MSN4	247	252	+	8.796
169	MSN4	364	369	+	8.796
170	MSN4	147	152	-	8.796
170	MSN4	248	253	+	8.796
170	MSN4	257	262	+	8.796
170	MSN4	263	268	+	8.796
170	MSN4	268	273	+	8.796
170	MSN4	294	299	+	8.796
170	MSN4	303	308	+	8.796
170	MSN4	308	313	+	8.796
171	MSN4	22	27	+	8.796
171	MSN4	106	111	+	8.796
171	MSN4	240	245	+	8.796
171	MSN4	270	275	+	8.796
171	MSN4	292	297	+	8.796
171	MSN4	338	343	+	8.796
171	MSN4	354	359	+	8.796
172	MSN4	108	113	-	8.796
172	MSN4	379	384	-	8.796
172	MSN4	384	389	-	8.796
173	MSN4	19	24	+	8.796
173	MSN4	40	45	+	8.796
173	MSN4	81	86	-	8.796
173	MSN4	326	331	-	8.796
174	MSN4	67	72	+	8.796
174	MSN4	312	317	+	8.796
174	MSN4	353	358	-	8.796
174	MSN4	374	379	-	8.796
175	MSN4	155	160	+	8.796
175	MSN4	277	282	-	8.796
175	MSN4	300	305	-	8.796
175	MSN4	331	336	-	8.796
175	MSN4	339	344	+	8.796
175	MSN4	454	459	-	8.796
176	MSN4	166	171	+	8.796
176	MSN4	281	286	-	8.796
176	MSN4	289	294	+	8.796
176	MSN4	320	325	+	8.796
176	MSN4	343	348	+	8.796
176	MSN4	465	470	-	8.796
177	MSN4	150	155	+	8.796
177	MSN4	282	287	+	8.796
178	MSN4	37	42	+	8.796
178	MSN4	118	123	+	8.796
178	MSN4	136	141	+	8.796
178	MSN4	208	213	+	8.796
178	MSN4	354	359	+	8.796
178	MSN4	444	449	+	8.796
179	MSN4	474	479	-	8.796
180	MSN4	143	148	+	8.796
180	MSN4	162	167	-	8.796
180	MSN4	196	201	+	8.796
180	MSN4	231	236	+	8.796
180	MSN4	309	314	+	8.796
180	MSN4	375	380	-	8.796
180	MSN4	389	394	+	8.796
181	MSN4	351	356	-	8.796
181	MSN4	488	493	+	8.796
182	MSN4	39	44	-	8.796
182	MSN4	68	73	-	8.796
182	MSN4	212	217	-	8.796
182	MSN4	349	354	+	8.796
183	MSN4	5	10	+	8.796
183	MSN4	171	176	+	8.796
183	MSN4	403	408	-	8.796
184	MSN4	237	242	+	8.796
184	MSN4	469	474	-	8.796
185	MSN4	105	110	-	8.796
185	MSN4	118	123	-	8.796
185	MSN4	127	132	-	8.796
185	MSN4	136	141	-	8.796
185	MSN4	188	193	-	8.796
185	MSN4	302	307	+	8.796
185	MSN4	321	326	-	8.796
185	MSN4	355	360	+	8.796
186	MSN4	77	82	+	8.796
186	MSN4	129	134	+	8.796
186	MSN4	138	143	+	8.796
186	MSN4	147	152	+	8.796
186	MSN4	160	165	+	8.796
186	MSN4	272	277	+	8.796
187	MSN4	35	40	-	8.796
187	MSN4	89	94	-	8.796
187	MSN4	287	292	+	8.796
187	MSN4	358	363	-	8.796
187	MSN4	378	383	-	8.796
187	MSN4	444	449	-	8.796
188	MSN4	235	240	+	8.796
188	MSN4	382	387	-	8.796
188	MSN4	404	409	+	8.796
188	MSN4	431	436	-	8.796
189	MSN4	288	293	-	8.796
190	MSN4	314	319	-	8.796
190	MSN4	320	325	+	8.796
190	MSN4	337	342	-	8.796
190	MSN4	347	352	-	8.796
191	MSN4	12	17	+	8.796
191	MSN4	240	245	+	8.796
191	MSN4	260	265	+	8.796
191	MSN4	301	306	-	8.796
192	MSN4	45	50	+	8.796
192	MSN4	242	247	-	8.796
192	MSN4	259	264	-	8.796
192	MSN4	270	275	-	8.796
193	MSN4	147	152	+	8.796
193	MSN4	161	166	+	8.796
193	MSN4	196	201	+	8.796
193	MSN4	344	349	-	8.796
193	MSN4	350	355	-	8.796
194	MSN4	146	151	-	8.796
194	MSN4	319	324	-	8.796
194	MSN4	337	342	-	8.796
194	MSN4	347	352	-	8.796
196	MSN4	255	260	+	8.796
196	MSN4	265	270	+	8.796
196	MSN4	416	421	-	8.796
196	MSN4	426	431	-	8.796
196	MSN4	443	448	-	8.796
197	MSN4	148	153	+	8.796
197	MSN4	165	170	+	8.796
197	MSN4	175	180	+	8.796
197	MSN4	326	331	-	8.796
197	MSN4	336	341	-	8.796
198	MSN4	48	53	-	8.796
198	MSN4	67	72	-	8.796
198	MSN4	108	113	+	8.796
198	MSN4	343	348	-	8.796
198	MSN4	370	375	+	8.796
199	MSN4	103	108	-	8.796
199	MSN4	144	149	+	8.796
199	MSN4	163	168	+	8.796
199	MSN4	353	358	+	8.796
199	MSN4	366	371	+	8.796
200	MSN4	215	220	+	8.796
200	MSN4	399	404	+	8.796
201	MSN4	10	15	+	8.796
201	MSN4	107	112	-	8.796
201	MSN4	135	140	-	8.796
201	MSN4	240	245	+	8.796
201	MSN4	335	340	+	8.796
201	MSN4	463	468	+	8.796
202	MSN4	109	114	-	8.796
202	MSN4	293	298	-	8.796
203	MSN4	151	156	-	8.796
203	MSN4	355	360	+	8.796
203	MSN4	361	366	+	8.796
203	MSN4	491	496	-	8.796
204	MSN4	257	262	+	8.796
205	MSN4	387	392	-	8.796
206	MSN4	268	273	+	8.796
206	MSN4	289	294	-	8.796
206	MSN4	294	299	-	8.796
206	MSN4	299	304	-	8.796
207	MSN4	359	364	+	8.796
208	MSN4	76	81	-	8.796
208	MSN4	288	293	+	8.796
208	MSN4	387	392	-	8.796
209	MSN4	109	114	-	8.796
209	MSN4	319	324	+	8.796
209	MSN4	418	423	-	8.796
210	MSN4	291	296	-	8.796
210	MSN4	325	330	+	8.796
210	MSN4	342	347	-	8.796
211	MSN4	0	5	-	8.796
211	MSN4	58	63	+	8.796
211	MSN4	136	141	+	8.796
211	MSN4	162	167	-	8.796
211	MSN4	258	263	+	8.796
211	MSN4	283	288	-	8.796
211	MSN4	322	327	-	8.796
211	MSN4	443	448	-	8.796
212	MSN4	174	179	+	8.796
213	MSN4	58	63	+	8.796
213	MSN4	143	148	+	8.796
213	MSN4	187	192	+	8.796
213	MSN4	365	370	+	8.796
213	MSN4	397	402	-	8.796
214	MSN4	9	14	-	8.796
214	MSN4	94	99	-	8.796
214	MSN4	156	161	+	8.796
214	MSN4	171	176	+	8.796
214	MSN4	181	186	+	8.796
214	MSN4	201	206	+	8.796
214	MSN4	289	294	-	8.796
214	MSN4	297	302	+	8.796
214	MSN4	367	372	+	8.796
215	MSN4	40	45	+	8.796
215	MSN4	147	152	+	8.796
215	MSN4	187	192	-	8.796
215	MSN4	223	228	+	8.796
215	MSN4	238	243	-	8.796
215	MSN4	244	249	-	8.796
215	MSN4	317	322	-	8.796
215	MSN4	362	367	-	8.796
216	MSN4	19	24	-	8.796
216	MSN4	46	51	-	8.796
216	MSN4	303	308	+	8.796
216	MSN4	445	450	-	8.796
217	MSN4	69	74	+	8.796
217	MSN4	161	166	+	8.796
217	MSN4	228	233	-	8.796
217	MSN4	290	295	+	8.796
217	MSN4	323	328	+	8.796
217	MSN4	334	339	-	8.796
218	MSN4	201	206	+	8.796
218	MSN4	269	274	+	8.796
218	MSN4	441	446	+	8.796
219	MSN4	173	178	-	8.796
219	MSN4	345	350	-	8.796
219	MSN4	413	418	-	8.796
220	MSN4	69	74	-	8.796
220	MSN4	273	278	+	8.796
221	MSN4	275	280	-	8.796
221	MSN4	479	484	+	8.796
222	MSN4	207	212	+	8.796
222	MSN4	221	226	-	8.796
222	MSN4	312	317	+	8.796
223	MSN4	79	84	-	8.796
223	MSN4	170	175	+	8.796
223	MSN4	184	189	-	8.796
224	MSN4	34	39	-	8.796
224	MSN4	51	56	-	8.796
224	MSN4	63	68	-	8.796
224	MSN4	125	130	+	8.796
224	MSN4	130	135	+	8.796
224	MSN4	141	146	+	8.796
224	MSN4	301	306	+	8.796
224	MSN4	346	351	+	8.796
224	MSN4	376	381	-	8.796
224	MSN4	466	471	+	8.796
225	MSN4	214	219	+	8.796
225	MSN4	225	230	+	8.796
225	MSN4	314	319	+	8.796
225	MSN4	408	413	+	8.796
226	MSN4	30	35	-	8.796
226	MSN4	63	68	+	8.796
226	MSN4	205	210	-	8.796
226	MSN4	327	332	+	8.796
226	MSN4	429	434	+	8.796
227	MSN4	1	6	-	8.796
227	MSN4	131	136	+	8.796
227	MSN4	390	395	+	8.796
228	MSN4	53	58	+	8.796
228	MSN4	122	127	-	8.796
228	MSN4	144	149	-	8.796
228	MSN4	153	158	-	8.796
228	MSN4	199	204	+	8.796
229	MSN4	178	183	+	8.796
229	MSN4	279	284	-	8.796
229	MSN4	299	304	-	8.796
229	MSN4	464	469	-	8.796
230	MSN4	283	288	+	8.796
230	MSN4	327	332	-	8.796
230	MSN4	464	469	-	8.796
231	MSN4	338	343	+	8.796
232	MSN4	11	16	+	8.796
232	MSN4	66	71	-	8.796
232	MSN4	122	127	+	8.796
232	MSN4	408	413	-	8.796
233	MSN4	34	39	-	8.796
233	MSN4	206	211	+	8.796
233	MSN4	239	244	-	8.796
233	MSN4	377	382	+	8.796
233	MSN4	409	414	+	8.796
234	MSN4	284	289	+	8.796
234	MSN4	305	310	-	8.796
234	MSN4	319	324	-	8.796
234	MSN4	337	342	-	8.796
235	MSN4	173	178	-	8.796
236	MSN4	178	183	-	8.796
236	MSN4	306	311	-	8.796
236	MSN4	314	319	-	8.796
236	MSN4	325	330	-	8.796
236	MSN4	404	409	-	8.796
237	MSN4	289	294	+	8.796
237	MSN4	368	373	+	8.796
237	MSN4	379	384	+	8.796
237	MSN4	387	392	+	8.796
238	MSN4	302	307	+	8.796
238	MSN4	482	487	+	8.796
239	MSN4	337	342	-	8.796
240	MSN4	133	138	+	8.796
240	MSN4	240	245	-	8.796
240	MSN4	266	271	-	8.796
240	MSN4	306	311	-	8.796
240	MSN4	475	480	-	8.796
240	MSN4	488	493	+	8.796
241	MSN4	112	117	-	8.796
241	MSN4	331	336	-	8.796
241	MSN4	421	426	-	8.796
241	MSN4	430	435	-	8.796
241	MSN4	441	446	-	8.796
242	MSN4	206	211	-	8.796
242	MSN4	257	262	+	8.796
242	MSN4	278	283	+	8.796
242	MSN4	393	398	-	8.796
243	MSN4	376	381	+	8.796
244	MSN4	98	103	-	8.796
244	MSN4	203	208	-	8.796
245	MSN4	388	393	-	8.796
245	MSN4	408	413	-	8.796
246	MSN4	56	61	+	8.796
246	MSN4	90	95	-	8.796
246	MSN4	139	144	-	8.796
246	MSN4	268	273	-	8.796
246	MSN4	458	463	-	8.796
247	MSN4	34	39	-	8.796
247	MSN4	112	117	-	8.796
247	MSN4	125	130	-	8.796
247	MSN4	405	410	-	8.796
247	MSN4	456	461	+	8.796
248	MSN4	20	25	+	8.796
248	MSN4	227	232	-	8.796
249	MSN4	155	160	-	8.796
249	MSN4	301	306	+	8.796
250	MSN4	32	37	-	8.796
250	MSN4	178	183	+	8.796
251	MSN4	288	293	+	8.796
251	MSN4	338	343	-	8.796
251	MSN4	468	473	+	8.796
252	MSN4	137	142	+	8.796
252	MSN4	208	213	+	8.796
252	MSN4	299	304	-	8.796
252	MSN4	429	434	+	8.796
252	MSN4	479	484	-	8.796
253	MSN4	41	46	+	8.796
253	MSN4	108	113	+	8.796
253	MSN4	238	243	+	8.796
253	MSN4	301	306	-	8.796
253	MSN4	306	311	-	8.796
253	MSN4	311	316	-	8.796
253	MSN4	345	350	+	8.796
254	MSN4	362	367	-	8.796
255	MSN4	74	79	-	8.796
255	MSN4	120	125	-	8.796
255	MSN4	200	205	+	8.796
255	MSN4	280	285	+	8.796
255	MSN4	328	333	+	8.796
255	MSN4	443	448	-	8.796
256	MSN4	114	119	+	8.796
256	MSN4	470	475	-	8.796
257	MSN4	6	11	-	8.796
257	MSN4	76	81	+	8.796
257	MSN4	205	210	-	8.796
257	MSN4	370	375	-	8.796
258	MSN4	367	372	+	8.796
258	MSN4	430	435	+	8.796
259	MSN4	161	166	-	8.796
259	MSN4	201	206	-	8.796
259	MSN4	270	275	-	8.796
259	MSN4	455	460	+	8.796
260	MSN4	123	128	+	8.796
260	MSN4	137	142	-	8.796
260	MSN4	241	246	+	8.796
260	MSN4	281	286	-	8.796
260	MSN4	430	435	-	8.796
261	MSN4	31	36	+	8.796
261	MSN4	45	50	-	8.796
262	MSN4	465	470	-	8.796
263	MSN4	96	101	+	8.796
263	MSN4	111	116	+	8.796
263	MSN4	230	235	+	8.796
263	MSN4	253	258	+	8.796
263	MSN4	360	365	-	8.796
264	MSN4	338	343	+	8.796
264	MSN4	445	450	-	8.796
264	MSN4	468	473	-	8.796
265	MSN4	7	12	-	8.796
265	MSN4	264	269	+	8.796
265	MSN4	426	431	-	8.796
266	MSN4	59	64	+	8.796
266	MSN4	126	131	-	8.796
266	MSN4	319	324	+	8.796
266	MSN4	403	408	-	8.796
266	MSN4	421	426	-	8.796
267	MSN4	211	216	+	8.796
267	MSN4	238	243	+	8.796
267	MSN4	256	261	+	8.796
267	MSN4	263	268	-	8.796
267	MSN4	485	490	-	8.796
267	MSN4	491	496	-	8.796
268	MSN4	209	214	+	8.796
268	MSN4	216	221	+	8.796
268	MSN4	235	240	-	8.796
268	MSN4	342	347	-	8.796
268	MSN4	348	353	+	8.796
269	MSN4	75	80	+	8.796
269	MSN4	94	99	-	8.796
269	MSN4	101	106	-	8.796
269	MSN4	405	410	+	8.796
269	MSN4	445	450	-	8.796
270	MSN4	120	125	-	8.796
270	MSN4	154	159	+	8.796
270	MSN4	247	252	+	8.796
270	MSN4	285	290	+	8.796
270	MSN4	334	339	-	8.796
270	MSN4	372	377	-	8.796
270	MSN4	453	458	+	8.796
270	MSN4	465	470	+	8.796
271	MSN4	35	40	+	8.796
271	MSN4	316	321	-	8.796
271	MSN4	445	450	-	8.796
272	MSN4	156	161	+	8.796
272	MSN4	314	319	+	8.796
272	MSN4	324	329	-	8.796
273	MSN4	91	96	-	8.796
273	MSN4	104	109	+	8.796
273	MSN4	195	200	+	8.796
273	MSN4	296	301	-	8.796
273	MSN4	310	315	-	8.796
273	MSN4	414	419	+	8.796
274	MSN4	400	405	+	8.796
274	MSN4	411	416	+	8.796
274	MSN4	429	434	-	8.796
275	MSN4	438	443	-	8.796
275	MSN4	443	448	-	8.796
275	MSN4	454	459	-	8.796
276	MSN4	48	53	-	8.796
276	MSN4	134	139	+	8.796
276	MSN4	145	150	+	8.796
276	MSN4	150	155	+	8.796
277	MSN4	4	9	+	8.796
277	MSN4	367	372	-	8.796
277	MSN4	422	427	-	8.796
277	MSN4	461	466	-	8.796
278	MSN4	30	35	-	8.796
278	MSN4	69	74	-	8.796
278	MSN4	118	123	+	8.796
278	MSN4	411	416	-	8.796
278	MSN4	455	460	-	8.796
279	MSN4	167	172	+	8.796
279	MSN4	188	193	-	8.796
279	MSN4	197	202	-	8.796
279	MSN4	341	346	+	8.796
279	MSN4	362	367	+	8.796
279	MSN4	414	419	-	8.796
280	MSN4	306	311	-	8.796
280	MSN4	377	382	+	8.796
280	MSN4	429	434	-	8.796
280	MSN4	440	445	-	8.796
281	MSN4	42	47	-	8.796
281	MSN4	423	428	+	8.796
281	MSN4	429	434	+	8.796
282	MSN4	26	31	+	8.796
282	MSN4	50	55	+	8.796
282	MSN4	307	312	-	8.796
282	MSN4	356	361	+	8.796
282	MSN4	385	390	-	8.796
282	MSN4	429	434	-	8.796
283	MSN4	41	46	-	8.796
283	MSN4	158	163	+	8.796
283	MSN4	202	207	+	8.796
283	MSN4	231	236	-	8.796
283	MSN4	280	285	+	8.796
284	MSN4	130	135	-	8.796
284	MSN4	152	157	-	8.796
284	MSN4	162	167	+	8.796
284	MSN4	277	282	-	8.796
284	MSN4	283	288	-	8.796
285	MSN4	111	116	+	8.796
286	MSN4	104	109	+	8.796
286	MSN4	122	127	-	8.796
286	MSN4	229	234	+	8.796
286	MSN4	287	292	+	8.796
286	MSN4	339	344	-	8.796
286	MSN4	346	351	-	8.796
286	MSN4	445	450	-	8.796
287	MSN4	68	73	+	8.796
287	MSN4	205	210	+	8.796
287	MSN4	304	309	+	8.796
287	MSN4	311	316	+	8.796
287	MSN4	363	368	-	8.796
287	MSN4	421	426	-	8.796
288	MSN4	133	138	-	8.796
288	MSN4	176	181	-	8.796
288	MSN4	194	199	+	8.796
288	MSN4	451	456	-	8.796
288	MSN4	492	497	+	8.796
289	MSN4	207	212	-	8.796
289	MSN4	248	253	+	8.796
289	MSN4	261	266	+	8.796
289	MSN4	495	500	-	8.796
290	MSN4	218	223	+	8.796
290	MSN4	409	414	+	8.796
290	MSN4	414	419	+	8.796
290	MSN4	492	497	-	8.796
291	MSN4	58	63	+	8.796
291	MSN4	136	141	-	8.796
291	MSN4	141	146	-	8.796
291	MSN4	332	337	-	8.796
292	MSN4	50	55	+	8.796
292	MSN4	186	191	+	8.796
292	MSN4	192	197	+	8.796
292	MSN4	428	433	+	8.796
293	MSN4	43	48	+	8.796
293	MSN4	50	55	+	8.796
293	MSN4	126	131	-	8.796
293	MSN4	362	367	-	8.796
293	MSN4	368	373	-	8.796
294	MSN4	179	184	+	8.796
294	MSN4	237	242	-	8.796
294	MSN4	264	269	-	8.796
294	MSN4	287	292	-	8.796
295	MSN4	49	54	-	8.796
295	MSN4	196	201	+	8.796
295	MSN4	321	326	+	8.796
295	MSN4	351	356	+	8.796
296	MSN4	146	151	+	8.796
296	MSN4	202	207	-	8.796
296	MSN4	400	405	+	8.796
296	MSN4	464	469	-	8.796
296	MSN4	494	499	-	8.796
297	MSN4	77	82	+	8.796
297	MSN4	111	116	-	8.796
297	MSN4	162	167	+	8.796
297	MSN4	207	212	-	8.796
297	MSN4	313	318	+	8.796
297	MSN4	326	331	-	8.796
297	MSN4	446	451	-	8.796
298	MSN4	8	13	-	8.796
298	MSN4	41	46	+	8.796
298	MSN4	199	204	+	8.796
298	MSN4	319	324	+	8.796
298	MSN4	373	378	+	8.796
299	MSN4	144	149	-	8.796
299	MSN4	275	280	-	8.796
299	MSN4	289	294	+	8.796
299	MSN4	321	326	-	8.796
299	MSN4	395	400	+	8.796
300	MSN4	259	264	-	8.796
300	MSN4	333	338	+	8.796
300	MSN4	365	370	-	8.796
300	MSN4	379	384	+	8.796
301	MSN4	265	270	+	8.796
301	MSN4	290	295	+	8.796
301	MSN4	306	311	-	8.796
301	MSN4	333	338	+	8.796
301	MSN4	377	382	-	8.796
301	MSN4	467	472	-	8.796
301	MSN4	490	495	-	8.796
302	MSN4	166	171	+	8.796
302	MSN4	189	194	+	8.796
302	MSN4	279	284	+	8.796
302	MSN4	323	328	-	8.796
302	MSN4	350	355	+	8.796
302	MSN4	366	371	-	8.796
302	MSN4	391	396	-	8.796
303	MSN4	221	226	-	8.796
303	MSN4	402	407	-	8.796
304	MSN4	15	20	-	8.796
304	MSN4	316	321	+	8.796
304	MSN4	396	401	-	8.796
304	MSN4	405	410	-	8.796
304	MSN4	414	419	-	8.796
304	MSN4	442	447	-	8.796
305	MSN4	34	39	-	8.796
305	MSN4	112	117	+	8.796
305	MSN4	141	146	+	8.796
305	MSN4	189	194	-	8.796
305	MSN4	234	239	-	8.796
306	MSN4	79	84	-	8.796
306	MSN4	145	150	-	8.796
306	MSN4	320	325	-	8.796
306	MSN4	336	341	+	8.796
306	MSN4	360	365	+	8.796
307	MSN4	103	108	+	8.796
307	MSN4	169	174	+	8.796
307	MSN4	298	303	+	8.796
307	MSN4	414	419	-	8.796
308	MSN4	294	299	+	8.796
308	MSN4	306	311	+	8.796
310	MSN4	33	38	+	8.796
310	MSN4	232	237	+	8.796
310	MSN4	377	382	+	8.796
310	MSN4	389	394	-	8.796
311	MSN4	120	125	+	8.796
311	MSN4	185	190	+	8.796
311	MSN4	296	301	-	8.796
311	MSN4	357	362	-	8.796
311	MSN4	380	385	-	8.796
311	MSN4	411	416	+	8.796
311	MSN4	439	444	-	8.796
312	MSN4	253	258	-	8.796
312	MSN4	265	270	-	8.796
312	MSN4	282	287	-	8.796
312	MSN4	442	447	+	8.796
312	MSN4	468	473	+	8.796
313	MSN4	166	171	-	8.796
313	MSN4	356	361	+	8.796
314	MSN4	36	41	-	8.796
314	MSN4	135	140	+	8.796
314	MSN4	272	277	+	8.796
314	MSN4	281	286	+	8.796
314	MSN4	336	341	-	8.796
314	MSN4	343	348	+	8.796
314	MSN4	414	419	+	8.796
315	MSN4	37	42	-	8.796
315	MSN4	51	56	-	8.796
315	MSN4	105	110	+	8.796
315	MSN4	205	210	+	8.796
315	MSN4	215	220	+	8.796
315	MSN4	320	325	-	8.796
315	MSN4	471	476	+	8.796
316	MSN4	68	73	+	8.796
316	MSN4	435	440	-	8.796
317	MSN4	158	163	-	8.796
317	MSN4	312	317	-	8.796
317	MSN4	350	355	+	8.796
317	MSN4	437	442	-	8.796
318	MSN4	12	17	+	8.796
318	MSN4	104	109	-	8.796
318	MSN4	118	123	-	8.796
318	MSN4	145	150	-	8.796
318	MSN4	180	185	-	8.796
318	MSN4	205	210	-	8.796
318	MSN4	211	216	+	8.796
318	MSN4	289	294	+	8.796
318	MSN4	296	301	+	8.796
319	MSN4	38	43	-	8.796
319	MSN4	98	103	+	8.796
319	MSN4	106	111	+	8.796
319	MSN4	304	309	-	8.796
319	MSN4	391	396	-	8.796
320	MSN4	211	216	-	8.796
320	MSN4	230	235	-	8.796
320	MSN4	403	408	+	8.796
321	MSN4	9	14	+	8.796
321	MSN4	36	41	-	8.796
321	MSN4	186	191	+	8.796
321	MSN4	248	253	+	8.796
321	MSN4	288	293	-	8.796
321	MSN4	465	470	-	8.796
322	MSN4	32	37	-	8.796
322	MSN4	193	198	+	8.796
322	MSN4	200	205	-	8.796
322	MSN4	214	219	+	8.796
322	MSN4	222	227	-	8.796
322	MSN4	231	236	+	8.796
322	MSN4	474	479	-	8.796
324	MSN4	113	118	+	8.796
324	MSN4	137	142	-	8.796
324	MSN4	229	234	-	8.796
325	MSN4	27	32	-	8.796
325	MSN4	135	140	+	8.796
325	MSN4	255	260	-	8.796
325	MSN4	304	309	-	8.796
325	MSN4	339	344	-	8.796
325	MSN4	404	409	+	8.796
325	MSN4	454	459	+	8.796
326	MSN4	10	15	+	8.796
326	MSN4	32	37	+	8.796
326	MSN4	196	201	+	8.796
326	MSN4	266	271	-	8.796
326	MSN4	272	277	+	8.796
326	MSN4	293	298	-	8.796
327	MSN4	52	57	+	8.796
327	MSN4	73	78	-	8.796
327	MSN4	79	84	+	8.796
327	MSN4	149	154	-	8.796
327	MSN4	313	318	-	8.796
327	MSN4	335	340	-	8.796
328	MSN4	27	32	-	8.796
328	MSN4	96	101	-	8.796
328	MSN4	296	301	-	8.796
328	MSN4	306	311	+	8.796
328	MSN4	316	321	-	8.796
328	MSN4	398	403	+	8.796
328	MSN4	408	413	+	8.796
329	MSN4	104	109	-	8.796
329	MSN4	128	133	-	8.796
329	MSN4	156	161	+	8.796
329	MSN4	377	382	+	8.796
330	MSN4	255	260	-	8.796
331	MSN4	111	116	-	8.796
331	MSN4	119	124	-	8.796
331	MSN4	170	175	-	8.796
331	MSN4	215	220	+	8.796
331	MSN4	287	292	-	8.796
331	MSN4	296	301	-	8.796
331	MSN4	328	333	-	8.796
331	MSN4	335	340	+	8.796
331	MSN4	443	448	-	8.796
331	MSN4	483	488	-	8.796
332	MSN4	10	15	+	8.796
332	MSN4	171	176	+	8.796
332	MSN4	446	451	-	8.796
333	MSN4	94	99	-	8.796
333	MSN4	304	309	-	8.796
333	MSN4	382	387	+	8.796
333	MSN4	471	476	+	8.796
334	MSN4	57	62	+	8.796
334	MSN4	280	285	+	8.796
334	MSN4	342	347	-	8.796
334	MSN4	351	356	-	8.796
334	MSN4	426	431	-	8.796
334	MSN4	444	449	-	8.796
335	MSN4	5	10	+	8.796
335	MSN4	23	28	+	8.796
335	MSN4	98	103	+	8.796
335	MSN4	107	112	+	8.796
335	MSN4	169	174	-	8.796
335	MSN4	392	397	-	8.796
336	MSN4	73	78	+	8.796
337	MSN4	100	105	-	8.796
337	MSN4	210	215	+	8.796
337	MSN4	289	294	-	8.796
337	MSN4	295	300	-	8.796
338	MSN4	118	123	-	8.796
338	MSN4	206	211	-	8.796
338	MSN4	295	300	+	8.796
338	MSN4	387	392	-	8.796
338	MSN4	489	494	+	8.796
339	MSN4	117	122	-	8.796
339	MSN4	216	221	+	8.796
339	MSN4	230	235	+	8.796
339	MSN4	330	335	-	8.796
339	MSN4	343	348	-	8.796
339	MSN4	481	486	-	8.796
340	MSN4	189	194	-	8.796
340	MSN4	202	207	+	8.796
340	MSN4	366	371	-	8.796
341	MSN4	51	56	+	8.796
341	MSN4	267	272	-	8.796
341	MSN4	400	405	+	8.796
342	MSN4	82	87	+	8.796
342	MSN4	148	153	+	8.796
342	MSN4	156	161	+	8.796
342	MSN4	327	332	-	8.796
342	MSN4	353	358	+	8.796
342	MSN4	494	499	-	8.796
343	MSN4	429	434	-	8.796
343	MSN4	491	496	+	8.796
344	MSN4	82	87	-	8.796
344	MSN4	144	149	+	8.796
345	MSN4	216	221	-	8.796
345	MSN4	341	346	-	8.796
345	MSN4	442	447	-	8.796
346	MSN4	32	37	-	8.796
346	MSN4	125	130	+	8.796
346	MSN4	146	151	-	8.796
347	MSN4	281	286	+	8.796
347	MSN4	426	431	+	8.796
347	MSN4	459	464	+	8.796
347	MSN4	471	476	+	8.796
348	MSN4	76	81	+	8.796
348	MSN4	416	421	-	8.796
349	MSN4	330	335	-	8.796
349	MSN4	335	340	-	8.796
349	MSN4	372	377	+	8.796
350	MSN4	88	93	-	8.796
350	MSN4	126	131	+	8.796
350	MSN4	201	206	+	8.796
350	MSN4	440	445	+	8.796
351	MSN4	0	5	-	8.796
351	MSN4	62	67	+	8.796
351	MSN4	72	77	+	8.796
351	MSN4	85	90	+	8.796
351	MSN4	110	115	+	8.796
351	MSN4	179	184	-	8.796
351	MSN4	250	255	+	8.796
351	MSN4	319	324	+	8.796
351	MSN4	401	406	+	8.796
351	MSN4	472	477	-	8.796
352	MSN4	39	44	-	8.796
352	MSN4	166	171	+	8.796
352	MSN4	382	387	-	8.796
352	MSN4	393	398	-	8.796
352	MSN4	434	439	-	8.796
353	MSN4	151	156	-	8.796
353	MSN4	278	283	+	8.796
353	MSN4	356	361	+	8.796
353	MSN4	494	499	-	8.796
354	MSN4	107	112	+	8.796
354	MSN4	306	311	+	8.796
354	MSN4	317	322	-	8.796
355	MSN4	26	31	-	8.796
355	MSN4	321	326	-	8.796
355	MSN4	391	396	-	8.796
356	MSN4	32	37	-	8.796
356	MSN4	241	246	+	8.796
356	MSN4	298	303	-	8.796
357	MSN4	6	11	-	8.796
357	MSN4	86	91	+	8.796
357	MSN4	97	102	+	8.796
357	MSN4	201	206	-	8.796
357	MSN4	314	319	-	8.796
357	MSN4	369	374	-	8.796
357	MSN4	468	473	-	8.796
358	MSN4	16	21	-	8.796
358	MSN4	113	118	-	8.796
358	MSN4	127	132	+	8.796
359	MSN4	106	111	-	8.796
359	MSN4	129	134	-	8.796
359	MSN4	161	166	+	8.796
359	MSN4	194	199	-	8.796
359	MSN4	223	228	-	8.796
359	MSN4	388	393	+	8.796
359	MSN4	404	409	+	8.796
359	MSN4	426	431	+	8.796
360	MSN4	224	229	-	8.796
360	MSN4	230	235	+	8.796
361	MSN4	366	371	-	8.796
361	MSN4	371	376	+	8.796
361	MSN4	490	495	-	8.796
362	MSN4	107	112	-	8.796
362	MSN4	137	142	-	8.796
362	MSN4	283	288	+	8.796
363	MSN4	140	145	+	8.796
363	MSN4	299	304	+	8.796
364	MSN4	62	67	-	8.796
364	MSN4	422	427	+	8.796
364	MSN4	476	481	+	8.796
365	MSN4	55	60	-	8.796
365	MSN4	423	428	-	8.796
366	MSN4	25	30	+	8.796
366	MSN4	50	55	-	8.796
366	MSN4	102	107	+	8.796
366	MSN4	117	122	+	8.796
366	MSN4	150	155	-	8.796
367	MSN4	40	45	+	8.796
367	MSN4	48	53	+	8.796
367	MSN4	59	64	+	8.796
367	MSN4	177	182	+	8.796
367	MSN4	195	200	+	8.796
367	MSN4	231	236	-	8.796
368	MSN4	213	218	-	8.796
368	MSN4	252	257	-	8.796
368	MSN4	258	263	-	8.796
368	MSN4	397	402	+	8.796
368	MSN4	482	487	-	8.796
369	MSN4	121	126	+	8.796
369	MSN4	154	159	-	8.796
369	MSN4	159	164	-	8.796
369	MSN4	210	215	+	8.796
369	MSN4	282	287	+	8.796
369	MSN4	321	326	+	8.796
370	MSN4	205	210	+	8.796
370	MSN4	452	457	-	8.796
371	MSN4	213	218	-	8.796
372	MSN4	76	81	+	8.796
372	MSN4	273	278	+	8.796
373	MSN4	362	367	-	8.796
373	MSN4	402	407	-	8.796
374	MSN4	49	54	+	8.796
374	MSN4	116	121	+	8.796
374	MSN4	402	407	+	8.796
374	MSN4	442	447	+	8.796
375	MSN4	297	302	+	8.796
375	MSN4	396	401	-	8.796
375	MSN4	490	495	-	8.796
376	MSN4	262	267	-	8.796
376	MSN4	274	279	-	8.796
376	MSN4	466	471	+	8.796
377	MSN4	23	28	-	8.796
377	MSN4	294	299	+	8.796
377	MSN4	321	326	-	8.796
377	MSN4	356	361	+	8.796
377	MSN4	486	491	+	8.796
378	MSN4	165	170	+	8.796
378	MSN4	320	325	-	8.796
378	MSN4	326	331	-	8.796
378	MSN4	396	401	-	8.796
378	MSN4	489	494	-	8.796
379	MSN4	90	95	-	8.796
379	MSN4	96	101	+	8.796
379	MSN4	150	155	+	8.796
379	MSN4	214	219	+	8.796
379	MSN4	242	247	+	8.796
379	MSN4	299	304	-	8.796
379	MSN4	354	359	+	8.796
379	MSN4	362	367	+	8.796
380	MSN4	125	130	+	8.796
380	MSN4	317	322	+	8.796
380	MSN4	352	357	-	8.796
380	MSN4	359	364	+	8.796
380	MSN4	474	479	-	8.796
381	MSN4	255	260	+	8.796
381	MSN4	472	477	-	8.796
382	MSN4	96	101	-	8.796
382	MSN4	243	248	-	8.796
382	MSN4	293	298	-	8.796
382	MSN4	369	374	+	8.796
382	MSN4	394	399	-	8.796
383	MSN4	137	142	+	8.796
383	MSN4	173	178	-	8.796
383	MSN4	209	214	+	8.796
383	MSN4	222	227	-	8.796
383	MSN4	266	271	+	8.796
383	MSN4	273	278	+	8.796
383	MSN4	293	298	+	8.796
383	MSN4	309	314	+	8.796
383	MSN4	349	354	-	8.796
383	MSN4	375	380	-	8.796
384	MSN4	236	241	-	8.796
384	MSN4	331	336	+	8.796
385	MSN4	274	279	+	8.796
385	MSN4	300	305	+	8.796
385	MSN4	306	311	+	8.796
386	MSN4	50	55	+	8.796
386	MSN4	67	72	+	8.796
387	MSN4	106	111	-	8.796
387	MSN4	123	128	-	8.796
387	MSN4	225	230	+	8.796
387	MSN4	244	249	+	8.796
387	MSN4	250	255	+	8.796
387	MSN4	301	306	+	8.796
387	MSN4	314	319	+	8.796
388	MSN4	215	220	+	8.796
388	MSN4	253	258	+	8.796
388	MSN4	297	302	+	8.796
389	MSN4	5	10	+	8.796
389	MSN4	20	25	+	8.796
389	MSN4	49	54	+	8.796
389	MSN4	65	70	-	8.796
389	MSN4	100	105	+	8.796
389	MSN4	112	117	+	8.796
389	MSN4	192	197	+	8.796
389	MSN4	201	206	-	8.796
389	MSN4	210	215	+	8.796
389	MSN4	255	260	+	8.796
389	MSN4	305	310	-	8.796
389	MSN4	412	417	-	8.796
390	MSN4	59	64	-	8.796
390	MSN4	71	76	-	8.796
390	MSN4	106	111	+	8.796
390	MSN4	122	127	-	8.796
390	MSN4	151	156	-	8.796
390	MSN4	166	171	-	8.796
390	MSN4	323	328	+	8.796
390	MSN4	398	403	+	8.796
391	MSN4	164	169	+	8.796
391	MSN4	180	185	+	8.796
391	MSN4	286	291	-	8.796
392	MSN4	151	156	+	8.796
392	MSN4	175	180	+	8.796
392	MSN4	222	227	+	8.796
392	MSN4	291	296	+	8.796
392	MSN4	393	398	+	8.796
392	MSN4	444	449	-	8.796
392	MSN4	481	486	+	8.796
393	MSN4	429	434	-	8.796
393	MSN4	440	445	+	8.796
394	MSN4	17	22	-	8.796
395	MSN4	108	113	-	8.796
395	MSN4	340	345	-	8.796
395	MSN4	345	350	-	8.796
395	MSN4	443	448	-	8.796
396	MSN4	255	260	-	8.796
396	MSN4	271	276	-	8.796
29	NDT80	251	261	-	10.549
77	NDT80	397	407	-	10.624
83	NDT80	339	349	-	10.061
125	NDT80	120	130	+	11.672
180	NDT80	166	176	-	10.201
183	NDT80	90	100	-	11.672
187	NDT80	259	269	-	10.774
191	NDT80	103	113	-	10.549
218	NDT80	423	433	-	10.468
219	NDT80	186	196	+	10.468
244	NDT80	109	119	+	10.093
256	NDT80	199	209	+	10.317
259	NDT80	123	133	+	10.242
282	NDT80	276	286	-	11.25
283	NDT80	306	316	+	11.25
296	NDT80	307	317	-	10.624
332	NDT80	28	38	+	11.672
346	NDT80	161	171	+	10.846
349	NDT80	359	369	-	11.672
352	NDT80	411	421	+	10.093
362	NDT80	267	277	+	10.317
3	NSI1	411	417	-	11.564
7	NSI1	397	403	+	11.564
7	NSI1	470	476	-	11.564
13	NSI1	433	439	-	11.564
14	NSI1	446	452	-	11.564
15	NSI1	38	44	-	11.564
15	NSI1	331	337	-	11.564
24	NSI1	261	267	-	11.564
24	NSI1	304	310	+	11.564
25	NSI1	467	473	-	11.564
30	NSI1	269	275	+	11.564
41	NSI1	296	302	+	11.564
41	NSI1	350	356	+	11.564
41	NSI1	414	420	-	11.564
44	NSI1	418	424	-	11.564
47	NSI1	80	86	-	11.564
49	NSI1	319	325	-	11.564
59	NSI1	315	321	+	11.564
63	NSI1	370	376	+	11.564
68	NSI1	122	128	-	11.564
73	NSI1	190	196	+	11.564
79	NSI1	466	472	+	11.564
87	NSI1	16	22	-	11.564
87	NSI1	45	51	-	11.564
88	NSI1	67	73	-	11.564
100	NSI1	105	111	-	11.564
104	NSI1	73	79	+	11.564
105	NSI1	354	360	-	11.564
105	NSI1	386	392	+	11.564
107	NSI1	186	192	-	11.564
108	NSI1	312	318	-	11.564
109	NSI1	48	54	-	11.564
109	NSI1	392	398	-	11.564
110	NSI1	249	255	-	11.564
110	NSI1	350	356	-	11.564
111	NSI1	101	107	+	11.564
121	NSI1	120	126	-	11.564
128	NSI1	488	494	+	11.564
134	NSI1	384	390	+	11.564
138	NSI1	171	177	-	11.564
143	NSI1	169	175	+	11.564
144	NSI1	304	310	-	11.564
148	NSI1	256	262	+	11.564
152	NSI1	32	38	-	11.564
157	NSI1	252	258	-	11.564
158	NSI1	409	415	-	11.564
159	NSI1	80	86	-	11.564
159	NSI1	339	345	+	11.564
161	NSI1	361	367	-	11.564
162	NSI1	400	406	+	11.564
170	NSI1	243	249	-	11.564
175	NSI1	90	96	-	11.564
176	NSI1	74	80	+	11.564
177	NSI1	492	498	+	11.564
178	NSI1	277	283	-	11.564
181	NSI1	154	160	+	11.564
181	NSI1	255	261	+	11.564
182	NSI1	444	450	-	11.564
189	NSI1	294	300	-	11.564
189	NSI1	387	393	-	11.564
190	NSI1	57	63	-	11.564
195	NSI1	322	328	+	11.564
198	NSI1	150	156	-	11.564
199	NSI1	60	66	+	11.564
207	NSI1	363	369	-	11.564
207	NSI1	415	421	+	11.564
212	NSI1	445	451	-	11.564
217	NSI1	118	124	-	11.564
227	NSI1	76	82	+	11.564
234	NSI1	193	199	-	11.564
236	NSI1	19	25	-	11.564
241	NSI1	294	300	-	11.564
246	NSI1	75	81	+	11.564
247	NSI1	227	233	+	11.564
248	NSI1	159	165	+	11.564
257	NSI1	414	420	-	11.564
259	NSI1	19	25	-	11.564
260	NSI1	327	333	+	11.564
263	NSI1	195	201	-	11.564
268	NSI1	454	460	-	11.564
269	NSI1	411	417	-	11.564
271	NSI1	493	499	+	11.564
285	NSI1	157	163	-	11.564
285	NSI1	170	176	+	11.564
294	NSI1	305	311	+	11.564
298	NSI1	414	420	+	11.564
306	NSI1	127	133	+	11.564
307	NSI1	120	126	-	11.564
313	NSI1	348	354	+	11.564
318	NSI1	65	71	+	11.564
319	NSI1	183	189	+	11.564
320	NSI1	172	178	+	11.564
321	NSI1	429	435	+	11.564
323	NSI1	25	31	+	11.564
324	NSI1	215	221	+	11.564
324	NSI1	362	368	+	11.564
331	NSI1	313	319	+	11.564
333	NSI1	14	20	+	11.564
334	NSI1	30	36	+	11.564
335	NSI1	418	424	-	11.564
336	NSI1	221	227	+	11.564
337	NSI1	467	473	+	11.564
338	NSI1	394	400	-	11.564
342	NSI1	61	67	+	11.564
358	NSI1	49	55	+	11.564
360	NSI1	139	145	-	11.564
375	NSI1	154	160	-	11.564
376	NSI1	57	63	-	11.564
378	NSI1	342	348	+	11.564
381	NSI1	338	344	-	11.564
391	NSI1	52	58	+	11.564
396	NSI1	45	51	-	11.564
396	NSI1	439	445	-	11.564
0	ORC1	107	124	-	9.179
11	ORC1	305	322	-	4.929
14	ORC1	101	118	+	10.206
31	ORC1	208	225	+	8.443
39	ORC1	87	104	+	7.313
42	ORC1	58	75	+	4.586
44	ORC1	196	213	+	4.36
60	ORC1	192	209	-	11.59
60	ORC1	225	242	-	6.412
115	ORC1	20	37	-	13.378
115	ORC1	21	38	-	12.532
115	ORC1	22	39	-	20.444
115	ORC1	23	40	-	13.134
115	ORC1	24	41	-	11.934
115	ORC1	25	42	-	5.065
123	ORC1	104	121	-	6.099
145	ORC1	366	383	+	5.719
145	ORC1	368	385	+	5.719
145	ORC1	370	387	+	5.719
170	ORC1	228	245	+	5.836
170	ORC1	229	246	+	8.312
175	ORC1	11	28	+	5.971
193	ORC1	49	66	+	8.72
235	ORC1	416	433	+	19.817
235	ORC1	418	435	+	9.716
235	ORC1	420	437	+	14.798
236	ORC1	433	450	+	12.953
237	ORC1	248	265	-	12.953
260	ORC1	49	66	+	9.179
261	ORC1	107	124	-	9.179
279	ORC1	278	295	-	7.547
281	ORC1	164	181	+	7.586
282	ORC1	469	486	+	8.545
283	ORC1	106	123	-	8.545
306	ORC1	262	279	+	9.231
306	ORC1	265	282	+	5.37
356	ORC1	83	100	+	5.719
356	ORC1	85	102	+	5.719
356	ORC1	87	104	+	5.719
356	ORC1	89	106	+	5.719
356	ORC1	91	108	+	5.719
360	ORC1	237	254	+	13.637
383	ORC1	97	114	+	7.945
385	ORC1	364	381	+	4.562
4	PDR1	457	465	-	13.801
10	PDR1	434	442	-	12.126
21	PDR1	457	465	-	13.801
27	PDR1	208	216	+	11.805
47	PDR1	42	50	-	13.801
50	PDR1	204	212	+	11.981
82	PDR1	382	390	-	11.805
109	PDR1	151	159	+	11.805
119	PDR1	457	465	-	13.801
124	PDR1	475	483	+	13.801
134	PDR1	254	262	-	11.805
201	PDR1	113	121	-	12.126
207	PDR1	24	32	-	13.801
213	PDR1	66	74	+	13.801
214	PDR1	83	91	-	13.801
216	PDR1	438	446	-	11.981
218	PDR1	58	66	+	13.801
222	PDR1	483	491	-	11.805
281	PDR1	59	67	-	12.126
282	PDR1	54	62	+	11.805
328	PDR1	457	465	-	13.801
357	PDR1	271	279	+	11.981
367	PDR1	78	86	+	12.126
372	PDR1	224	232	+	11.805
376	PDR1	319	327	-	12.126
383	PDR1	388	396	-	11.981
23	PHD1.1	452	462	+	10.926
52	PHD1.1	162	172	+	10.437
62	PHD1.1	128	138	-	10.469
64	PHD1.1	201	211	-	10.559
70	PHD1.1	76	86	+	10.593
106	PHD1.1	159	169	-	10.469
119	PHD1.1	232	242	+	10.588
122	PHD1.1	465	475	+	11.061
132	PHD1.1	454	464	-	10.412
140	PHD1.1	170	180	+	11.419
155	PHD1.1	58	68	+	10.916
160	PHD1.1	451	461	-	10.656
166	PHD1.1	127	137	-	11.174
195	PHD1.1	259	269	+	10.661
273	PHD1.1	465	475	+	10.614
376	PHD1.1	239	249	-	11.319
379	PHD1.1	141	151	-	10.611
384	PHD1.1	16	26	-	11.393
395	PHD1.1	6	16	-	10.958
2	PHO2	433	443	+	11.133
25	PHO2	276	286	+	11.778
33	PHO2	432	442	+	10.387
34	PHO2	182	192	+	11.627
37	PHO2	200	210	-	10.711
45	PHO2	365	375	-	11.114
57	PHO2	413	423	+	10.46
63	PHO2	276	286	-	11.72
69	PHO2	195	205	-	11.703
73	PHO2	273	283	+	10.966
76	PHO2	73	83	+	10.728
106	PHO2	84	94	+	10.783
106	PHO2	324	334	-	10.573
136	PHO2	188	198	+	10.857
139	PHO2	98	108	-	11.418
139	PHO2	474	484	+	10.46
140	PHO2	321	331	-	10.46
166	PHO2	115	125	-	10.712
188	PHO2	152	162	-	10.783
236	PHO2	442	452	+	10.812
237	PHO2	246	256	-	10.812
243	PHO2	213	223	+	11.097
262	PHO2	207	217	+	11.114
281	PHO2	339	349	+	10.664
304	PHO2	108	118	+	11.031
312	PHO2	85	95	-	10.353
313	PHO2	61	71	+	10.353
348	PHO2	228	238	+	10.783
380	PHO2	294	304	+	10.681
380	PHO2	457	467	+	11.031
41	PUL4	353	373	+	15.28
100	PUL4	366	386	+	13.416
102	PUL4	288	308	-	12.278
139	PUL4	145	165	+	12.753
139	PUL4	239	259	+	12.524
218	PUL4	387	407	-	14.384
219	PUL4	212	232	+	14.384
265	PUL4	178	198	-	13.513
265	PUL4	239	259	+	13.064
273	PUL4	219	239	-	12.45
325	PUL4	70	90	+	12.715
329	PUL4	260	280	+	13.127
339	PUL4	315	335	-	12.984
346	PUL4	476	496	-	12.711
351	PUL4	134	154	-	13.496
388	PUL4	21	41	-	12.41
390	PUL4	341	361	+	13.034
1	RAP1	269	282	+	13.106
31	RAP1	283	296	+	11.25
50	RAP1	141	154	+	11.006
51	RAP1	211	224	-	12.536
63	RAP1	165	178	+	11.848
67	RAP1	269	282	-	12.07
67	RAP1	274	287	+	14.064
72	RAP1	44	57	+	11.987
77	RAP1	177	190	-	11.296
83	RAP1	243	256	-	12.031
88	RAP1	139	152	-	13.632
93	RAP1	121	134	+	15.484
93	RAP1	122	135	-	15.991
99	RAP1	258	271	+	14.693
126	RAP1	230	243	+	11.766
135	RAP1	189	202	+	11.363
137	RAP1	40	53	+	11.63
179	RAP1	101	114	+	12.404
179	RAP1	102	115	-	11.143
180	RAP1	30	43	+	11.143
180	RAP1	31	44	-	12.404
195	RAP1	193	206	+	10.651
213	RAP1	10	23	-	10.873
213	RAP1	11	24	+	11.955
214	RAP1	133	146	-	11.955
214	RAP1	134	147	+	10.873
253	RAP1	2	15	-	10.876
259	RAP1	107	120	-	14.985
281	RAP1	103	116	+	13.13
316	RAP1	175	188	+	13.097
316	RAP1	209	222	-	12.893
317	RAP1	9	22	+	12.893
317	RAP1	43	56	-	13.097
346	RAP1	200	213	-	14.305
369	RAP1	71	84	+	10.596
378	RAP1	105	118	-	11.047
378	RAP1	106	119	+	15.381
7	RDR1	248	258	-	9.748
20	RDR1	473	483	-	9.3
52	RDR1	395	405	+	10.061
66	RDR1	50	60	-	9.92
67	RDR1	209	219	+	9.92
70	RDR1	249	259	+	9.745
84	RDR1	192	202	+	10.294
111	RDR1	215	225	-	9.419
113	RDR1	259	269	-	10.303
194	RDR1	379	389	-	10.045
258	RDR1	311	321	+	9.864
258	RDR1	328	338	+	9.671
281	RDR1	60	70	-	10.734
282	RDR1	75	85	+	9.371
287	RDR1	41	51	+	9.587
347	RDR1	50	60	-	9.407
370	RDR1	374	384	-	9.63
371	RDR1	39	49	+	9.63
8	RDS1	50	57	+	12.249
16	RDS1	126	133	+	12.292
17	RDS1	132	139	-	12.292
36	RDS1	442	449	-	12.292
47	RDS1	97	104	+	12.292
55	RDS1	116	123	-	12.292
59	RDS1	251	258	+	12.292
62	RDS1	248	255	-	12.292
74	RDS1	172	179	+	12.292
98	RDS1	291	298	+	12.249
126	RDS1	209	216	+	12.249
180	RDS1	296	303	-	12.292
203	RDS1	139	146	+	12.249
212	RDS1	410	417	+	12.292
222	RDS1	303	310	+	12.249
231	RDS1	105	112	-	12.292
241	RDS1	132	139	-	12.292
245	RDS1	75	82	-	12.292
278	RDS1	305	312	+	12.292
281	RDS1	170	177	-	12.292
313	RDS1	441	448	-	12.292
343	RDS1	457	464	-	12.292
344	RDS1	114	121	+	12.292
354	RDS1	467	474	-	12.292
354	RDS1	488	495	-	12.292
31	REB1	450	463	-	11.096
33	REB1	167	180	-	13.828
79	REB1	3	16	+	11.395
99	REB1	279	292	+	12.056
147	REB1	359	372	-	11.408
154	REB1	435	448	-	14.633
163	REB1	48	61	-	17.917
165	REB1	102	115	+	11.075
169	REB1	177	190	-	11.389
175	REB1	413	426	+	11.787
176	REB1	199	212	-	11.787
188	REB1	419	432	+	15.341
195	REB1	248	261	-	11.45
225	REB1	11	24	-	14.141
245	REB1	18	31	+	11.767
245	REB1	186	199	-	12.241
270	REB1	29	42	-	11.434
270	REB1	57	70	-	11.537
312	REB1	354	367	-	13.846
321	REB1	18	31	-	12.324
0	RGM1	31	36	+	8.717
0	RGM1	45	50	-	8.717
1	RGM1	129	134	-	8.717
1	RGM1	150	155	+	8.717
1	RGM1	234	239	-	8.717
1	RGM1	251	256	-	8.717
1	RGM1	281	286	-	8.717
2	RGM1	21	26	+	8.717
2	RGM1	48	53	+	8.717
2	RGM1	118	123	+	8.717
2	RGM1	125	130	+	8.717
2	RGM1	164	169	+	8.717
2	RGM1	172	177	+	8.717
3	RGM1	75	80	+	8.717
3	RGM1	94	99	-	8.717
3	RGM1	101	106	-	8.717
3	RGM1	405	410	+	8.717
3	RGM1	445	450	-	8.717
4	RGM1	27	32	-	8.717
4	RGM1	96	101	-	8.717
4	RGM1	296	301	-	8.717
4	RGM1	306	311	+	8.717
4	RGM1	316	321	-	8.717
4	RGM1	398	403	+	8.717
4	RGM1	408	413	+	8.717
5	RGM1	216	221	-	8.717
5	RGM1	341	346	-	8.717
5	RGM1	442	447	-	8.717
6	RGM1	50	55	+	8.717
6	RGM1	67	72	+	8.717
7	RGM1	32	37	-	8.717
7	RGM1	50	55	+	8.717
7	RGM1	93	98	+	8.717
7	RGM1	120	125	+	8.717
7	RGM1	175	180	+	8.717
7	RGM1	262	267	-	8.717
7	RGM1	341	346	-	8.717
7	RGM1	358	363	-	8.717
8	RGM1	131	136	+	8.717
8	RGM1	254	259	+	8.717
8	RGM1	283	288	-	8.717
9	RGM1	164	169	+	8.717
9	RGM1	198	203	-	8.717
10	RGM1	226	231	+	8.717
11	RGM1	120	125	-	8.717
12	RGM1	48	53	-	8.717
12	RGM1	119	124	-	8.717
12	RGM1	135	140	+	8.717
12	RGM1	208	213	+	8.717
12	RGM1	260	265	+	8.717
12	RGM1	306	311	+	8.717
13	RGM1	53	58	-	8.717
13	RGM1	137	142	-	8.717
13	RGM1	145	150	-	8.717
13	RGM1	250	255	+	8.717
13	RGM1	289	294	+	8.717
13	RGM1	372	377	-	8.717
14	RGM1	209	214	-	8.717
14	RGM1	388	393	+	8.717
14	RGM1	395	400	+	8.717
15	RGM1	244	249	+	8.717
15	RGM1	445	450	-	8.717
16	RGM1	80	85	-	8.717
16	RGM1	101	106	-	8.717
16	RGM1	118	123	-	8.717
16	RGM1	132	137	-	8.717
16	RGM1	152	157	-	8.717
16	RGM1	163	168	+	8.717
16	RGM1	420	425	-	8.717
17	RGM1	97	102	-	8.717
17	RGM1	108	113	+	8.717
17	RGM1	128	133	+	8.717
17	RGM1	142	147	+	8.717
17	RGM1	159	164	+	8.717
17	RGM1	180	185	+	8.717
17	RGM1	286	291	-	8.717
17	RGM1	299	304	+	8.717
17	RGM1	341	346	-	8.717
17	RGM1	413	418	-	8.717
18	RGM1	11	16	-	8.717
18	RGM1	74	79	-	8.717
18	RGM1	275	280	+	8.717
18	RGM1	311	316	-	8.717
19	RGM1	9	14	+	8.717
19	RGM1	251	256	+	8.717
19	RGM1	265	270	+	8.717
19	RGM1	444	449	-	8.717
20	RGM1	172	177	-	8.717
20	RGM1	178	183	+	8.717
20	RGM1	210	215	+	8.717
20	RGM1	325	330	-	8.717
21	RGM1	151	156	-	8.717
21	RGM1	312	317	+	8.717
21	RGM1	327	332	-	8.717
21	RGM1	333	338	+	8.717
21	RGM1	375	380	-	8.717
22	RGM1	81	86	-	8.717
22	RGM1	94	99	+	8.717
22	RGM1	103	108	+	8.717
22	RGM1	173	178	-	8.717
22	RGM1	333	338	+	8.717
22	RGM1	423	428	-	8.717
23	RGM1	92	97	-	8.717
23	RGM1	255	260	+	8.717
23	RGM1	269	274	+	8.717
24	RGM1	199	204	-	8.717
24	RGM1	236	241	-	8.717
24	RGM1	251	256	+	8.717
24	RGM1	257	262	+	8.717
24	RGM1	266	271	+	8.717
24	RGM1	285	290	+	8.717
25	RGM1	189	194	+	8.717
25	RGM1	237	242	-	8.717
25	RGM1	262	267	-	8.717
25	RGM1	357	362	-	8.717
26	RGM1	6	11	-	8.717
26	RGM1	71	76	+	8.717
26	RGM1	101	106	+	8.717
26	RGM1	174	179	+	8.717
26	RGM1	189	194	+	8.717
26	RGM1	249	254	+	8.717
26	RGM1	433	438	-	8.717
27	RGM1	156	161	-	8.717
28	RGM1	59	64	+	8.717
28	RGM1	108	113	+	8.717
28	RGM1	164	169	+	8.717
28	RGM1	413	418	-	8.717
29	RGM1	164	169	-	8.717
29	RGM1	268	273	+	8.717
30	RGM1	252	257	-	8.717
30	RGM1	265	270	-	8.717
30	RGM1	315	320	-	8.717
31	RGM1	79	84	+	8.717
31	RGM1	156	161	+	8.717
31	RGM1	171	176	-	8.717
31	RGM1	248	253	+	8.717
32	RGM1	12	17	+	8.717
32	RGM1	67	72	-	8.717
32	RGM1	151	156	+	8.717
34	RGM1	30	35	-	8.717
34	RGM1	112	117	+	8.717
34	RGM1	334	339	+	8.717
35	RGM1	74	79	+	8.717
35	RGM1	177	182	+	8.717
35	RGM1	202	207	+	8.717
35	RGM1	444	449	-	8.717
36	RGM1	29	34	-	8.717
36	RGM1	295	300	+	8.717
36	RGM1	471	476	+	8.717
37	RGM1	30	35	-	8.717
38	RGM1	101	106	-	8.717
38	RGM1	143	148	+	8.717
38	RGM1	196	201	+	8.717
38	RGM1	243	248	-	8.717
38	RGM1	269	274	-	8.717
38	RGM1	306	311	+	8.717
38	RGM1	403	408	+	8.717
39	RGM1	138	143	+	8.717
39	RGM1	143	148	-	8.717
39	RGM1	255	260	-	8.717
40	RGM1	70	75	-	8.717
40	RGM1	129	134	+	8.717
40	RGM1	175	180	+	8.717
40	RGM1	205	210	+	8.717
40	RGM1	214	219	-	8.717
41	RGM1	191	196	+	8.717
41	RGM1	207	212	+	8.717
42	RGM1	144	149	-	8.717
42	RGM1	230	235	+	8.717
42	RGM1	264	269	+	8.717
42	RGM1	331	336	+	8.717
43	RGM1	129	134	-	8.717
43	RGM1	213	218	+	8.717
43	RGM1	231	236	+	8.717
43	RGM1	240	245	+	8.717
43	RGM1	281	286	+	8.717
43	RGM1	294	299	+	8.717
43	RGM1	315	320	+	8.717
43	RGM1	389	394	+	8.717
44	RGM1	249	254	+	8.717
45	RGM1	10	15	-	8.717
45	RGM1	43	48	-	8.717
45	RGM1	64	69	-	8.717
46	RGM1	137	142	+	8.717
46	RGM1	158	163	+	8.717
46	RGM1	191	196	+	8.717
46	RGM1	202	207	+	8.717
46	RGM1	267	272	+	8.717
47	RGM1	421	426	-	8.717
48	RGM1	35	40	+	8.717
48	RGM1	207	212	+	8.717
48	RGM1	251	256	+	8.717
49	RGM1	98	103	+	8.717
49	RGM1	179	184	+	8.717
49	RGM1	246	251	+	8.717
50	RGM1	36	41	+	8.717
51	RGM1	34	39	-	8.717
51	RGM1	119	124	+	8.717
52	RGM1	421	426	-	8.717
53	RGM1	82	87	-	8.717
53	RGM1	205	210	-	8.717
53	RGM1	244	249	+	8.717
53	RGM1	251	256	+	8.717
53	RGM1	260	265	+	8.717
53	RGM1	268	273	+	8.717
53	RGM1	288	293	-	8.717
53	RGM1	317	322	-	8.717
54	RGM1	4	9	-	8.717
54	RGM1	35	40	-	8.717
54	RGM1	146	151	-	8.717
54	RGM1	201	206	+	8.717
54	RGM1	225	230	-	8.717
54	RGM1	287	292	-	8.717
54	RGM1	467	472	-	8.717
55	RGM1	225	230	+	8.717
55	RGM1	283	288	+	8.717
55	RGM1	321	326	+	8.717
55	RGM1	336	341	-	8.717
56	RGM1	88	93	+	8.717
56	RGM1	315	320	+	8.717
56	RGM1	442	447	-	8.717
56	RGM1	490	495	+	8.717
57	RGM1	22	27	+	8.717
57	RGM1	51	56	-	8.717
57	RGM1	91	96	-	8.717
57	RGM1	409	414	-	8.717
58	RGM1	25	30	+	8.717
58	RGM1	103	108	-	8.717
58	RGM1	394	399	+	8.717
59	RGM1	36	41	+	8.717
59	RGM1	45	50	+	8.717
59	RGM1	74	79	+	8.717
59	RGM1	106	111	+	8.717
59	RGM1	396	401	+	8.717
60	RGM1	8	13	+	8.717
60	RGM1	30	35	+	8.717
60	RGM1	119	124	+	8.717
60	RGM1	164	169	-	8.717
60	RGM1	245	250	+	8.717
60	RGM1	486	491	+	8.717
61	RGM1	76	81	+	8.717
61	RGM1	101	106	+	8.717
61	RGM1	165	170	-	8.717
61	RGM1	419	424	-	8.717
61	RGM1	446	451	-	8.717
62	RGM1	34	39	-	8.717
62	RGM1	384	389	+	8.717
63	RGM1	8	13	+	8.717
64	RGM1	22	27	+	8.717
64	RGM1	110	115	-	8.717
64	RGM1	145	150	-	8.717
65	RGM1	69	74	-	8.717
65	RGM1	189	194	+	8.717
65	RGM1	202	207	+	8.717
65	RGM1	262	267	-	8.717
65	RGM1	274	279	-	8.717
65	RGM1	310	315	-	8.717
65	RGM1	409	414	-	8.717
66	RGM1	131	136	-	8.717
66	RGM1	150	155	-	8.717
66	RGM1	242	247	-	8.717
67	RGM1	22	27	+	8.717
67	RGM1	114	119	+	8.717
67	RGM1	133	138	+	8.717
67	RGM1	406	411	-	8.717
67	RGM1	414	419	-	8.717
68	RGM1	162	167	+	8.717
69	RGM1	65	70	-	8.717
69	RGM1	453	458	-	8.717
70	RGM1	3	8	+	8.717
70	RGM1	11	16	+	8.717
70	RGM1	286	291	-	8.717
70	RGM1	336	341	-	8.717
71	RGM1	23	28	+	8.717
71	RGM1	54	59	+	8.717
71	RGM1	117	122	+	8.717
71	RGM1	415	420	-	8.717
72	RGM1	34	39	+	8.717
72	RGM1	114	119	+	8.717
72	RGM1	133	138	+	8.717
72	RGM1	149	154	+	8.717
72	RGM1	162	167	+	8.717
72	RGM1	411	416	+	8.717
73	RGM1	53	58	+	8.717
73	RGM1	132	137	-	8.717
73	RGM1	177	182	-	8.717
73	RGM1	216	221	-	8.717
73	RGM1	388	393	+	8.717
74	RGM1	51	56	-	8.717
74	RGM1	69	74	-	8.717
74	RGM1	80	85	+	8.717
74	RGM1	288	293	-	8.717
75	RGM1	121	126	+	8.717
75	RGM1	178	183	-	8.717
75	RGM1	223	228	+	8.717
75	RGM1	343	348	-	8.717
75	RGM1	432	437	-	8.717
76	RGM1	61	66	-	8.717
76	RGM1	239	244	-	8.717
76	RGM1	246	251	-	8.717
76	RGM1	267	272	+	8.717
76	RGM1	286	291	-	8.717
76	RGM1	341	346	-	8.717
76	RGM1	452	457	-	8.717
77	RGM1	250	255	+	8.717
77	RGM1	259	264	+	8.717
77	RGM1	409	414	+	8.717
78	RGM1	148	153	+	8.717
78	RGM1	187	192	+	8.717
78	RGM1	195	200	+	8.717
78	RGM1	304	309	+	8.717
78	RGM1	414	419	+	8.717
78	RGM1	444	449	-	8.717
79	RGM1	244	249	+	8.717
79	RGM1	275	280	+	8.717
79	RGM1	294	299	+	8.717
79	RGM1	420	425	-	8.717
80	RGM1	123	128	+	8.717
80	RGM1	138	143	-	8.717
80	RGM1	368	373	-	8.717
81	RGM1	246	251	+	8.717
81	RGM1	278	283	-	8.717
82	RGM1	86	91	+	8.717
82	RGM1	110	115	+	8.717
82	RGM1	126	131	-	8.717
82	RGM1	192	197	+	8.717
82	RGM1	236	241	+	8.717
82	RGM1	246	251	+	8.717
82	RGM1	292	297	+	8.717
83	RGM1	258	263	+	8.717
83	RGM1	286	291	-	8.717
83	RGM1	456	461	+	8.717
84	RGM1	18	23	+	8.717
84	RGM1	34	39	+	8.717
84	RGM1	107	112	+	8.717
85	RGM1	116	121	-	8.717
85	RGM1	227	232	+	8.717
85	RGM1	306	311	+	8.717
85	RGM1	316	321	+	8.717
86	RGM1	69	74	-	8.717
86	RGM1	272	277	+	8.717
86	RGM1	279	284	+	8.717
86	RGM1	289	294	-	8.717
86	RGM1	326	331	-	8.717
86	RGM1	485	490	-	8.717
87	RGM1	36	41	-	8.717
87	RGM1	143	148	+	8.717
87	RGM1	155	160	-	8.717
87	RGM1	172	177	+	8.717
87	RGM1	205	210	-	8.717
87	RGM1	234	239	-	8.717
87	RGM1	268	273	-	8.717
87	RGM1	283	288	+	8.717
87	RGM1	367	372	+	8.717
87	RGM1	445	450	-	8.717
89	RGM1	218	223	-	8.717
89	RGM1	243	248	-	8.717
89	RGM1	291	296	-	8.717
89	RGM1	362	367	+	8.717
89	RGM1	464	469	-	8.717
90	RGM1	168	173	+	8.717
90	RGM1	215	220	+	8.717
90	RGM1	221	226	-	8.717
91	RGM1	171	176	+	8.717
91	RGM1	262	267	+	8.717
91	RGM1	298	303	+	8.717
91	RGM1	316	321	+	8.717
91	RGM1	336	341	+	8.717
91	RGM1	491	496	-	8.717
92	RGM1	180	185	+	8.717
92	RGM1	229	234	-	8.717
92	RGM1	325	330	-	8.717
92	RGM1	395	400	+	8.717
93	RGM1	56	61	+	8.717
93	RGM1	446	451	-	8.717
94	RGM1	2	7	+	8.717
94	RGM1	57	62	+	8.717
94	RGM1	168	173	+	8.717
94	RGM1	238	243	+	8.717
94	RGM1	250	255	-	8.717
95	RGM1	28	33	+	8.717
95	RGM1	377	382	+	8.717
96	RGM1	135	140	+	8.717
96	RGM1	147	152	+	8.717
96	RGM1	165	170	-	8.717
97	RGM1	7	12	+	8.717
97	RGM1	141	146	-	8.717
98	RGM1	112	117	-	8.717
98	RGM1	121	126	-	8.717
98	RGM1	342	347	-	8.717
98	RGM1	404	409	-	8.717
98	RGM1	420	425	-	8.717
99	RGM1	20	25	+	8.717
99	RGM1	80	85	+	8.717
99	RGM1	128	133	+	8.717
99	RGM1	415	420	-	8.717
100	RGM1	7	12	-	8.717
100	RGM1	177	182	+	8.717
100	RGM1	299	304	-	8.717
100	RGM1	328	333	+	8.717
100	RGM1	337	342	+	8.717
101	RGM1	1	6	+	8.717
101	RGM1	80	85	-	8.717
101	RGM1	88	93	+	8.717
101	RGM1	423	428	-	8.717
102	RGM1	86	91	-	8.717
102	RGM1	94	99	+	8.717
102	RGM1	173	178	-	8.717
102	RGM1	217	222	-	8.717
102	RGM1	237	242	+	8.717
102	RGM1	478	483	+	8.717
103	RGM1	149	154	-	8.717
103	RGM1	163	168	+	8.717
104	RGM1	98	103	+	8.717
104	RGM1	278	283	+	8.717
104	RGM1	333	338	+	8.717
104	RGM1	419	424	-	8.717
105	RGM1	134	139	+	8.717
105	RGM1	432	437	-	8.717
105	RGM1	445	450	-	8.717
106	RGM1	35	40	+	8.717
106	RGM1	47	52	+	8.717
106	RGM1	114	119	+	8.717
107	RGM1	64	69	+	8.717
107	RGM1	111	116	+	8.717
107	RGM1	320	325	-	8.717
107	RGM1	335	340	+	8.717
107	RGM1	417	422	-	8.717
107	RGM1	434	439	-	8.717
108	RGM1	107	112	+	8.717
108	RGM1	125	130	+	8.717
108	RGM1	243	248	-	8.717
108	RGM1	253	258	+	8.717
108	RGM1	258	263	+	8.717
108	RGM1	308	313	+	8.717
108	RGM1	347	352	+	8.717
108	RGM1	420	425	-	8.717
108	RGM1	469	474	-	8.717
109	RGM1	41	46	+	8.717
109	RGM1	145	150	+	8.717
109	RGM1	426	431	-	8.717
110	RGM1	90	95	-	8.717
110	RGM1	119	124	+	8.717
110	RGM1	188	193	-	8.717
111	RGM1	11	16	+	8.717
111	RGM1	97	102	-	8.717
111	RGM1	135	140	-	8.717
111	RGM1	229	234	+	8.717
111	RGM1	342	347	-	8.717
112	RGM1	62	67	-	8.717
112	RGM1	71	76	+	8.717
112	RGM1	251	256	+	8.717
112	RGM1	289	294	-	8.717
112	RGM1	296	301	-	8.717
112	RGM1	324	329	-	8.717
112	RGM1	393	398	+	8.717
113	RGM1	118	123	-	8.717
113	RGM1	270	275	+	8.717
113	RGM1	400	405	+	8.717
113	RGM1	415	420	-	8.717
113	RGM1	491	496	-	8.717
114	RGM1	100	105	-	8.717
114	RGM1	126	131	+	8.717
114	RGM1	288	293	+	8.717
114	RGM1	359	364	-	8.717
115	RGM1	151	156	+	8.717
115	RGM1	235	240	+	8.717
115	RGM1	258	263	+	8.717
116	RGM1	162	167	+	8.717
116	RGM1	369	374	+	8.717
117	RGM1	13	18	-	8.717
117	RGM1	330	335	+	8.717
117	RGM1	379	384	+	8.717
117	RGM1	401	406	+	8.717
118	RGM1	231	236	+	8.717
118	RGM1	255	260	+	8.717
118	RGM1	276	281	+	8.717
118	RGM1	297	302	-	8.717
118	RGM1	306	311	+	8.717
119	RGM1	6	11	-	8.717
119	RGM1	42	47	-	8.717
119	RGM1	374	379	-	8.717
120	RGM1	120	125	-	8.717
120	RGM1	190	195	+	8.717
120	RGM1	264	269	+	8.717
120	RGM1	324	329	+	8.717
120	RGM1	355	360	-	8.717
120	RGM1	409	414	+	8.717
120	RGM1	431	436	-	8.717
121	RGM1	32	37	-	8.717
121	RGM1	204	209	+	8.717
121	RGM1	250	255	+	8.717
121	RGM1	321	326	+	8.717
122	RGM1	195	200	+	8.717
122	RGM1	356	361	-	8.717
122	RGM1	388	393	-	8.717
123	RGM1	81	86	+	8.717
123	RGM1	129	134	+	8.717
124	RGM1	79	84	+	8.717
124	RGM1	192	197	-	8.717
124	RGM1	298	303	+	8.717
124	RGM1	445	450	-	8.717
125	RGM1	218	223	+	8.717
125	RGM1	360	365	+	8.717
125	RGM1	445	450	-	8.717
126	RGM1	131	136	+	8.717
126	RGM1	247	252	+	8.717
127	RGM1	134	139	-	8.717
127	RGM1	307	312	+	8.717
127	RGM1	352	357	+	8.717
128	RGM1	122	127	+	8.717
128	RGM1	143	148	+	8.717
128	RGM1	189	194	+	8.717
128	RGM1	269	274	+	8.717
128	RGM1	329	334	-	8.717
128	RGM1	374	379	+	8.717
129	RGM1	7	12	-	8.717
129	RGM1	59	64	+	8.717
129	RGM1	124	129	+	8.717
129	RGM1	255	260	+	8.717
129	RGM1	444	449	-	8.717
130	RGM1	81	86	+	8.717
130	RGM1	136	141	+	8.717
130	RGM1	216	221	+	8.717
130	RGM1	229	234	+	8.717
130	RGM1	266	271	-	8.717
130	RGM1	322	327	-	8.717
130	RGM1	342	347	-	8.717
130	RGM1	399	404	+	8.717
131	RGM1	54	59	+	8.717
132	RGM1	237	242	+	8.717
132	RGM1	242	247	+	8.717
132	RGM1	253	258	+	8.717
132	RGM1	274	279	+	8.717
132	RGM1	312	317	+	8.717
132	RGM1	349	354	+	8.717
132	RGM1	410	415	-	8.717
133	RGM1	2	7	-	8.717
133	RGM1	159	164	+	8.717
133	RGM1	232	237	-	8.717
133	RGM1	395	400	-	8.717
133	RGM1	483	488	-	8.717
134	RGM1	216	221	+	8.717
134	RGM1	251	256	+	8.717
134	RGM1	277	282	+	8.717
134	RGM1	295	300	+	8.717
135	RGM1	14	19	+	8.717
135	RGM1	142	147	-	8.717
135	RGM1	248	253	+	8.717
135	RGM1	401	406	+	8.717
135	RGM1	492	497	-	8.717
136	RGM1	176	181	+	8.717
136	RGM1	346	351	+	8.717
136	RGM1	443	448	-	8.717
137	RGM1	131	136	+	8.717
137	RGM1	199	204	-	8.717
138	RGM1	180	185	+	8.717
139	RGM1	273	278	+	8.717
141	RGM1	142	147	-	8.717
142	RGM1	52	57	-	8.717
142	RGM1	169	174	-	8.717
142	RGM1	299	304	-	8.717
142	RGM1	424	429	+	8.717
143	RGM1	86	91	-	8.717
143	RGM1	153	158	+	8.717
143	RGM1	162	167	-	8.717
143	RGM1	301	306	+	8.717
143	RGM1	418	423	+	8.717
144	RGM1	23	28	-	8.717
144	RGM1	123	128	+	8.717
144	RGM1	129	134	+	8.717
144	RGM1	166	171	-	8.717
144	RGM1	253	258	+	8.717
145	RGM1	78	83	+	8.717
145	RGM1	84	89	+	8.717
145	RGM1	132	137	-	8.717
145	RGM1	238	243	-	8.717
145	RGM1	424	429	-	8.717
145	RGM1	429	434	-	8.717
147	RGM1	53	58	+	8.717
147	RGM1	174	179	+	8.717
147	RGM1	205	210	+	8.717
147	RGM1	284	289	-	8.717
147	RGM1	407	412	-	8.717
148	RGM1	157	162	-	8.717
148	RGM1	301	306	+	8.717
148	RGM1	369	374	+	8.717
148	RGM1	382	387	+	8.717
148	RGM1	411	416	-	8.717
148	RGM1	479	484	+	8.717
149	RGM1	14	19	+	8.717
149	RGM1	20	25	+	8.717
149	RGM1	42	47	-	8.717
149	RGM1	68	73	+	8.717
149	RGM1	161	166	-	8.717
149	RGM1	212	217	-	8.717
149	RGM1	217	222	+	8.717
149	RGM1	330	335	+	8.717
150	RGM1	19	24	-	8.717
150	RGM1	132	137	-	8.717
150	RGM1	137	142	+	8.717
150	RGM1	188	193	+	8.717
150	RGM1	281	286	-	8.717
150	RGM1	307	312	+	8.717
150	RGM1	329	334	-	8.717
150	RGM1	335	340	-	8.717
150	RGM1	356	361	-	8.717
150	RGM1	455	460	+	8.717
151	RGM1	305	310	+	8.717
151	RGM1	334	339	-	8.717
152	RGM1	58	63	-	8.717
152	RGM1	158	163	-	8.717
152	RGM1	348	353	+	8.717
152	RGM1	377	382	-	8.717
153	RGM1	137	142	-	8.717
153	RGM1	146	151	+	8.717
153	RGM1	182	187	+	8.717
153	RGM1	357	362	-	8.717
154	RGM1	167	172	+	8.717
154	RGM1	192	197	-	8.717
154	RGM1	387	392	+	8.717
155	RGM1	122	127	+	8.717
155	RGM1	140	145	+	8.717
155	RGM1	147	152	+	8.717
155	RGM1	197	202	+	8.717
155	RGM1	234	239	-	8.717
155	RGM1	326	331	-	8.717
156	RGM1	103	108	-	8.717
156	RGM1	211	216	-	8.717
156	RGM1	336	341	+	8.717
156	RGM1	455	460	-	8.717
157	RGM1	315	320	+	8.717
157	RGM1	404	409	+	8.717
158	RGM1	24	29	-	8.717
159	RGM1	197	202	-	8.717
159	RGM1	222	227	+	8.717
159	RGM1	402	407	-	8.717
161	RGM1	336	341	+	8.717
162	RGM1	426	431	-	8.717
163	RGM1	153	158	-	8.717
163	RGM1	270	275	-	8.717
165	RGM1	280	285	+	8.717
165	RGM1	332	337	+	8.717
165	RGM1	451	456	-	8.717
166	RGM1	180	185	+	8.717
166	RGM1	299	304	-	8.717
166	RGM1	351	356	-	8.717
167	RGM1	34	39	-	8.717
167	RGM1	62	67	+	8.717
167	RGM1	200	205	-	8.717
168	RGM1	0	5	+	8.717
168	RGM1	318	323	-	8.717
169	RGM1	63	68	+	8.717
169	RGM1	105	110	+	8.717
169	RGM1	216	221	+	8.717
169	RGM1	229	234	+	8.717
169	RGM1	234	239	+	8.717
169	RGM1	247	252	+	8.717
169	RGM1	364	369	+	8.717
170	RGM1	147	152	-	8.717
170	RGM1	248	253	+	8.717
170	RGM1	257	262	+	8.717
170	RGM1	263	268	+	8.717
170	RGM1	268	273	+	8.717
170	RGM1	294	299	+	8.717
170	RGM1	303	308	+	8.717
170	RGM1	308	313	+	8.717
171	RGM1	22	27	+	8.717
171	RGM1	106	111	+	8.717
171	RGM1	240	245	+	8.717
171	RGM1	270	275	+	8.717
171	RGM1	292	297	+	8.717
171	RGM1	338	343	+	8.717
171	RGM1	354	359	+	8.717
172	RGM1	108	113	-	8.717
172	RGM1	379	384	-	8.717
172	RGM1	384	389	-	8.717
173	RGM1	19	24	+	8.717
173	RGM1	40	45	+	8.717
173	RGM1	81	86	-	8.717
173	RGM1	326	331	-	8.717
174	RGM1	67	72	+	8.717
174	RGM1	312	317	+	8.717
174	RGM1	353	358	-	8.717
174	RGM1	374	379	-	8.717
175	RGM1	155	160	+	8.717
175	RGM1	277	282	-	8.717
175	RGM1	300	305	-	8.717
175	RGM1	331	336	-	8.717
175	RGM1	339	344	+	8.717
175	RGM1	454	459	-	8.717
176	RGM1	166	171	+	8.717
176	RGM1	281	286	-	8.717
176	RGM1	289	294	+	8.717
176	RGM1	320	325	+	8.717
176	RGM1	343	348	+	8.717
176	RGM1	465	470	-	8.717
177	RGM1	150	155	+	8.717
177	RGM1	282	287	+	8.717
178	RGM1	37	42	+	8.717
178	RGM1	118	123	+	8.717
178	RGM1	136	141	+	8.717
178	RGM1	208	213	+	8.717
178	RGM1	354	359	+	8.717
178	RGM1	444	449	+	8.717
179	RGM1	474	479	-	8.717
180	RGM1	143	148	+	8.717
180	RGM1	162	167	-	8.717
180	RGM1	196	201	+	8.717
180	RGM1	231	236	+	8.717
180	RGM1	309	314	+	8.717
180	RGM1	375	380	-	8.717
180	RGM1	389	394	+	8.717
181	RGM1	351	356	-	8.717
181	RGM1	488	493	+	8.717
182	RGM1	39	44	-	8.717
182	RGM1	68	73	-	8.717
182	RGM1	212	217	-	8.717
182	RGM1	349	354	+	8.717
183	RGM1	5	10	+	8.717
183	RGM1	171	176	+	8.717
183	RGM1	403	408	-	8.717
184	RGM1	237	242	+	8.717
184	RGM1	469	474	-	8.717
185	RGM1	105	110	-	8.717
185	RGM1	118	123	-	8.717
185	RGM1	127	132	-	8.717
185	RGM1	136	141	-	8.717
185	RGM1	188	193	-	8.717
185	RGM1	302	307	+	8.717
185	RGM1	321	326	-	8.717
185	RGM1	355	360	+	8.717
186	RGM1	77	82	+	8.717
186	RGM1	129	134	+	8.717
186	RGM1	138	143	+	8.717
186	RGM1	147	152	+	8.717
186	RGM1	160	165	+	8.717
186	RGM1	272	277	+	8.717
187	RGM1	35	40	-	8.717
187	RGM1	89	94	-	8.717
187	RGM1	287	292	+	8.717
187	RGM1	358	363	-	8.717
187	RGM1	378	383	-	8.717
187	RGM1	444	449	-	8.717
188	RGM1	235	240	+	8.717
188	RGM1	382	387	-	8.717
188	RGM1	404	409	+	8.717
188	RGM1	431	436	-	8.717
189	RGM1	288	293	-	8.717
190	RGM1	314	319	-	8.717
190	RGM1	320	325	+	8.717
190	RGM1	337	342	-	8.717
190	RGM1	347	352	-	8.717
191	RGM1	12	17	+	8.717
191	RGM1	240	245	+	8.717
191	RGM1	260	265	+	8.717
191	RGM1	301	306	-	8.717
192	RGM1	45	50	+	8.717
192	RGM1	242	247	-	8.717
192	RGM1	259	264	-	8.717
192	RGM1	270	275	-	8.717
193	RGM1	147	152	+	8.717
193	RGM1	161	166	+	8.717
193	RGM1	196	201	+	8.717
193	RGM1	344	349	-	8.717
193	RGM1	350	355	-	8.717
194	RGM1	146	151	-	8.717
194	RGM1	319	324	-	8.717
194	RGM1	337	342	-	8.717
194	RGM1	347	352	-	8.717
196	RGM1	255	260	+	8.717
196	RGM1	265	270	+	8.717
196	RGM1	416	421	-	8.717
196	RGM1	426	431	-	8.717
196	RGM1	443	448	-	8.717
197	RGM1	148	153	+	8.717
197	RGM1	165	170	+	8.717
197	RGM1	175	180	+	8.717
197	RGM1	326	331	-	8.717
197	RGM1	336	341	-	8.717
198	RGM1	48	53	-	8.717
198	RGM1	67	72	-	8.717
198	RGM1	108	113	+	8.717
198	RGM1	343	348	-	8.717
198	RGM1	370	375	+	8.717
199	RGM1	103	108	-	8.717
199	RGM1	144	149	+	8.717
199	RGM1	163	168	+	8.717
199	RGM1	353	358	+	8.717
199	RGM1	366	371	+	8.717
200	RGM1	215	220	+	8.717
200	RGM1	399	404	+	8.717
201	RGM1	10	15	+	8.717
201	RGM1	107	112	-	8.717
201	RGM1	135	140	-	8.717
201	RGM1	240	245	+	8.717
201	RGM1	335	340	+	8.717
201	RGM1	463	468	+	8.717
202	RGM1	109	114	-	8.717
202	RGM1	293	298	-	8.717
203	RGM1	151	156	-	8.717
203	RGM1	355	360	+	8.717
203	RGM1	361	366	+	8.717
203	RGM1	491	496	-	8.717
204	RGM1	257	262	+	8.717
205	RGM1	387	392	-	8.717
206	RGM1	268	273	+	8.717
206	RGM1	289	294	-	8.717
206	RGM1	294	299	-	8.717
206	RGM1	299	304	-	8.717
207	RGM1	359	364	+	8.717
208	RGM1	76	81	-	8.717
208	RGM1	288	293	+	8.717
208	RGM1	387	392	-	8.717
209	RGM1	109	114	-	8.717
209	RGM1	319	324	+	8.717
209	RGM1	418	423	-	8.717
210	RGM1	291	296	-	8.717
210	RGM1	325	330	+	8.717
210	RGM1	342	347	-	8.717
211	RGM1	0	5	-	8.717
211	RGM1	58	63	+	8.717
211	RGM1	136	141	+	8.717
211	RGM1	162	167	-	8.717
211	RGM1	258	263	+	8.717
211	RGM1	283	288	-	8.717
211	RGM1	322	327	-	8.717
211	RGM1	443	448	-	8.717
212	RGM1	174	179	+	8.717
213	RGM1	58	63	+	8.717
213	RGM1	143	148	+	8.717
213	RGM1	187	192	+	8.717
213	RGM1	365	370	+	8.717
213	RGM1	397	402	-	8.717
214	RGM1	9	14	-	8.717
214	RGM1	94	99	-	8.717
214	RGM1	156	161	+	8.717
214	RGM1	171	176	+	8.717
214	RGM1	181	186	+	8.717
214	RGM1	201	206	+	8.717
214	RGM1	289	294	-	8.717
214	RGM1	297	302	+	8.717
214	RGM1	367	372	+	8.717
215	RGM1	40	45	+	8.717
215	RGM1	147	152	+	8.717
215	RGM1	187	192	-	8.717
215	RGM1	223	228	+	8.717
215	RGM1	238	243	-	8.717
215	RGM1	244	249	-	8.717
215	RGM1	317	322	-	8.717
215	RGM1	362	367	-	8.717
216	RGM1	19	24	-	8.717
216	RGM1	46	51	-	8.717
216	RGM1	303	308	+	8.717
216	RGM1	445	450	-	8.717
217	RGM1	69	74	+	8.717
217	RGM1	161	166	+	8.717
217	RGM1	228	233	-	8.717
217	RGM1	290	295	+	8.717
217	RGM1	323	328	+	8.717
217	RGM1	334	339	-	8.717
218	RGM1	201	206	+	8.717
218	RGM1	269	274	+	8.717
218	RGM1	441	446	+	8.717
219	RGM1	173	178	-	8.717
219	RGM1	345	350	-	8.717
219	RGM1	413	418	-	8.717
220	RGM1	69	74	-	8.717
220	RGM1	273	278	+	8.717
221	RGM1	275	280	-	8.717
221	RGM1	479	484	+	8.717
222	RGM1	207	212	+	8.717
222	RGM1	221	226	-	8.717
222	RGM1	312	317	+	8.717
223	RGM1	79	84	-	8.717
223	RGM1	170	175	+	8.717
223	RGM1	184	189	-	8.717
224	RGM1	34	39	-	8.717
224	RGM1	51	56	-	8.717
224	RGM1	63	68	-	8.717
224	RGM1	125	130	+	8.717
224	RGM1	130	135	+	8.717
224	RGM1	141	146	+	8.717
224	RGM1	301	306	+	8.717
224	RGM1	346	351	+	8.717
224	RGM1	376	381	-	8.717
224	RGM1	466	471	+	8.717
225	RGM1	214	219	+	8.717
225	RGM1	225	230	+	8.717
225	RGM1	314	319	+	8.717
225	RGM1	408	413	+	8.717
226	RGM1	30	35	-	8.717
226	RGM1	63	68	+	8.717
226	RGM1	205	210	-	8.717
226	RGM1	327	332	+	8.717
226	RGM1	429	434	+	8.717
227	RGM1	1	6	-	8.717
227	RGM1	131	136	+	8.717
227	RGM1	390	395	+	8.717
228	RGM1	53	58	+	8.717
228	RGM1	122	127	-	8.717
228	RGM1	144	149	-	8.717
228	RGM1	153	158	-	8.717
228	RGM1	199	204	+	8.717
229	RGM1	178	183	+	8.717
229	RGM1	279	284	-	8.717
229	RGM1	299	304	-	8.717
229	RGM1	464	469	-	8.717
230	RGM1	283	288	+	8.717
230	RGM1	327	332	-	8.717
230	RGM1	464	469	-	8.717
231	RGM1	338	343	+	8.717
232	RGM1	11	16	+	8.717
232	RGM1	66	71	-	8.717
232	RGM1	122	127	+	8.717
232	RGM1	408	413	-	8.717
233	RGM1	34	39	-	8.717
233	RGM1	206	211	+	8.717
233	RGM1	239	244	-	8.717
233	RGM1	377	382	+	8.717
233	RGM1	409	414	+	8.717
234	RGM1	284	289	+	8.717
234	RGM1	305	310	-	8.717
234	RGM1	319	324	-	8.717
234	RGM1	337	342	-	8.717
235	RGM1	173	178	-	8.717
236	RGM1	178	183	-	8.717
236	RGM1	306	311	-	8.717
236	RGM1	314	319	-	8.717
236	RGM1	325	330	-	8.717
236	RGM1	404	409	-	8.717
237	RGM1	289	294	+	8.717
237	RGM1	368	373	+	8.717
237	RGM1	379	384	+	8.717
237	RGM1	387	392	+	8.717
238	RGM1	302	307	+	8.717
238	RGM1	482	487	+	8.717
239	RGM1	337	342	-	8.717
240	RGM1	133	138	+	8.717
240	RGM1	240	245	-	8.717
240	RGM1	266	271	-	8.717
240	RGM1	306	311	-	8.717
240	RGM1	475	480	-	8.717
240	RGM1	488	493	+	8.717
241	RGM1	112	117	-	8.717
241	RGM1	331	336	-	8.717
241	RGM1	421	426	-	8.717
241	RGM1	430	435	-	8.717
241	RGM1	441	446	-	8.717
242	RGM1	206	211	-	8.717
242	RGM1	257	262	+	8.717
242	RGM1	278	283	+	8.717
242	RGM1	393	398	-	8.717
243	RGM1	376	381	+	8.717
244	RGM1	98	103	-	8.717
244	RGM1	203	208	-	8.717
245	RGM1	388	393	-	8.717
245	RGM1	408	413	-	8.717
246	RGM1	56	61	+	8.717
246	RGM1	90	95	-	8.717
246	RGM1	139	144	-	8.717
246	RGM1	268	273	-	8.717
246	RGM1	458	463	-	8.717
247	RGM1	34	39	-	8.717
247	RGM1	112	117	-	8.717
247	RGM1	125	130	-	8.717
247	RGM1	405	410	-	8.717
247	RGM1	456	461	+	8.717
248	RGM1	20	25	+	8.717
248	RGM1	227	232	-	8.717
249	RGM1	155	160	-	8.717
249	RGM1	301	306	+	8.717
250	RGM1	32	37	-	8.717
250	RGM1	178	183	+	8.717
251	RGM1	288	293	+	8.717
251	RGM1	338	343	-	8.717
251	RGM1	468	473	+	8.717
252	RGM1	137	142	+	8.717
252	RGM1	208	213	+	8.717
252	RGM1	299	304	-	8.717
252	RGM1	429	434	+	8.717
252	RGM1	479	484	-	8.717
253	RGM1	41	46	+	8.717
253	RGM1	108	113	+	8.717
253	RGM1	238	243	+	8.717
253	RGM1	301	306	-	8.717
253	RGM1	306	311	-	8.717
253	RGM1	311	316	-	8.717
253	RGM1	345	350	+	8.717
254	RGM1	362	367	-	8.717
255	RGM1	74	79	-	8.717
255	RGM1	120	125	-	8.717
255	RGM1	200	205	+	8.717
255	RGM1	280	285	+	8.717
255	RGM1	328	333	+	8.717
255	RGM1	443	448	-	8.717
256	RGM1	114	119	+	8.717
256	RGM1	470	475	-	8.717
257	RGM1	6	11	-	8.717
257	RGM1	76	81	+	8.717
257	RGM1	205	210	-	8.717
257	RGM1	370	375	-	8.717
258	RGM1	367	372	+	8.717
258	RGM1	430	435	+	8.717
259	RGM1	161	166	-	8.717
259	RGM1	201	206	-	8.717
259	RGM1	270	275	-	8.717
259	RGM1	455	460	+	8.717
260	RGM1	123	128	+	8.717
260	RGM1	137	142	-	8.717
260	RGM1	241	246	+	8.717
260	RGM1	281	286	-	8.717
260	RGM1	430	435	-	8.717
261	RGM1	31	36	+	8.717
261	RGM1	45	50	-	8.717
262	RGM1	465	470	-	8.717
263	RGM1	96	101	+	8.717
263	RGM1	111	116	+	8.717
263	RGM1	230	235	+	8.717
263	RGM1	253	258	+	8.717
263	RGM1	360	365	-	8.717
264	RGM1	338	343	+	8.717
264	RGM1	445	450	-	8.717
264	RGM1	468	473	-	8.717
265	RGM1	7	12	-	8.717
265	RGM1	264	269	+	8.717
265	RGM1	426	431	-	8.717
266	RGM1	59	64	+	8.717
266	RGM1	126	131	-	8.717
266	RGM1	319	324	+	8.717
266	RGM1	403	408	-	8.717
266	RGM1	421	426	-	8.717
267	RGM1	211	216	+	8.717
267	RGM1	238	243	+	8.717
267	RGM1	256	261	+	8.717
267	RGM1	263	268	-	8.717
267	RGM1	485	490	-	8.717
267	RGM1	491	496	-	8.717
268	RGM1	209	214	+	8.717
268	RGM1	216	221	+	8.717
268	RGM1	235	240	-	8.717
268	RGM1	342	347	-	8.717
268	RGM1	348	353	+	8.717
269	RGM1	75	80	+	8.717
269	RGM1	94	99	-	8.717
269	RGM1	101	106	-	8.717
269	RGM1	405	410	+	8.717
269	RGM1	445	450	-	8.717
270	RGM1	120	125	-	8.717
270	RGM1	154	159	+	8.717
270	RGM1	247	252	+	8.717
270	RGM1	285	290	+	8.717
270	RGM1	334	339	-	8.717
270	RGM1	372	377	-	8.717
270	RGM1	453	458	+	8.717
270	RGM1	465	470	+	8.717
271	RGM1	35	40	+	8.717
271	RGM1	316	321	-	8.717
271	RGM1	445	450	-	8.717
272	RGM1	156	161	+	8.717
272	RGM1	314	319	+	8.717
272	RGM1	324	329	-	8.717
273	RGM1	91	96	-	8.717
273	RGM1	104	109	+	8.717
273	RGM1	195	200	+	8.717
273	RGM1	296	301	-	8.717
273	RGM1	310	315	-	8.717
273	RGM1	414	419	+	8.717
274	RGM1	400	405	+	8.717
274	RGM1	411	416	+	8.717
274	RGM1	429	434	-	8.717
275	RGM1	438	443	-	8.717
275	RGM1	443	448	-	8.717
275	RGM1	454	459	-	8.717
276	RGM1	48	53	-	8.717
276	RGM1	134	139	+	8.717
276	RGM1	145	150	+	8.717
276	RGM1	150	155	+	8.717
277	RGM1	4	9	+	8.717
277	RGM1	367	372	-	8.717
277	RGM1	422	427	-	8.717
277	RGM1	461	466	-	8.717
278	RGM1	30	35	-	8.717
278	RGM1	69	74	-	8.717
278	RGM1	118	123	+	8.717
278	RGM1	411	416	-	8.717
278	RGM1	455	460	-	8.717
279	RGM1	167	172	+	8.717
279	RGM1	188	193	-	8.717
279	RGM1	197	202	-	8.717
279	RGM1	341	346	+	8.717
279	RGM1	362	367	+	8.717
279	RGM1	414	419	-	8.717
280	RGM1	306	311	-	8.717
280	RGM1	377	382	+	8.717
280	RGM1	429	434	-	8.717
280	RGM1	440	445	-	8.717
281	RGM1	42	47	-	8.717
281	RGM1	423	428	+	8.717
281	RGM1	429	434	+	8.717
282	RGM1	26	31	+	8.717
282	RGM1	50	55	+	8.717
282	RGM1	307	312	-	8.717
282	RGM1	356	361	+	8.717
282	RGM1	385	390	-	8.717
282	RGM1	429	434	-	8.717
283	RGM1	41	46	-	8.717
283	RGM1	158	163	+	8.717
283	RGM1	202	207	+	8.717
283	RGM1	231	236	-	8.717
283	RGM1	280	285	+	8.717
284	RGM1	130	135	-	8.717
284	RGM1	152	157	-	8.717
284	RGM1	162	167	+	8.717
284	RGM1	277	282	-	8.717
284	RGM1	283	288	-	8.717
285	RGM1	111	116	+	8.717
286	RGM1	104	109	+	8.717
286	RGM1	122	127	-	8.717
286	RGM1	229	234	+	8.717
286	RGM1	287	292	+	8.717
286	RGM1	339	344	-	8.717
286	RGM1	346	351	-	8.717
286	RGM1	445	450	-	8.717
287	RGM1	68	73	+	8.717
287	RGM1	205	210	+	8.717
287	RGM1	304	309	+	8.717
287	RGM1	311	316	+	8.717
287	RGM1	363	368	-	8.717
287	RGM1	421	426	-	8.717
288	RGM1	133	138	-	8.717
288	RGM1	176	181	-	8.717
288	RGM1	194	199	+	8.717
288	RGM1	451	456	-	8.717
288	RGM1	492	497	+	8.717
289	RGM1	207	212	-	8.717
289	RGM1	248	253	+	8.717
289	RGM1	261	266	+	8.717
289	RGM1	495	500	-	8.717
290	RGM1	218	223	+	8.717
290	RGM1	409	414	+	8.717
290	RGM1	414	419	+	8.717
290	RGM1	492	497	-	8.717
291	RGM1	58	63	+	8.717
291	RGM1	136	141	-	8.717
291	RGM1	141	146	-	8.717
291	RGM1	332	337	-	8.717
292	RGM1	50	55	+	8.717
292	RGM1	186	191	+	8.717
292	RGM1	192	197	+	8.717
292	RGM1	428	433	+	8.717
293	RGM1	43	48	+	8.717
293	RGM1	50	55	+	8.717
293	RGM1	126	131	-	8.717
293	RGM1	362	367	-	8.717
293	RGM1	368	373	-	8.717
294	RGM1	179	184	+	8.717
294	RGM1	237	242	-	8.717
294	RGM1	264	269	-	8.717
294	RGM1	287	292	-	8.717
295	RGM1	49	54	-	8.717
295	RGM1	196	201	+	8.717
295	RGM1	321	326	+	8.717
295	RGM1	351	356	+	8.717
296	RGM1	146	151	+	8.717
296	RGM1	202	207	-	8.717
296	RGM1	400	405	+	8.717
296	RGM1	464	469	-	8.717
296	RGM1	494	499	-	8.717
297	RGM1	77	82	+	8.717
297	RGM1	111	116	-	8.717
297	RGM1	162	167	+	8.717
297	RGM1	207	212	-	8.717
297	RGM1	313	318	+	8.717
297	RGM1	326	331	-	8.717
297	RGM1	446	451	-	8.717
298	RGM1	8	13	-	8.717
298	RGM1	41	46	+	8.717
298	RGM1	199	204	+	8.717
298	RGM1	319	324	+	8.717
298	RGM1	373	378	+	8.717
299	RGM1	144	149	-	8.717
299	RGM1	275	280	-	8.717
299	RGM1	289	294	+	8.717
299	RGM1	321	326	-	8.717
299	RGM1	395	400	+	8.717
300	RGM1	259	264	-	8.717
300	RGM1	333	338	+	8.717
300	RGM1	365	370	-	8.717
300	RGM1	379	384	+	8.717
301	RGM1	265	270	+	8.717
301	RGM1	290	295	+	8.717
301	RGM1	306	311	-	8.717
301	RGM1	333	338	+	8.717
301	RGM1	377	382	-	8.717
301	RGM1	467	472	-	8.717
301	RGM1	490	495	-	8.717
302	RGM1	166	171	+	8.717
302	RGM1	189	194	+	8.717
302	RGM1	279	284	+	8.717
302	RGM1	323	328	-	8.717
302	RGM1	350	355	+	8.717
302	RGM1	366	371	-	8.717
302	RGM1	391	396	-	8.717
303	RGM1	221	226	-	8.717
303	RGM1	402	407	-	8.717
304	RGM1	15	20	-	8.717
304	RGM1	316	321	+	8.717
304	RGM1	396	401	-	8.717
304	RGM1	405	410	-	8.717
304	RGM1	414	419	-	8.717
304	RGM1	442	447	-	8.717
305	RGM1	34	39	-	8.717
305	RGM1	112	117	+	8.717
305	RGM1	141	146	+	8.717
305	RGM1	189	194	-	8.717
305	RGM1	234	239	-	8.717
306	RGM1	79	84	-	8.717
306	RGM1	145	150	-	8.717
306	RGM1	320	325	-	8.717
306	RGM1	336	341	+	8.717
306	RGM1	360	365	+	8.717
307	RGM1	103	108	+	8.717
307	RGM1	169	174	+	8.717
307	RGM1	298	303	+	8.717
307	RGM1	414	419	-	8.717
308	RGM1	294	299	+	8.717
308	RGM1	306	311	+	8.717
310	RGM1	33	38	+	8.717
310	RGM1	232	237	+	8.717
310	RGM1	377	382	+	8.717
310	RGM1	389	394	-	8.717
311	RGM1	120	125	+	8.717
311	RGM1	185	190	+	8.717
311	RGM1	296	301	-	8.717
311	RGM1	357	362	-	8.717
311	RGM1	380	385	-	8.717
311	RGM1	411	416	+	8.717
311	RGM1	439	444	-	8.717
312	RGM1	253	258	-	8.717
312	RGM1	265	270	-	8.717
312	RGM1	282	287	-	8.717
312	RGM1	442	447	+	8.717
312	RGM1	468	473	+	8.717
313	RGM1	166	171	-	8.717
313	RGM1	356	361	+	8.717
314	RGM1	36	41	-	8.717
314	RGM1	135	140	+	8.717
314	RGM1	272	277	+	8.717
314	RGM1	281	286	+	8.717
314	RGM1	336	341	-	8.717
314	RGM1	343	348	+	8.717
314	RGM1	414	419	+	8.717
315	RGM1	37	42	-	8.717
315	RGM1	51	56	-	8.717
315	RGM1	105	110	+	8.717
315	RGM1	205	210	+	8.717
315	RGM1	215	220	+	8.717
315	RGM1	320	325	-	8.717
315	RGM1	471	476	+	8.717
316	RGM1	68	73	+	8.717
316	RGM1	435	440	-	8.717
317	RGM1	158	163	-	8.717
317	RGM1	312	317	-	8.717
317	RGM1	350	355	+	8.717
317	RGM1	437	442	-	8.717
318	RGM1	12	17	+	8.717
318	RGM1	104	109	-	8.717
318	RGM1	118	123	-	8.717
318	RGM1	145	150	-	8.717
318	RGM1	180	185	-	8.717
318	RGM1	205	210	-	8.717
318	RGM1	211	216	+	8.717
318	RGM1	289	294	+	8.717
318	RGM1	296	301	+	8.717
319	RGM1	38	43	-	8.717
319	RGM1	98	103	+	8.717
319	RGM1	106	111	+	8.717
319	RGM1	304	309	-	8.717
319	RGM1	391	396	-	8.717
320	RGM1	211	216	-	8.717
320	RGM1	230	235	-	8.717
320	RGM1	403	408	+	8.717
321	RGM1	9	14	+	8.717
321	RGM1	36	41	-	8.717
321	RGM1	186	191	+	8.717
321	RGM1	248	253	+	8.717
321	RGM1	288	293	-	8.717
321	RGM1	465	470	-	8.717
322	RGM1	32	37	-	8.717
322	RGM1	193	198	+	8.717
322	RGM1	200	205	-	8.717
322	RGM1	214	219	+	8.717
322	RGM1	222	227	-	8.717
322	RGM1	231	236	+	8.717
322	RGM1	474	479	-	8.717
324	RGM1	113	118	+	8.717
324	RGM1	137	142	-	8.717
324	RGM1	229	234	-	8.717
325	RGM1	27	32	-	8.717
325	RGM1	135	140	+	8.717
325	RGM1	255	260	-	8.717
325	RGM1	304	309	-	8.717
325	RGM1	339	344	-	8.717
325	RGM1	404	409	+	8.717
325	RGM1	454	459	+	8.717
326	RGM1	10	15	+	8.717
326	RGM1	32	37	+	8.717
326	RGM1	196	201	+	8.717
326	RGM1	266	271	-	8.717
326	RGM1	272	277	+	8.717
326	RGM1	293	298	-	8.717
327	RGM1	52	57	+	8.717
327	RGM1	73	78	-	8.717
327	RGM1	79	84	+	8.717
327	RGM1	149	154	-	8.717
327	RGM1	313	318	-	8.717
327	RGM1	335	340	-	8.717
328	RGM1	27	32	-	8.717
328	RGM1	96	101	-	8.717
328	RGM1	296	301	-	8.717
328	RGM1	306	311	+	8.717
328	RGM1	316	321	-	8.717
328	RGM1	398	403	+	8.717
328	RGM1	408	413	+	8.717
329	RGM1	104	109	-	8.717
329	RGM1	128	133	-	8.717
329	RGM1	156	161	+	8.717
329	RGM1	377	382	+	8.717
330	RGM1	255	260	-	8.717
331	RGM1	111	116	-	8.717
331	RGM1	119	124	-	8.717
331	RGM1	170	175	-	8.717
331	RGM1	215	220	+	8.717
331	RGM1	287	292	-	8.717
331	RGM1	296	301	-	8.717
331	RGM1	328	333	-	8.717
331	RGM1	335	340	+	8.717
331	RGM1	443	448	-	8.717
331	RGM1	483	488	-	8.717
332	RGM1	10	15	+	8.717
332	RGM1	171	176	+	8.717
332	RGM1	446	451	-	8.717
333	RGM1	94	99	-	8.717
333	RGM1	304	309	-	8.717
333	RGM1	382	387	+	8.717
333	RGM1	471	476	+	8.717
334	RGM1	57	62	+	8.717
334	RGM1	280	285	+	8.717
334	RGM1	342	347	-	8.717
334	RGM1	351	356	-	8.717
334	RGM1	426	431	-	8.717
334	RGM1	444	449	-	8.717
335	RGM1	5	10	+	8.717
335	RGM1	23	28	+	8.717
335	RGM1	98	103	+	8.717
335	RGM1	107	112	+	8.717
335	RGM1	169	174	-	8.717
335	RGM1	392	397	-	8.717
336	RGM1	73	78	+	8.717
337	RGM1	100	105	-	8.717
337	RGM1	210	215	+	8.717
337	RGM1	289	294	-	8.717
337	RGM1	295	300	-	8.717
338	RGM1	118	123	-	8.717
338	RGM1	206	211	-	8.717
338	RGM1	295	300	+	8.717
338	RGM1	387	392	-	8.717
338	RGM1	489	494	+	8.717
339	RGM1	117	122	-	8.717
339	RGM1	216	221	+	8.717
339	RGM1	230	235	+	8.717
339	RGM1	330	335	-	8.717
339	RGM1	343	348	-	8.717
339	RGM1	481	486	-	8.717
340	RGM1	189	194	-	8.717
340	RGM1	202	207	+	8.717
340	RGM1	366	371	-	8.717
341	RGM1	51	56	+	8.717
341	RGM1	267	272	-	8.717
341	RGM1	400	405	+	8.717
342	RGM1	82	87	+	8.717
342	RGM1	148	153	+	8.717
342	RGM1	156	161	+	8.717
342	RGM1	327	332	-	8.717
342	RGM1	353	358	+	8.717
342	RGM1	494	499	-	8.717
343	RGM1	429	434	-	8.717
343	RGM1	491	496	+	8.717
344	RGM1	82	87	-	8.717
344	RGM1	144	149	+	8.717
345	RGM1	216	221	-	8.717
345	RGM1	341	346	-	8.717
345	RGM1	442	447	-	8.717
346	RGM1	32	37	-	8.717
346	RGM1	125	130	+	8.717
346	RGM1	146	151	-	8.717
347	RGM1	281	286	+	8.717
347	RGM1	426	431	+	8.717
347	RGM1	459	464	+	8.717
347	RGM1	471	476	+	8.717
348	RGM1	76	81	+	8.717
348	RGM1	416	421	-	8.717
349	RGM1	330	335	-	8.717
349	RGM1	335	340	-	8.717
349	RGM1	372	377	+	8.717
350	RGM1	88	93	-	8.717
350	RGM1	126	131	+	8.717
350	RGM1	201	206	+	8.717
350	RGM1	440	445	+	8.717
351	RGM1	0	5	-	8.717
351	RGM1	62	67	+	8.717
351	RGM1	72	77	+	8.717
351	RGM1	85	90	+	8.717
351	RGM1	110	115	+	8.717
351	RGM1	179	184	-	8.717
351	RGM1	250	255	+	8.717
351	RGM1	319	324	+	8.717
351	RGM1	401	406	+	8.717
351	RGM1	472	477	-	8.717
352	RGM1	39	44	-	8.717
352	RGM1	166	171	+	8.717
352	RGM1	382	387	-	8.717
352	RGM1	393	398	-	8.717
352	RGM1	434	439	-	8.717
353	RGM1	151	156	-	8.717
353	RGM1	278	283	+	8.717
353	RGM1	356	361	+	8.717
353	RGM1	494	499	-	8.717
354	RGM1	107	112	+	8.717
354	RGM1	306	311	+	8.717
354	RGM1	317	322	-	8.717
355	RGM1	26	31	-	8.717
355	RGM1	321	326	-	8.717
355	RGM1	391	396	-	8.717
356	RGM1	32	37	-	8.717
356	RGM1	241	246	+	8.717
356	RGM1	298	303	-	8.717
357	RGM1	6	11	-	8.717
357	RGM1	86	91	+	8.717
357	RGM1	97	102	+	8.717
357	RGM1	201	206	-	8.717
357	RGM1	314	319	-	8.717
357	RGM1	369	374	-	8.717
357	RGM1	468	473	-	8.717
358	RGM1	16	21	-	8.717
358	RGM1	113	118	-	8.717
358	RGM1	127	132	+	8.717
359	RGM1	106	111	-	8.717
359	RGM1	129	134	-	8.717
359	RGM1	161	166	+	8.717
359	RGM1	194	199	-	8.717
359	RGM1	223	228	-	8.717
359	RGM1	388	393	+	8.717
359	RGM1	404	409	+	8.717
359	RGM1	426	431	+	8.717
360	RGM1	224	229	-	8.717
360	RGM1	230	235	+	8.717
361	RGM1	366	371	-	8.717
361	RGM1	371	376	+	8.717
361	RGM1	490	495	-	8.717
362	RGM1	107	112	-	8.717
362	RGM1	137	142	-	8.717
362	RGM1	283	288	+	8.717
363	RGM1	140	145	+	8.717
363	RGM1	299	304	+	8.717
364	RGM1	62	67	-	8.717
364	RGM1	422	427	+	8.717
364	RGM1	476	481	+	8.717
365	RGM1	55	60	-	8.717
365	RGM1	423	428	-	8.717
366	RGM1	25	30	+	8.717
366	RGM1	50	55	-	8.717
366	RGM1	102	107	+	8.717
366	RGM1	117	122	+	8.717
366	RGM1	150	155	-	8.717
367	RGM1	40	45	+	8.717
367	RGM1	48	53	+	8.717
367	RGM1	59	64	+	8.717
367	RGM1	177	182	+	8.717
367	RGM1	195	200	+	8.717
367	RGM1	231	236	-	8.717
368	RGM1	213	218	-	8.717
368	RGM1	252	257	-	8.717
368	RGM1	258	263	-	8.717
368	RGM1	397	402	+	8.717
368	RGM1	482	487	-	8.717
369	RGM1	121	126	+	8.717
369	RGM1	154	159	-	8.717
369	RGM1	159	164	-	8.717
369	RGM1	210	215	+	8.717
369	RGM1	282	287	+	8.717
369	RGM1	321	326	+	8.717
370	RGM1	205	210	+	8.717
370	RGM1	452	457	-	8.717
371	RGM1	213	218	-	8.717
372	RGM1	76	81	+	8.717
372	RGM1	273	278	+	8.717
373	RGM1	362	367	-	8.717
373	RGM1	402	407	-	8.717
374	RGM1	49	54	+	8.717
374	RGM1	116	121	+	8.717
374	RGM1	402	407	+	8.717
374	RGM1	442	447	+	8.717
375	RGM1	297	302	+	8.717
375	RGM1	396	401	-	8.717
375	RGM1	490	495	-	8.717
376	RGM1	262	267	-	8.717
376	RGM1	274	279	-	8.717
376	RGM1	466	471	+	8.717
377	RGM1	23	28	-	8.717
377	RGM1	294	299	+	8.717
377	RGM1	321	326	-	8.717
377	RGM1	356	361	+	8.717
377	RGM1	486	491	+	8.717
378	RGM1	165	170	+	8.717
378	RGM1	320	325	-	8.717
378	RGM1	326	331	-	8.717
378	RGM1	396	401	-	8.717
378	RGM1	489	494	-	8.717
379	RGM1	90	95	-	8.717
379	RGM1	96	101	+	8.717
379	RGM1	150	155	+	8.717
379	RGM1	214	219	+	8.717
379	RGM1	242	247	+	8.717
379	RGM1	299	304	-	8.717
379	RGM1	354	359	+	8.717
379	RGM1	362	367	+	8.717
380	RGM1	125	130	+	8.717
380	RGM1	317	322	+	8.717
380	RGM1	352	357	-	8.717
380	RGM1	359	364	+	8.717
380	RGM1	474	479	-	8.717
381	RGM1	255	260	+	8.717
381	RGM1	472	477	-	8.717
382	RGM1	96	101	-	8.717
382	RGM1	243	248	-	8.717
382	RGM1	293	298	-	8.717
382	RGM1	369	374	+	8.717
382	RGM1	394	399	-	8.717
383	RGM1	137	142	+	8.717
383	RGM1	173	178	-	8.717
383	RGM1	209	214	+	8.717
383	RGM1	222	227	-	8.717
383	RGM1	266	271	+	8.717
383	RGM1	273	278	+	8.717
383	RGM1	293	298	+	8.717
383	RGM1	309	314	+	8.717
383	RGM1	349	354	-	8.717
383	RGM1	375	380	-	8.717
384	RGM1	236	241	-	8.717
384	RGM1	331	336	+	8.717
385	RGM1	274	279	+	8.717
385	RGM1	300	305	+	8.717
385	RGM1	306	311	+	8.717
386	RGM1	50	55	+	8.717
386	RGM1	67	72	+	8.717
387	RGM1	106	111	-	8.717
387	RGM1	123	128	-	8.717
387	RGM1	225	230	+	8.717
387	RGM1	244	249	+	8.717
387	RGM1	250	255	+	8.717
387	RGM1	301	306	+	8.717
387	RGM1	314	319	+	8.717
388	RGM1	215	220	+	8.717
388	RGM1	253	258	+	8.717
388	RGM1	297	302	+	8.717
389	RGM1	5	10	+	8.717
389	RGM1	20	25	+	8.717
389	RGM1	49	54	+	8.717
389	RGM1	65	70	-	8.717
389	RGM1	100	105	+	8.717
389	RGM1	112	117	+	8.717
389	RGM1	192	197	+	8.717
389	RGM1	201	206	-	8.717
389	RGM1	210	215	+	8.717
389	RGM1	255	260	+	8.717
389	RGM1	305	310	-	8.717
389	RGM1	412	417	-	8.717
390	RGM1	59	64	-	8.717
390	RGM1	71	76	-	8.717
390	RGM1	106	111	+	8.717
390	RGM1	122	127	-	8.717
390	RGM1	151	156	-	8.717
390	RGM1	166	171	-	8.717
390	RGM1	323	328	+	8.717
390	RGM1	398	403	+	8.717
391	RGM1	164	169	+	8.717
391	RGM1	180	185	+	8.717
391	RGM1	286	291	-	8.717
392	RGM1	151	156	+	8.717
392	RGM1	175	180	+	8.717
392	RGM1	222	227	+	8.717
392	RGM1	291	296	+	8.717
392	RGM1	393	398	+	8.717
392	RGM1	444	449	-	8.717
392	RGM1	481	486	+	8.717
393	RGM1	429	434	-	8.717
393	RGM1	440	445	+	8.717
394	RGM1	17	22	-	8.717
395	RGM1	108	113	-	8.717
395	RGM1	340	345	-	8.717
395	RGM1	345	350	-	8.717
395	RGM1	443	448	-	8.717
396	RGM1	255	260	-	8.717
396	RGM1	271	276	-	8.717
53	RGT1	315	325	+	12.879
82	RGT1	358	368	+	11.927
86	RGT1	67	77	+	12.879
87	RGT1	280	290	-	12.108
90	RGT1	23	33	-	11.499
96	RGT1	280	290	-	12.295
134	RGT1	162	172	+	11.771
159	RGT1	30	40	+	11.39
164	RGT1	471	481	+	13.502
167	RGT1	59	69	-	12.889
167	RGT1	471	481	-	11.385
175	RGT1	275	285	+	12.108
176	RGT1	340	350	-	12.108
178	RGT1	351	361	-	12.108
191	RGT1	9	19	-	11.368
212	RGT1	144	154	-	12.295
236	RGT1	450	460	+	13.293
237	RGT1	238	248	-	13.293
252	RGT1	237	247	-	11.523
258	RGT1	282	292	+	11.782
323	RGT1	229	239	+	12.709
334	RGT1	481	491	-	12.709
340	RGT1	199	209	-	12.879
387	RGT1	298	308	-	12.889
1	RIM101	453	460	+	14.278
26	RIM101	305	312	-	14.278
96	RIM101	275	282	-	8.798
97	RIM101	165	172	+	14.278
104	RIM101	90	97	+	8.798
114	RIM101	333	340	-	14.278
117	RIM101	211	218	-	14.278
123	RIM101	199	206	+	14.278
160	RIM101	102	109	+	8.798
161	RIM101	130	137	-	8.798
161	RIM101	264	271	-	8.798
188	RIM101	179	186	+	8.798
225	RIM101	236	243	+	14.278
274	RIM101	256	263	-	8.798
295	RIM101	453	460	+	8.798
300	RIM101	0	7	-	8.798
304	RIM101	53	60	-	8.798
306	RIM101	453	460	+	14.278
355	RIM101	357	364	-	8.798
374	RIM101	266	273	-	14.278
375	RIM101	485	492	-	14.278
388	RIM101	319	326	-	8.798
43	ROX1	224	232	-	10.279
75	ROX1	107	115	-	10.437
81	ROX1	405	413	-	10.437
84	ROX1	491	499	-	10.279
137	ROX1	26	34	-	10.505
150	ROX1	424	432	+	10.437
154	ROX1	171	179	-	10.92
168	ROX1	389	397	-	10.92
196	ROX1	156	164	-	10.505
197	ROX1	432	440	+	10.505
203	ROX1	232	240	+	10.437
226	ROX1	335	343	-	10.279
240	ROX1	319	327	-	10.437
253	ROX1	368	376	+	10.505
267	ROX1	358	366	-	10.92
288	ROX1	468	476	-	10.92
289	ROX1	224	232	-	10.92
292	ROX1	315	323	-	10.505
293	ROX1	236	244	+	10.505
346	ROX1	314	322	-	10.279
348	ROX1	308	316	-	10.505
357	ROX1	293	301	+	10.505
359	ROX1	420	428	-	10.279
370	ROX1	98	106	+	10.505
371	ROX1	317	325	-	10.505
25	RPH1	218	226	-	14.586
58	RPH1	288	296	+	14.586
68	RPH1	90	98	-	12.614
84	RPH1	191	199	-	14.663
113	RPH1	262	270	+	12.525
117	RPH1	196	204	+	14.324
140	RPH1	119	127	+	12.525
146	RPH1	185	193	+	12.787
167	RPH1	66	74	+	16.461
198	RPH1	142	150	-	14.663
199	RPH1	66	74	+	14.663
218	RPH1	382	390	-	14.324
219	RPH1	229	237	+	14.324
258	RPH1	310	318	-	12.525
259	RPH1	100	108	+	12.787
280	RPH1	30	38	+	14.663
284	RPH1	419	427	+	13.211
323	RPH1	352	360	+	13.847
357	RPH1	191	199	+	12.525
43	RPN4	223	235	+	13.479
63	RPN4	347	359	-	14.463
117	RPN4	312	324	+	12.789
150	RPN4	421	433	-	12.274
196	RPN4	155	167	+	12.442
197	RPN4	429	441	-	12.442
203	RPN4	229	241	-	12.85
205	RPN4	148	160	+	11.889
226	RPN4	334	346	+	12.006
240	RPN4	318	330	+	11.912
251	RPN4	82	94	+	12.789
254	RPN4	14	26	+	13.079
279	RPN4	223	235	-	12.553
296	RPN4	268	280	+	12.834
305	RPN4	220	232	-	12.459
312	RPN4	199	211	+	15.125
333	RPN4	258	270	+	12.44
346	RPN4	313	325	+	12.417
351	RPN4	154	166	-	11.604
359	RPN4	419	431	+	13.527
373	RPN4	183	195	+	11.944
378	RPN4	138	150	+	11.925
12	RSC3	177	184	-	9.977
28	RSC3	116	123	-	10.697
32	RSC3	115	122	-	10.697
32	RSC3	131	138	-	10.697
43	RSC3	187	194	-	10.697
44	RSC3	201	208	-	10.697
45	RSC3	293	300	-	10.697
55	RSC3	233	240	-	10.697
55	RSC3	257	264	-	10.697
59	RSC3	256	263	+	10.697
72	RSC3	309	316	+	10.697
87	RSC3	183	190	-	10.697
91	RSC3	398	405	-	10.697
100	RSC3	439	446	-	10.697
104	RSC3	245	252	-	9.977
104	RSC3	259	266	+	10.697
110	RSC3	271	278	-	10.697
145	RSC3	365	372	-	10.697
150	RSC3	432	439	-	10.697
156	RSC3	255	262	-	10.697
193	RSC3	36	43	-	9.977
213	RSC3	24	31	+	10.697
214	RSC3	126	133	-	10.697
226	RSC3	271	278	+	9.977
236	RSC3	440	447	-	10.697
237	RSC3	251	258	+	10.697
257	RSC3	42	49	-	10.697
273	RSC3	395	402	-	10.697
280	RSC3	53	60	-	9.977
291	RSC3	16	23	-	9.977
308	RSC3	181	188	+	10.697
309	RSC3	64	71	+	10.697
311	RSC3	6	13	+	10.697
332	RSC3	16	23	-	10.697
346	RSC3	285	292	-	10.697
376	RSC3	471	478	-	9.977
393	RSC3	34	41	+	10.697
394	RSC3	219	226	+	10.697
6	RSF2	25	34	+	11.874
12	RSF2	408	417	+	11.908
40	RSF2	189	198	+	11.874
48	RSF2	106	115	+	11.908
54	RSF2	443	452	-	11.908
84	RSF2	98	107	-	11.608
85	RSF2	270	279	-	11.908
121	RSF2	444	453	-	11.908
126	RSF2	444	453	-	11.908
148	RSF2	465	474	-	13.14
154	RSF2	304	313	+	11.908
187	RSF2	376	385	-	11.956
201	RSF2	238	247	+	11.922
226	RSF2	365	374	-	11.608
242	RSF2	283	292	+	13.14
279	RSF2	462	471	+	11.874
310	RSF2	250	259	-	11.874
321	RSF2	7	16	+	11.956
337	RSF2	98	107	-	11.956
351	RSF2	108	117	+	11.922
386	RSF2	25	34	+	11.874
387	RSF2	144	153	-	11.874
1	SDD4	1	8	+	10.354
4	SDD4	113	120	-	10.354
16	SDD4	59	66	-	10.354
17	SDD4	199	206	+	10.354
24	SDD4	156	163	+	10.354
25	SDD4	29	36	-	10.354
32	SDD4	179	186	-	10.354
36	SDD4	396	403	-	10.354
38	SDD4	119	126	+	10.354
41	SDD4	443	450	-	10.354
54	SDD4	244	251	+	10.354
68	SDD4	281	288	+	10.354
70	SDD4	125	132	+	10.354
73	SDD4	369	376	-	10.354
75	SDD4	135	142	+	10.354
78	SDD4	18	25	-	10.354
85	SDD4	431	438	-	10.354
97	SDD4	11	18	-	10.354
97	SDD4	98	105	+	10.354
101	SDD4	98	105	-	10.354
102	SDD4	74	81	+	10.354
102	SDD4	360	367	-	10.354
105	SDD4	78	85	-	10.354
105	SDD4	110	117	+	10.354
108	SDD4	237	244	+	10.354
111	SDD4	442	449	-	10.354
133	SDD4	170	177	+	10.354
138	SDD4	262	269	+	10.354
144	SDD4	332	339	-	10.354
153	SDD4	169	176	-	10.354
161	SDD4	343	350	+	10.354
162	SDD4	417	424	-	10.354
165	SDD4	381	388	+	10.354
166	SDD4	248	255	-	10.354
199	SDD4	211	218	-	10.354
206	SDD4	273	280	-	10.354
216	SDD4	168	175	-	10.354
220	SDD4	445	452	+	10.354
221	SDD4	101	108	-	10.354
227	SDD4	181	188	-	10.354
230	SDD4	169	176	+	10.354
230	SDD4	377	384	-	10.354
231	SDD4	470	477	-	10.354
241	SDD4	219	226	+	10.354
244	SDD4	492	499	+	10.354
253	SDD4	320	327	-	10.354
256	SDD4	248	255	+	10.354
260	SDD4	382	389	-	10.354
267	SDD4	61	68	-	10.354
289	SDD4	382	389	-	10.354
301	SDD4	254	261	+	10.354
302	SDD4	400	407	-	10.354
308	SDD4	91	98	+	10.354
316	SDD4	84	91	-	10.354
317	SDD4	140	147	+	10.354
317	SDD4	382	389	-	10.354
320	SDD4	241	248	-	10.354
322	SDD4	253	260	+	10.354
328	SDD4	113	120	-	10.354
341	SDD4	422	429	-	10.354
348	SDD4	261	268	-	10.354
349	SDD4	318	325	-	10.354
352	SDD4	446	453	+	10.354
355	SDD4	167	174	-	10.354
355	SDD4	193	200	+	10.354
358	SDD4	459	466	-	10.354
369	SDD4	349	356	-	10.354
376	SDD4	311	318	-	10.354
390	SDD4	386	393	-	10.354
392	SDD4	156	163	+	10.354
392	SDD4	316	323	-	10.354
395	SDD4	294	301	+	10.354
396	SDD4	404	411	-	10.354
16	SFP1	76	97	+	11.704
17	SFP1	168	189	-	11.704
115	SFP1	24	45	-	12.227
115	SFP1	25	46	-	13.041
115	SFP1	26	47	-	16.235
115	SFP1	27	48	-	14.091
154	SFP1	94	115	+	13.249
189	SFP1	458	479	+	15.332
189	SFP1	459	480	+	15.516
189	SFP1	460	481	+	16.089
220	SFP1	434	455	-	12.867
221	SFP1	98	119	+	12.867
225	SFP1	475	496	+	12.724
246	SFP1	165	186	-	12.464
246	SFP1	166	187	-	12.747
313	SFP1	357	378	+	12.376
321	SFP1	174	195	-	11.833
321	SFP1	175	196	-	12.283
324	SFP1	172	193	+	12.68
338	SFP1	283	304	-	11.997
1	SKN7.1	261	270	-	10.98
5	SKN7.1	160	169	-	10.98
12	SKN7.1	424	433	-	10.928
34	SKN7.1	78	87	-	10.98
40	SKN7.1	141	150	+	10.98
48	SKN7.1	166	175	+	10.98
83	SKN7.1	22	31	+	11.7
89	SKN7.1	70	79	-	10.976
94	SKN7.1	204	213	-	10.98
95	SKN7.1	81	90	+	10.753
105	SKN7.1	70	79	-	10.98
110	SKN7.1	278	287	+	10.98
112	SKN7.1	462	471	-	10.976
120	SKN7.1	107	116	-	10.951
120	SKN7.1	108	117	-	11.13
126	SKN7.1	156	165	+	10.951
126	SKN7.1	206	215	+	10.928
170	SKN7.1	48	57	+	10.753
188	SKN7.1	155	164	+	10.903
191	SKN7.1	350	359	-	10.875
198	SKN7.1	125	134	+	10.753
199	SKN7.1	82	91	-	10.753
222	SKN7.1	30	39	-	10.951
222	SKN7.1	31	40	-	11.13
223	SKN7.1	356	365	+	11.13
223	SKN7.1	357	366	+	10.951
235	SKN7.1	21	30	-	11.025
235	SKN7.1	415	424	-	10.903
259	SKN7.1	91	100	-	10.778
321	SKN7.1	177	186	+	11.025
345	SKN7.1	160	169	-	10.98
354	SKN7.1	468	477	-	10.753
354	SKN7.1	489	498	-	10.753
6	SKN7.2	172	178	+	9.653
15	SKN7.2	302	308	+	9.653
21	SKN7.2	1	7	+	9.653
21	SKN7.2	31	37	-	9.653
22	SKN7.2	437	443	-	9.653
25	SKN7.2	407	413	-	9.653
41	SKN7.2	166	172	-	9.653
74	SKN7.2	174	180	+	9.653
77	SKN7.2	391	397	-	9.653
82	SKN7.2	362	368	-	9.653
83	SKN7.2	56	62	-	9.653
91	SKN7.2	128	134	-	9.653
96	SKN7.2	191	197	+	9.653
106	SKN7.2	79	85	-	9.653
109	SKN7.2	295	301	-	9.653
118	SKN7.2	130	136	+	9.653
126	SKN7.2	211	217	+	9.653
126	SKN7.2	256	262	+	9.653
128	SKN7.2	91	97	+	9.653
128	SKN7.2	107	113	+	9.653
132	SKN7.2	145	151	+	9.653
138	SKN7.2	62	68	+	9.653
151	SKN7.2	84	90	-	9.653
156	SKN7.2	436	442	+	9.653
158	SKN7.2	357	363	-	9.653
180	SKN7.2	295	301	-	9.653
181	SKN7.2	265	271	+	9.653
182	SKN7.2	434	440	-	9.653
195	SKN7.2	11	17	+	9.653
195	SKN7.2	470	476	-	9.653
231	SKN7.2	104	110	-	9.653
232	SKN7.2	421	427	-	9.653
233	SKN7.2	490	496	+	9.653
234	SKN7.2	204	210	+	9.653
245	SKN7.2	74	80	-	9.653
245	SKN7.2	185	191	+	9.653
257	SKN7.2	185	191	+	9.653
277	SKN7.2	391	397	-	9.653
285	SKN7.2	349	355	+	9.653
292	SKN7.2	381	387	-	9.653
293	SKN7.2	172	178	+	9.653
304	SKN7.2	204	210	-	9.653
308	SKN7.2	107	113	+	9.653
321	SKN7.2	17	23	+	9.653
329	SKN7.2	474	480	-	9.653
330	SKN7.2	49	55	-	9.653
339	SKN7.2	7	13	-	9.653
349	SKN7.2	267	273	+	9.653
369	SKN7.2	61	67	-	9.653
386	SKN7.2	172	178	+	9.653
387	SKN7.2	0	6	-	9.653
387	SKN7.2	262	268	+	9.653
388	SKN7.2	63	69	+	9.653
392	SKN7.2	94	100	+	9.653
394	SKN7.2	52	58	-	9.653
395	SKN7.2	478	484	-	9.653
2	SKO1	278	286	-	12.259
61	SKO1	26	34	-	11.508
84	SKO1	250	258	+	11.467
95	SKO1	223	231	-	12.83
133	SKO1	150	158	+	12.83
135	SKO1	98	106	+	12.038
142	SKO1	461	469	-	12.259
161	SKO1	413	421	-	12.83
162	SKO1	346	354	+	12.83
197	SKO1	67	75	+	12.038
208	SKO1	479	487	+	11.426
209	SKO1	224	232	-	11.426
227	SKO1	212	220	-	12.83
233	SKO1	6	14	+	11.426
235	SKO1	59	67	-	12.83
246	SKO1	283	291	+	12.259
349	SKO1	14	22	+	12.83
361	SKO1	377	385	+	12.259
395	SKO1	27	35	+	12.83
14	SOK2	91	99	-	10.33
15	SOK2	364	372	+	10.701
19	SOK2	114	122	+	10.701
33	SOK2	243	251	-	10.767
39	SOK2	262	270	+	10.701
52	SOK2	257	265	+	10.33
70	SOK2	379	387	+	10.701
75	SOK2	314	322	+	11.655
86	SOK2	353	361	-	10.767
88	SOK2	20	28	-	10.767
113	SOK2	324	332	+	10.767
151	SOK2	113	121	+	10.33
198	SOK2	252	260	-	11.284
200	SOK2	166	174	+	11.655
202	SOK2	339	347	-	11.655
220	SOK2	365	373	+	9.924
231	SOK2	229	237	-	10.637
297	SOK2	403	411	+	10.33
321	SOK2	374	382	+	11.655
330	SOK2	391	399	+	9.924
341	SOK2	41	49	-	10.396
358	SOK2	62	70	+	10.33
365	SOK2	222	230	+	9.924
40	SPT15	273	294	+	12.435
43	SPT15	177	198	+	11.332
62	SPT15	260	281	-	12.286
104	SPT15	255	276	-	13.153
125	SPT15	94	115	-	11.978
128	SPT15	305	326	+	11.563
136	SPT15	182	203	+	11.144
139	SPT15	464	485	+	17.844
140	SPT15	320	341	-	17.844
145	SPT15	359	380	+	15.73
145	SPT15	361	382	+	12.504
145	SPT15	363	384	+	17.855
145	SPT15	365	386	+	15.703
145	SPT15	367	388	+	16.711
145	SPT15	369	390	+	15.248
145	SPT15	371	392	+	16.306
145	SPT15	373	394	+	12.23
195	SPT15	339	360	-	10.903
196	SPT15	125	146	+	10.914
197	SPT15	450	471	-	10.914
213	SPT15	16	37	-	13.381
214	SPT15	120	141	+	13.381
235	SPT15	377	398	+	11.088
236	SPT15	432	453	+	10.894
236	SPT15	434	455	+	12.88
237	SPT15	243	264	-	12.88
237	SPT15	245	266	-	10.894
257	SPT15	32	53	+	11.469
286	SPT15	411	432	+	10.876
287	SPT15	223	244	-	10.876
292	SPT15	348	369	-	11.51
293	SPT15	190	211	+	11.51
304	SPT15	127	148	-	17.199
316	SPT15	37	58	-	12.379
317	SPT15	173	194	+	12.379
356	SPT15	74	95	+	12.288
356	SPT15	76	97	+	11.552
356	SPT15	78	99	+	14.968
356	SPT15	80	101	+	15.12
356	SPT15	82	103	+	16.711
356	SPT15	84	105	+	16.711
356	SPT15	86	107	+	16.711
356	SPT15	88	109	+	16.711
356	SPT15	90	111	+	15.248
356	SPT15	92	113	+	16.306
356	SPT15	94	115	+	12.23
374	SPT15	181	202	-	10.748
384	SPT15	49	70	-	11.662
5	STB4	432	441	-	13.918
7	STB4	298	307	+	11.892
14	STB4	281	290	+	12.42
18	STB4	4	13	+	13.918
22	STB4	206	215	+	13.561
32	STB4	319	328	-	13.561
68	STB4	474	483	-	14.618
177	STB4	187	196	-	13.177
179	STB4	52	61	-	13.177
180	STB4	84	93	+	13.177
212	STB4	34	43	+	16.643
214	STB4	184	193	-	12.084
285	STB4	89	98	+	12.973
329	STB4	141	150	-	11.892
345	STB4	432	441	-	13.918
356	STB4	374	383	+	11.892
387	STB4	198	207	+	12.57
13	STB5	97	105	-	12.318
25	STB5	271	279	-	10.768
36	STB5	451	459	-	11.452
40	STB5	338	346	+	10.999
45	STB5	310	318	+	10.95
52	STB5	16	24	-	10.999
53	STB5	451	459	-	11.534
63	STB5	217	225	-	11.534
65	STB5	28	36	+	10.768
73	STB5	118	126	-	11.452
78	STB5	451	459	-	11.452
81	STB5	450	458	-	11.534
93	STB5	120	128	+	12.318
98	STB5	187	195	+	11.534
113	STB5	450	458	-	11.452
148	STB5	259	267	+	11.188
178	STB5	271	279	+	10.95
206	STB5	253	261	+	12.664
208	STB5	450	458	+	11.452
209	STB5	253	261	-	11.452
217	STB5	9	17	+	12.664
225	STB5	26	34	+	11.452
234	STB5	36	44	+	10.768
236	STB5	198	206	+	11.363
237	STB5	492	500	-	11.363
281	STB5	8	16	-	10.999
284	STB5	117	125	+	10.999
316	STB5	47	55	+	11.534
317	STB5	176	184	-	11.534
321	STB5	28	36	+	10.768
333	STB5	153	161	-	10.999
334	STB5	114	122	+	11.534
335	STB5	332	340	-	11.534
370	STB5	466	474	+	11.296
375	STB5	149	157	-	11.296
34	STE12	406	413	-	11.362
34	STE12	411	418	+	11.362
46	STE12	294	301	-	11.362
46	STE12	476	483	-	11.362
60	STE12	145	152	-	11.362
77	STE12	32	39	-	11.362
77	STE12	489	496	+	11.362
80	STE12	406	413	+	11.362
85	STE12	263	270	-	11.362
89	STE12	210	217	-	11.362
99	STE12	25	32	-	11.362
110	STE12	181	188	-	11.362
115	STE12	37	44	-	11.362
125	STE12	92	99	-	11.362
129	STE12	17	24	+	11.362
146	STE12	464	471	-	11.362
153	STE12	299	306	+	11.362
163	STE12	397	404	-	11.362
165	STE12	266	273	+	11.362
166	STE12	363	370	-	11.362
200	STE12	63	70	-	11.362
200	STE12	127	134	+	11.362
202	STE12	379	386	-	11.362
202	STE12	443	450	+	11.362
223	STE12	433	440	+	11.362
229	STE12	254	261	-	11.362
229	STE12	341	348	-	11.362
271	STE12	411	418	-	11.362
303	STE12	352	359	-	11.362
305	STE12	124	131	-	11.362
374	STE12	241	248	-	11.362
385	STE12	314	321	+	11.362
19	STP1	86	94	+	11.965
33	STP1	434	442	-	12.74
45	STP1	108	116	-	11.965
46	STP1	90	98	+	11.965
57	STP1	233	241	+	13.065
65	STP1	252	260	-	11.965
66	STP1	82	90	+	13.065
67	STP1	179	187	-	13.065
72	STP1	259	267	+	12.96
76	STP1	120	128	-	13.436
84	STP1	271	279	+	12.185
107	STP1	40	48	-	13.655
112	STP1	198	206	+	11.965
118	STP1	470	478	-	13.436
144	STP1	101	109	-	11.814
146	STP1	197	205	-	13.065
151	STP1	200	208	-	11.965
152	STP1	479	487	+	11.965
165	STP1	5	13	-	12.74
192	STP1	435	443	+	13.655
194	STP1	173	181	-	13.065
226	STP1	68	76	+	11.814
231	STP1	173	181	+	12.185
234	STP1	217	225	-	12.74
303	STP1	204	212	+	13.065
303	STP1	275	283	-	11.965
377	STP1	418	426	+	13.436
20	STP2	302	312	+	9.75
36	STP2	269	279	-	9.455
51	STP2	182	192	-	9.937
58	STP2	243	253	-	10.058
134	STP2	302	312	-	9.929
135	STP2	61	71	-	9.405
138	STP2	303	313	+	9.891
142	STP2	348	358	+	9.719
150	STP2	403	413	-	9.777
151	STP2	203	213	-	9.719
152	STP2	474	484	+	9.719
162	STP2	95	105	+	10.538
172	STP2	253	263	-	9.673
173	STP2	471	481	-	9.673
196	STP2	309	319	-	9.472
197	STP2	277	287	+	9.472
204	STP2	385	395	-	9.943
205	STP2	254	264	+	9.943
233	STP2	53	63	-	9.412
234	STP2	292	302	-	9.581
281	STP2	158	168	-	10.064
281	STP2	179	189	-	9.848
285	STP2	479	489	+	9.647
336	STP2	474	484	-	9.472
394	STP2	81	91	+	9.413
1	SUM1.1	130	139	+	11.4
13	SUM1.1	398	407	-	11.647
16	SUM1.1	82	91	+	11.716
17	SUM1.1	174	183	-	11.716
36	SUM1.1	399	408	+	11.716
64	SUM1.1	75	84	+	11.4
78	SUM1.1	23	32	+	11.716
92	SUM1.1	167	176	+	11.4
104	SUM1.1	93	102	-	11.716
120	SUM1.1	458	467	+	12.015
122	SUM1.1	224	233	-	11.513
125	SUM1.1	98	107	-	12.914
126	SUM1.1	158	167	-	11.4
151	SUM1.1	335	344	+	11.496
152	SUM1.1	343	352	-	11.496
207	SUM1.1	135	144	-	11.716
210	SUM1.1	351	360	-	12.325
217	SUM1.1	37	46	+	11.716
217	SUM1.1	63	72	-	11.716
229	SUM1.1	451	460	+	11.69
234	SUM1.1	213	222	+	11.716
294	SUM1.1	317	326	+	11.882
310	SUM1.1	301	310	+	11.882
323	SUM1.1	355	364	-	12.325
324	SUM1.1	177	186	+	11.882
338	SUM1.1	290	299	-	11.496
340	SUM1.1	197	206	-	11.496
376	SUM1.1	315	324	+	11.882
29	SUM1.2	75	86	+	11.674
60	SUM1.2	320	331	-	11.333
125	SUM1.2	119	130	+	11.713
132	SUM1.2	300	311	+	11.484
134	SUM1.2	295	306	-	10.771
210	SUM1.2	336	347	+	13.342
222	SUM1.2	320	331	-	11.951
223	SUM1.2	65	76	+	11.951
246	SUM1.2	487	498	+	11.056
251	SUM1.2	155	166	-	10.777
292	SUM1.2	50	61	-	11.975
298	SUM1.2	296	307	-	11.364
304	SUM1.2	43	54	+	11.598
304	SUM1.2	338	349	+	11.622
315	SUM1.2	0	11	-	12.103
330	SUM1.2	336	347	+	12.832
332	SUM1.2	27	38	+	11.713
349	SUM1.2	359	370	-	11.713
363	SUM1.2	170	181	+	12.338
385	SUM1.2	250	261	-	12.296
39	SWI4	161	169	-	16.0
123	SWI4	180	188	+	13.311
132	SWI4	28	36	-	13.305
225	SWI4	151	159	+	13.059
280	SWI4	55	63	-	13.059
282	SWI4	260	268	-	13.059
283	SWI4	324	332	+	13.059
284	SWI4	417	425	-	16.0
293	SWI4	29	37	+	13.887
304	SWI4	61	69	+	14.244
305	SWI4	103	111	+	14.244
308	SWI4	178	186	+	13.311
309	SWI4	92	100	-	13.059
341	SWI4	336	344	+	13.305
377	SWI4	61	69	+	13.059
17	SWI5	368	376	-	11.617
20	SWI5	406	414	+	11.617
31	SWI5	28	36	-	11.562
69	SWI5	469	477	+	11.562
76	SWI5	468	476	+	11.562
88	SWI5	343	351	+	11.562
159	SWI5	428	436	-	11.574
208	SWI5	349	357	-	11.562
209	SWI5	354	362	+	11.562
215	SWI5	65	73	-	11.562
217	SWI5	192	200	+	11.617
218	SWI5	169	177	+	11.617
219	SWI5	442	450	-	11.617
222	SWI5	126	134	+	11.617
223	SWI5	262	270	-	11.617
224	SWI5	396	404	-	11.562
229	SWI5	357	365	+	11.562
247	SWI5	44	52	+	11.562
248	SWI5	46	54	+	11.574
253	SWI5	362	370	+	11.574
255	SWI5	480	488	+	11.617
265	SWI5	228	236	-	11.617
298	SWI5	115	123	+	11.562
308	SWI5	445	453	-	11.574
322	SWI5	354	362	+	11.562
322	SWI5	360	368	-	11.562
338	SWI5	336	344	-	11.574
343	SWI5	8	16	+	11.617
390	SWI5	431	439	+	11.617
15	TBF1	284	294	-	10.998
15	TBF1	397	407	+	11.093
33	TBF1	294	304	-	10.998
49	TBF1	324	334	-	11.243
54	TBF1	398	408	-	11.053
63	TBF1	411	421	-	10.846
89	TBF1	366	376	+	11.082
111	TBF1	181	191	-	11.093
177	TBF1	418	428	-	11.499
188	TBF1	337	347	+	10.912
198	TBF1	349	359	+	10.998
210	TBF1	358	368	-	11.157
237	TBF1	188	198	+	10.998
245	TBF1	30	40	-	11.298
321	TBF1	215	225	-	10.998
365	TBF1	260	270	+	10.998
392	TBF1	68	78	-	10.998
5	TBS1.2	298	306	-	14.059
32	TBS1.2	126	134	-	11.649
63	TBS1.2	158	166	+	11.947
87	TBS1.2	484	492	+	11.947
91	TBS1.2	175	183	-	14.059
95	TBS1.2	177	185	+	14.059
113	TBS1.2	67	75	+	12.11
142	TBS1.2	24	32	+	12.11
149	TBS1.2	469	477	+	14.059
159	TBS1.2	75	83	-	12.11
176	TBS1.2	77	85	+	12.11
178	TBS1.2	379	387	-	12.11
237	TBS1.2	127	135	+	11.947
255	TBS1.2	265	273	+	12.11
270	TBS1.2	53	61	+	11.947
275	TBS1.2	104	112	+	11.649
276	TBS1.2	481	489	-	11.649
303	TBS1.2	188	196	-	14.059
322	TBS1.2	61	69	+	12.11
340	TBS1.2	453	461	-	11.649
345	TBS1.2	298	306	-	14.059
373	TBS1.2	67	75	+	11.649
2	TDA9	441	451	-	9.957
12	TDA9	408	418	+	9.824
15	TDA9	9	19	+	9.951
31	TDA9	246	256	+	9.378
54	TDA9	199	209	+	9.378
64	TDA9	142	152	-	9.511
71	TDA9	115	125	+	9.511
84	TDA9	114	124	-	9.828
85	TDA9	269	279	-	9.824
118	TDA9	219	229	+	9.951
128	TDA9	112	122	+	9.383
148	TDA9	464	474	-	10.078
172	TDA9	285	295	-	9.391
185	TDA9	370	380	+	9.397
201	TDA9	238	248	+	9.641
228	TDA9	465	475	+	9.391
241	TDA9	12	22	+	9.383
242	TDA9	283	293	+	10.087
245	TDA9	435	445	-	9.391
279	TDA9	462	472	+	9.701
310	TDA9	249	259	-	9.701
311	TDA9	118	128	+	9.505
369	TDA9	145	155	-	9.957
370	TDA9	203	213	+	9.821
371	TDA9	210	220	-	9.821
3	TEC1	243	263	-	16.269
30	TEC1	96	116	-	13.211
34	TEC1	193	213	+	11.307
37	TEC1	155	175	-	14.95
52	TEC1	81	101	+	10.911
72	TEC1	118	138	-	13.002
93	TEC1	122	142	-	14.316
111	TEC1	158	178	+	11.927
138	TEC1	153	173	+	11.823
164	TEC1	475	495	-	10.924
167	TEC1	357	377	-	15.245
209	TEC1	171	191	+	11.323
225	TEC1	475	495	+	15.327
268	TEC1	52	72	+	16.269
269	TEC1	243	263	-	16.269
305	TEC1	90	110	+	10.872
316	TEC1	145	165	+	15.017
317	TEC1	66	86	-	15.017
336	TEC1	273	293	+	17.102
385	TEC1	479	499	-	12.434
396	TEC1	167	187	+	10.867
28	THI2	100	120	-	10.612
43	THI2	247	267	+	11.114
80	THI2	229	249	+	10.869
99	THI2	224	244	+	10.505
110	THI2	255	275	-	10.916
111	THI2	475	495	+	11.845
146	THI2	184	204	-	11.738
179	THI2	18	38	+	11.675
180	THI2	107	127	-	11.675
189	THI2	294	314	-	11.861
208	THI2	449	469	+	10.556
209	THI2	242	262	-	10.556
215	THI2	449	469	+	10.981
225	THI2	15	35	-	11.193
258	THI2	453	473	-	10.702
259	THI2	299	319	-	11.107
296	THI2	472	492	-	12.144
312	THI2	86	106	+	11.255
313	THI2	50	70	-	11.255
385	THI2	244	264	-	11.639
4	TOD6	120	141	-	13.017
59	TOD6	182	203	-	11.861
65	TOD6	67	88	-	11.703
98	TOD6	231	252	-	11.947
99	TOD6	225	246	+	10.869
118	TOD6	466	487	-	12.929
129	TOD6	285	306	-	11.696
144	TOD6	475	496	-	13.179
167	TOD6	72	93	+	10.379
175	TOD6	306	327	-	12.366
176	TOD6	298	319	+	12.366
192	TOD6	223	244	-	11.943
199	TOD6	227	248	-	10.885
205	TOD6	18	39	-	12.511
207	TOD6	236	257	-	12.171
220	TOD6	240	261	-	13.446
221	TOD6	292	313	+	13.446
263	TOD6	143	164	-	15.46
328	TOD6	120	141	-	13.017
32	TOS8	98	106	-	12.053
36	TOS8	112	120	+	11.77
61	TOS8	174	182	+	11.643
61	TOS8	232	240	+	11.643
102	TOS8	318	326	-	11.77
144	TOS8	210	218	-	14.01
181	TOS8	91	99	+	11.935
204	TOS8	10	18	-	13.212
222	TOS8	324	332	-	11.77
223	TOS8	64	72	+	11.77
226	TOS8	468	476	+	11.935
254	TOS8	110	118	+	11.935
311	TOS8	20	28	+	11.935
313	TOS8	252	260	-	12.359
348	TOS8	52	60	+	14.01
350	TOS8	19	27	-	12.053
19	TYE7	136	145	+	13.002
37	TYE7	313	322	-	13.783
49	TYE7	293	302	+	11.871
64	TYE7	469	478	-	11.811
80	TYE7	167	176	+	11.638
85	TYE7	232	241	-	11.871
92	TYE7	345	354	+	15.035
109	TYE7	265	274	-	10.922
124	TYE7	270	279	-	14.086
135	TYE7	99	108	+	10.95
135	TYE7	305	314	+	15.035
138	TYE7	11	20	+	11.406
143	TYE7	458	467	-	11.462
195	TYE7	210	219	+	14.086
220	TYE7	394	403	-	11.837
221	TYE7	150	159	+	11.837
247	TYE7	94	103	-	12.053
319	TYE7	359	368	+	15.035
336	TYE7	271	280	+	11.338
389	TYE7	25	34	+	12.285
390	TYE7	142	151	-	12.285
50	UGA3	205	215	+	12.924
70	UGA3	16	26	+	13.62
78	UGA3	321	331	-	12.838
133	UGA3	198	208	-	12.961
141	UGA3	87	97	-	12.918
148	UGA3	80	90	-	12.222
153	UGA3	455	465	-	12.222
166	UGA3	9	19	-	12.967
167	UGA3	66	76	-	13.533
169	UGA3	290	300	-	12.875
181	UGA3	227	237	+	12.961
182	UGA3	468	478	-	12.961
195	UGA3	249	259	+	12.832
207	UGA3	468	478	-	12.875
227	UGA3	490	500	+	12.881
236	UGA3	13	23	-	12.229
306	UGA3	311	321	+	12.229
320	UGA3	191	201	+	13.62
322	UGA3	168	178	-	12.924
330	UGA3	75	85	+	12.881
355	UGA3	301	311	-	12.918
372	UGA3	56	66	-	12.229
376	UGA3	19	29	+	12.961
0	UME6	62	72	-	10.476
4	UME6	121	131	-	9.88
9	UME6	443	453	-	10.018
30	UME6	158	168	+	10.771
75	UME6	152	162	+	9.841
102	UME6	334	344	-	10.795
118	UME6	245	255	-	9.737
130	UME6	443	453	-	10.018
148	UME6	83	93	-	10.756
151	UME6	422	432	+	10.052
152	UME6	255	265	-	10.052
162	UME6	96	106	+	9.808
200	UME6	39	49	+	10.78
202	UME6	464	474	-	10.78
206	UME6	247	257	+	10.771
227	UME6	475	485	+	10.556
260	UME6	101	111	+	10.476
261	UME6	62	72	-	10.476
282	UME6	16	26	+	9.994
292	UME6	398	408	-	10.829
293	UME6	151	161	+	10.829
304	UME6	49	59	-	10.523
315	UME6	258	268	-	9.794
322	UME6	130	140	+	10.795
328	UME6	121	131	-	9.88
332	UME6	160	170	+	9.738
373	UME6	50	60	+	10.018
373	UME6	247	257	-	9.831
381	UME6	388	398	+	10.125
3	UPC2	271	278	-	11.519
11	UPC2	314	321	-	11.519
33	UPC2	182	189	-	11.519
37	UPC2	217	224	+	11.618
40	UPC2	37	44	-	11.519
52	UPC2	298	305	-	11.619
61	UPC2	157	164	+	11.619
62	UPC2	141	148	-	11.519
63	UPC2	127	134	-	11.519
72	UPC2	415	422	+	11.519
84	UPC2	220	227	+	11.619
95	UPC2	453	460	+	11.519
108	UPC2	294	301	-	11.519
111	UPC2	187	194	+	11.619
122	UPC2	254	261	-	11.618
131	UPC2	169	176	+	11.619
147	UPC2	350	357	-	11.519
164	UPC2	8	15	+	11.519
165	UPC2	107	114	-	11.519
168	UPC2	43	50	-	11.619
170	UPC2	462	469	-	11.519
173	UPC2	200	207	+	11.619
174	UPC2	191	198	-	11.619
192	UPC2	69	76	-	11.519
195	UPC2	187	194	-	11.519
248	UPC2	118	125	+	11.619
249	UPC2	279	286	+	11.618
250	UPC2	52	59	-	11.618
268	UPC2	37	44	+	11.519
269	UPC2	271	278	-	11.519
332	UPC2	87	94	+	11.619
366	UPC2	247	254	-	11.618
378	UPC2	35	42	+	11.618
378	UPC2	209	216	+	11.619
379	UPC2	28	35	-	11.618
381	UPC2	38	45	-	11.519
388	UPC2	171	178	-	11.618
2	URC2	30	40	-	13.105
36	URC2	450	460	-	13.365
42	URC2	297	307	-	12.384
63	URC2	216	226	-	13.792
73	URC2	117	127	-	13.846
75	URC2	255	265	-	12.275
78	URC2	450	460	-	13.552
111	URC2	211	221	-	12.226
112	URC2	213	223	-	12.384
113	URC2	449	459	-	12.74
136	URC2	326	336	-	13.105
160	URC2	284	294	+	12.702
168	URC2	8	18	-	12.423
172	URC2	281	291	+	14.153
208	URC2	449	459	+	13.301
209	URC2	252	262	-	13.301
219	URC2	71	81	+	13.235
225	URC2	25	35	+	13.552
253	URC2	197	207	-	13.528
367	URC2	260	270	-	13.048
391	URC2	31	41	+	12.384
0	USV1	109	114	+	11.014
2	USV1	251	256	-	11.014
6	USV1	344	349	+	11.014
12	USV1	251	256	-	11.014
15	USV1	362	367	-	11.014
17	USV1	403	408	+	11.014
25	USV1	174	179	-	11.014
25	USV1	219	224	-	11.014
27	USV1	227	232	+	11.014
31	USV1	293	298	-	11.014
33	USV1	215	220	+	11.014
37	USV1	341	346	-	11.014
37	USV1	346	351	-	11.014
42	USV1	242	247	-	11.014
50	USV1	254	259	-	11.014
54	USV1	142	147	+	11.014
57	USV1	255	260	-	11.014
58	USV1	290	295	+	11.014
65	USV1	468	473	+	11.014
68	USV1	91	96	-	11.014
69	USV1	394	399	+	11.014
71	USV1	180	185	-	11.014
71	USV1	211	216	-	11.014
72	USV1	234	239	+	11.014
82	USV1	90	95	-	11.014
84	USV1	192	197	-	11.014
88	USV1	314	319	+	11.014
95	USV1	96	101	-	11.014
96	USV1	489	494	+	11.014
103	USV1	167	172	-	11.014
105	USV1	218	223	-	11.014
110	USV1	339	344	+	11.014
113	USV1	264	269	+	11.014
115	USV1	22	27	+	11.014
117	USV1	187	192	+	11.014
117	USV1	198	203	+	11.014
118	USV1	83	88	+	11.014
123	USV1	29	34	-	11.014
123	USV1	179	184	-	11.014
131	USV1	480	485	+	11.014
132	USV1	32	37	+	11.014
132	USV1	481	486	+	11.014
134	USV1	115	120	+	11.014
137	USV1	0	5	-	11.014
140	USV1	121	126	+	11.014
146	USV1	137	142	+	11.014
146	USV1	187	192	+	11.014
147	USV1	170	175	-	11.014
148	USV1	264	269	-	11.014
151	USV1	44	49	-	11.014
151	USV1	490	495	-	11.014
152	USV1	192	197	+	11.014
153	USV1	339	344	-	11.014
154	USV1	51	56	-	11.014
154	USV1	109	114	-	11.014
155	USV1	339	344	-	11.014
159	USV1	491	496	+	11.014
163	USV1	5	10	+	11.014
163	USV1	347	352	+	11.014
167	USV1	68	73	+	11.014
167	USV1	86	91	-	11.014
171	USV1	312	317	-	11.014
175	USV1	407	412	+	11.014
176	USV1	213	218	-	11.014
179	USV1	309	314	+	11.014
179	USV1	326	331	-	11.014
179	USV1	441	446	+	11.014
186	USV1	337	342	+	11.014
189	USV1	356	361	+	11.014
195	USV1	72	77	-	11.014
198	USV1	143	148	-	11.014
199	USV1	68	73	+	11.014
201	USV1	325	330	+	11.014
210	USV1	350	355	+	11.014
210	USV1	411	416	+	11.014
213	USV1	239	244	+	11.014
213	USV1	290	295	+	11.014
218	USV1	383	388	-	11.014
219	USV1	231	236	+	11.014
220	USV1	77	82	-	11.014
221	USV1	471	476	+	11.014
222	USV1	294	299	+	11.014
223	USV1	97	102	-	11.014
225	USV1	6	11	-	11.014
225	USV1	486	491	-	11.014
229	USV1	320	325	+	11.014
229	USV1	456	461	-	11.014
231	USV1	233	238	+	11.014
231	USV1	421	426	+	11.014
234	USV1	456	461	-	11.014
235	USV1	164	169	+	11.014
235	USV1	430	435	-	11.014
236	USV1	435	440	-	11.014
237	USV1	258	263	+	11.014
247	USV1	316	321	-	11.014
251	USV1	329	334	+	11.014
251	USV1	489	494	-	11.014
252	USV1	278	283	+	11.014
252	USV1	438	443	-	11.014
253	USV1	19	24	-	11.014
255	USV1	193	198	-	11.014
257	USV1	357	362	+	11.014
258	USV1	311	316	-	11.014
259	USV1	102	107	+	11.014
260	USV1	59	64	-	11.014
260	USV1	479	484	-	11.014
261	USV1	109	114	+	11.014
263	USV1	223	228	+	11.014
264	USV1	475	480	-	11.014
267	USV1	51	56	-	11.014
280	USV1	32	37	+	11.014
281	USV1	65	70	+	11.014
281	USV1	96	101	-	11.014
281	USV1	321	326	-	11.014
282	USV1	397	402	+	11.014
283	USV1	190	195	-	11.014
284	USV1	421	426	+	11.014
290	USV1	260	265	-	11.014
291	USV1	290	295	+	11.014
297	USV1	307	312	-	11.014
299	USV1	350	355	+	11.014
300	USV1	304	309	-	11.014
305	USV1	315	320	+	11.014
306	USV1	268	273	-	11.014
311	USV1	348	353	-	11.014
313	USV1	368	373	-	11.014
314	USV1	118	123	-	11.014
315	USV1	95	100	+	11.014
315	USV1	109	114	-	11.014
321	USV1	423	428	+	11.014
323	USV1	354	359	+	11.014
324	USV1	93	98	+	11.014
330	USV1	113	118	-	11.014
332	USV1	344	349	+	11.014
334	USV1	229	234	+	11.014
335	USV1	220	225	-	11.014
343	USV1	237	242	+	11.014
344	USV1	336	341	-	11.014
348	USV1	239	244	-	11.014
349	USV1	297	302	+	11.014
350	USV1	344	349	+	11.014
353	USV1	324	329	+	11.014
357	USV1	193	198	+	11.014
358	USV1	440	445	+	11.014
359	USV1	267	272	-	11.014
361	USV1	13	18	-	11.014
366	USV1	214	219	+	11.014
370	USV1	273	278	-	11.014
371	USV1	145	150	+	11.014
372	USV1	123	128	-	11.014
374	USV1	150	155	+	11.014
386	USV1	344	349	+	11.014
388	USV1	88	93	+	11.014
388	USV1	405	410	+	11.014
389	USV1	296	301	+	11.014
393	USV1	294	299	-	11.014
394	USV1	48	53	+	11.014
394	USV1	479	484	-	11.014
395	USV1	474	479	+	11.014
11	XBP1	148	160	-	12.341
69	XBP1	70	82	+	12.849
81	XBP1	255	267	-	13.058
96	XBP1	206	218	+	14.548
113	XBP1	141	153	+	12.183
184	XBP1	130	142	+	12.037
188	XBP1	411	423	+	12.055
190	XBP1	407	419	-	11.966
194	XBP1	69	81	+	13.489
203	XBP1	483	495	+	12.063
210	XBP1	45	57	-	13.627
241	XBP1	283	295	+	13.667
310	XBP1	5	17	-	13.32
323	XBP1	478	490	-	12.82
334	XBP1	278	290	-	12.641
335	XBP1	164	176	+	12.641
359	XBP1	202	214	-	12.381
379	XBP1	73	85	-	12.334
2	YAP1	317	327	-	9.233
11	YAP1	291	301	+	9.323
93	YAP1	485	495	+	9.492
94	YAP1	42	52	+	9.454
118	YAP1	291	301	+	9.257
120	YAP1	296	306	+	9.365
128	YAP1	433	443	+	9.412
165	YAP1	132	142	-	9.23
195	YAP1	236	246	+	9.679
230	YAP1	445	455	+	9.506
243	YAP1	332	342	-	9.258
251	YAP1	196	206	-	9.426
254	YAP1	157	167	-	9.973
263	YAP1	31	41	+	10.401
316	YAP1	406	416	+	9.685
322	YAP1	166	176	+	9.365
348	YAP1	295	305	-	9.201
369	YAP1	139	149	-	9.515
42	YAP3.1	138	145	-	13.484
61	YAP3.1	475	482	-	13.484
82	YAP3.1	306	313	-	13.484
83	YAP3.1	37	44	-	13.484
90	YAP3.1	30	37	+	13.484
93	YAP3.1	487	494	+	13.484
111	YAP3.1	472	479	-	13.484
114	YAP3.1	76	83	+	13.484
128	YAP3.1	435	442	+	13.484
148	YAP3.1	175	182	-	13.484
153	YAP3.1	458	465	+	13.484
165	YAP3.1	336	343	+	13.484
166	YAP3.1	293	300	-	13.484
171	YAP3.1	213	220	+	13.484
186	YAP3.1	406	413	-	13.484
193	YAP3.1	475	482	+	13.484
226	YAP3.1	5	12	-	13.484
254	YAP3.1	240	247	+	13.484
265	YAP3.1	239	246	+	13.484
271	YAP3.1	310	317	-	13.484
275	YAP3.1	9	16	-	13.484
306	YAP3.1	299	306	-	13.484
308	YAP3.1	58	65	+	13.484
351	YAP3.1	492	499	+	13.484
354	YAP3.1	8	15	+	13.484
355	YAP3.1	346	353	-	13.484
369	YAP3.1	140	147	-	13.484
377	YAP3.1	259	266	-	13.484
382	YAP3.1	200	207	-	13.484
1	YAP3.2	219	227	-	14.103
18	YAP3.2	248	256	+	13.236
60	YAP3.2	34	42	+	14.103
117	YAP3.2	252	260	-	14.103
121	YAP3.2	101	109	-	13.245
133	YAP3.2	85	93	+	13.245
134	YAP3.2	32	40	-	13.245
180	YAP3.2	241	249	+	13.245
191	YAP3.2	423	431	+	13.245
229	YAP3.2	165	173	+	14.103
230	YAP3.2	447	455	+	14.103
238	YAP3.2	123	131	+	13.245
251	YAP3.2	196	204	-	14.103
320	YAP3.2	459	467	-	13.245
374	YAP3.2	223	231	-	13.245
50	YAP5	205	216	-	12.798
61	YAP5	206	217	+	12.727
81	YAP5	422	433	+	13.461
94	YAP5	43	54	+	13.679
136	YAP5	227	238	-	13.055
149	YAP5	424	435	+	13.206
157	YAP5	9	20	+	13.709
171	YAP5	483	494	-	14.117
172	YAP5	16	27	+	15.165
173	YAP5	234	245	+	15.165
174	YAP5	153	164	-	15.165
180	YAP5	149	160	-	14.087
180	YAP5	176	187	+	14.852
203	YAP5	17	28	+	15.198
207	YAP5	222	233	+	13.006
235	YAP5	422	433	+	13.991
251	YAP5	12	23	-	12.192
258	YAP5	473	484	-	12.536
279	YAP5	284	295	-	13.14
342	YAP5	374	385	-	14.224
369	YAP5	57	68	+	14.182
395	YAP5	115	126	-	12.513
1	YAP6	219	227	-	12.673
7	YAP6	273	281	-	12.987
18	YAP6	248	256	+	14.448
60	YAP6	34	42	+	12.673
117	YAP6	252	260	-	12.673
120	YAP6	298	306	+	12.987
136	YAP6	491	499	-	12.029
229	YAP6	165	173	+	12.673
230	YAP6	447	455	+	12.673
251	YAP6	196	204	-	12.673
263	YAP6	37	45	+	12.987
267	YAP6	377	385	-	12.029
299	YAP6	129	137	+	12.541
322	YAP6	136	144	-	12.029
322	YAP6	168	176	+	12.987
347	YAP6	194	202	-	12.541
0	YAP7.1	139	151	+	12.555
52	YAP7.1	456	468	+	13.551
80	YAP7.1	456	468	+	13.551
82	YAP7.1	459	471	+	12.618
93	YAP7.1	485	497	+	14.079
107	YAP7.1	228	240	-	12.755
115	YAP7.1	260	272	-	12.755
119	YAP7.1	109	121	-	12.293
139	YAP7.1	93	105	-	16.422
153	YAP7.1	456	468	+	12.906
173	YAP7.1	93	105	-	12.353
174	YAP7.1	293	305	+	12.353
194	YAP7.1	402	414	+	14.32
237	YAP7.1	96	108	-	12.675
260	YAP7.1	22	34	-	12.555
261	YAP7.1	139	151	+	12.555
265	YAP7.1	237	249	+	12.901
281	YAP7.1	259	271	-	13.724
295	YAP7.1	26	38	-	13.546
296	YAP7.1	162	174	+	13.546
395	YAP7.1	115	127	-	13.331
1	YAP7.2	219	227	-	13.31
59	YAP7.2	16	24	-	11.95
60	YAP7.2	34	42	+	13.31
117	YAP7.2	252	260	-	13.31
135	YAP7.2	100	108	+	12.989
135	YAP7.2	256	264	-	11.95
142	YAP7.2	459	467	-	13.009
183	YAP7.2	324	332	-	11.95
184	YAP7.2	313	321	+	11.95
194	YAP7.2	432	440	+	11.95
200	YAP7.2	225	233	+	11.95
202	YAP7.2	280	288	-	11.95
229	YAP7.2	165	173	+	13.31
230	YAP7.2	447	455	+	13.31
246	YAP7.2	285	293	+	12.989
246	YAP7.2	290	298	+	12.989
251	YAP7.2	196	204	-	13.31
289	YAP7.2	312	320	-	12.989
385	YAP7.2	4	12	-	13.291
394	YAP7.2	101	109	+	12.989
0	YGR067C	171	181	+	13.205
9	YGR067C	273	283	+	12.337
32	YGR067C	246	256	+	12.949
37	YGR067C	339	349	-	11.701
57	YGR067C	165	175	-	13.205
110	YGR067C	336	346	+	11.701
148	YGR067C	262	272	-	11.842
170	YGR067C	235	245	-	12.266
261	YGR067C	171	181	+	13.205
298	YGR067C	175	185	+	11.866
306	YGR067C	116	126	-	11.857
307	YGR067C	127	137	+	11.857
323	YGR067C	282	292	-	12.079
330	YGR067C	157	167	-	12.124
348	YGR067C	99	109	+	12.096
348	YGR067C	124	134	+	11.966
384	YGR067C	264	274	-	11.837
22	YHP1	438	446	+	10.966
42	YHP1	37	45	-	10.659
68	YHP1	471	479	+	10.896
111	YHP1	430	438	+	10.896
111	YHP1	434	442	+	10.896
111	YHP1	438	446	+	10.659
112	YHP1	339	347	+	10.659
135	YHP1	71	79	+	11.361
138	YHP1	59	67	-	10.896
191	YHP1	111	119	+	10.966
203	YHP1	138	146	-	10.966
222	YHP1	302	310	-	10.966
223	YHP1	86	94	+	10.966
232	YHP1	422	430	+	11.361
233	YHP1	487	495	-	11.361
245	YHP1	449	457	-	10.659
256	YHP1	341	349	-	10.659
292	YHP1	382	390	+	10.659
293	YHP1	169	177	-	10.659
316	YHP1	10	18	-	10.659
317	YHP1	213	221	+	10.659
372	YHP1	59	67	+	10.896
378	YHP1	23	31	-	11.361
379	YHP1	39	47	+	11.361
2	YKL222C	31	41	-	9.257
9	YKL222C	274	284	+	9.795
22	YKL222C	209	219	+	8.922
22	YKL222C	215	225	-	8.977
56	YKL222C	140	150	+	9.002
69	YKL222C	198	208	+	9.093
69	YKL222C	264	274	+	9.325
73	YKL222C	118	128	-	8.914
110	YKL222C	127	137	-	9.415
113	YKL222C	450	460	-	9.329
142	YKL222C	10	20	-	8.864
147	YKL222C	272	282	+	8.912
166	YKL222C	47	57	-	9.041
167	YKL222C	364	374	-	9.11
194	YKL222C	482	492	+	8.913
196	YKL222C	7	17	-	9.325
196	YKL222C	377	387	+	9.111
197	YKL222C	209	219	-	9.111
253	YKL222C	198	208	-	8.886
275	YKL222C	76	86	-	8.912
316	YKL222C	45	55	+	9.274
317	YKL222C	176	186	-	9.274
368	YKL222C	57	67	+	8.929
24	YLR278C	212	221	+	12.248
53	YLR278C	474	483	-	12.136
78	YLR278C	474	483	-	12.136
80	YLR278C	230	239	+	11.907
86	YLR278C	34	43	+	12.248
110	YLR278C	480	489	-	13.833
119	YLR278C	479	488	-	13.833
123	YLR278C	475	484	-	14.927
135	YLR278C	64	73	-	13.0
181	YLR278C	44	53	+	12.964
194	YLR278C	181	190	+	12.248
206	YLR278C	343	352	+	13.217
229	YLR278C	397	406	-	11.907
242	YLR278C	33	42	-	12.964
274	YLR278C	460	469	-	12.964
304	YLR278C	375	384	+	13.217
314	YLR278C	202	211	+	13.0
352	YLR278C	474	483	-	12.964
6	YOX1	170	178	-	12.069
44	YOX1	426	434	+	14.057
60	YOX1	341	349	+	14.057
83	YOX1	19	27	-	14.057
111	YOX1	433	441	+	14.057
118	YOX1	128	136	-	12.069
126	YOX1	261	269	+	14.057
138	YOX1	60	68	-	12.069
158	YOX1	357	365	+	12.069
212	YOX1	359	367	-	14.057
277	YOX1	391	399	+	12.069
349	YOX1	265	273	-	12.069
386	YOX1	170	178	-	12.069
387	YOX1	0	8	+	12.069
387	YOX1	260	268	-	12.069
2	YPR196W	81	102	+	13.167
33	YPR196W	36	57	+	12.504
50	YPR196W	459	480	-	13.905
60	YPR196W	170	191	+	11.647
97	YPR196W	215	236	-	13.047
111	YPR196W	212	233	-	14.688
115	YPR196W	12	33	-	15.075
136	YPR196W	459	480	-	13.905
188	YPR196W	410	431	-	12.812
194	YPR196W	94	115	-	11.607
251	YPR196W	39	60	-	13.177
251	YPR196W	319	340	-	12.843
252	YPR196W	432	453	+	12.843
265	YPR196W	179	200	-	16.2
321	YPR196W	15	36	+	11.631
329	YPR196W	35	56	+	12.722
32	YRM1	308	329	-	11.527
36	YRM1	444	465	-	11.84
46	YRM1	205	226	+	13.172
52	YRM1	256	277	-	11.558
71	YRM1	302	323	-	12.277
72	YRM1	44	65	+	13.457
97	YRM1	209	230	+	12.674
105	YRM1	306	327	-	16.474
107	YRM1	174	195	-	11.976
114	YRM1	303	324	-	12.169
136	YRM1	192	213	-	11.466
136	YRM1	320	341	-	11.706
148	YRM1	446	467	+	14.202
159	YRM1	24	45	+	11.983
171	YRM1	394	415	-	11.553
172	YRM1	235	256	-	13.27
172	YRM1	276	297	+	13.147
173	YRM1	453	474	-	13.27
187	YRM1	350	371	+	11.543
247	YRM1	272	293	-	11.926
281	YRM1	329	350	-	11.821
284	YRM1	122	143	+	12.598
316	YRM1	159	180	+	11.837
317	YRM1	51	72	-	11.837
394	YRM1	44	65	+	12.107
395	YRM1	470	491	+	12.107
2	YRR1	30	40	-	11.17
5	YRR1	271	281	-	10.448
69	YRR1	265	275	+	10.405
73	YRR1	117	127	-	10.207
94	YRR1	177	187	+	10.805
110	YRR1	126	136	-	10.175
121	YRR1	236	246	+	9.88
136	YRR1	326	336	-	11.17
140	YRR1	7	17	-	10.814
148	YRR1	451	461	+	10.451
157	YRR1	165	175	-	10.98
165	YRR1	349	359	+	10.767
166	YRR1	46	56	-	10.632
166	YRR1	277	287	-	10.767
196	YRR1	6	16	-	10.405
196	YRR1	378	388	+	10.647
197	YRR1	208	218	-	10.647
206	YRR1	125	135	+	10.442
208	YRR1	449	459	+	10.031
209	YRR1	252	262	-	10.031
253	YRR1	197	207	-	10.397
265	YRR1	418	428	+	9.992
281	YRR1	335	345	-	10.808
295	YRR1	95	105	+	10.632
296	YRR1	95	105	-	10.632
304	YRR1	81	91	+	10.647
316	YRR1	46	56	+	10.442
317	YRR1	175	185	-	10.442
323	YRR1	359	369	-	10.04
336	YRR1	401	411	+	10.814
345	YRR1	271	281	-	10.448
346	YRR1	330	340	+	10.98
362	YRR1	4	14	-	10.229
3	cons_PAC	254	262	-	15.23
93	cons_PAC	131	139	-	11.908
104	cons_PAC	248	256	-	11.176
107	cons_PAC	95	103	-	11.871
111	cons_PAC	113	121	-	11.176
121	cons_PAC	367	375	-	11.212
148	cons_PAC	401	409	+	15.23
160	cons_PAC	8	16	-	11.176
161	cons_PAC	223	231	+	11.176
172	cons_PAC	195	203	+	11.914
173	cons_PAC	413	421	+	11.914
175	cons_PAC	314	322	-	11.865
175	cons_PAC	486	494	+	11.212
176	cons_PAC	131	139	-	11.212
176	cons_PAC	303	311	+	11.865
181	cons_PAC	177	185	-	11.176
192	cons_PAC	406	414	-	11.176
193	cons_PAC	108	116	-	11.914
195	cons_PAC	417	425	+	11.871
205	cons_PAC	26	34	-	11.865
208	cons_PAC	468	476	+	11.176
209	cons_PAC	235	243	-	11.176
220	cons_PAC	435	443	+	11.908
221	cons_PAC	110	118	-	11.908
236	cons_PAC	243	251	-	11.212
237	cons_PAC	447	455	+	11.212
239	cons_PAC	459	467	-	15.23
246	cons_PAC	284	292	+	11.871
246	cons_PAC	289	297	+	11.871
253	cons_PAC	350	358	-	15.23
268	cons_PAC	53	61	+	15.23
268	cons_PAC	327	335	+	15.23
269	cons_PAC	254	262	-	15.23
272	cons_PAC	334	342	+	11.871
289	cons_PAC	313	321	-	11.871
318	cons_PAC	96	104	+	11.908
344	cons_PAC	41	49	-	11.865
360	cons_PAC	245	253	-	11.914
394	cons_PAC	105	113	+	11.176
4	cons_RRPE	295	306	+	16.647
8	cons_RRPE	389	400	-	13.288
21	cons_RRPE	328	339	-	13.288
24	cons_RRPE	280	291	-	13.282
30	cons_RRPE	318	329	-	12.593
34	cons_RRPE	102	113	+	13.331
38	cons_RRPE	398	409	-	13.325
40	cons_RRPE	165	176	+	13.288
70	cons_RRPE	335	346	+	13.325
79	cons_RRPE	289	300	-	16.647
81	cons_RRPE	327	338	-	13.288
89	cons_RRPE	230	241	-	13.331
92	cons_RRPE	228	239	+	13.282
107	cons_RRPE	330	341	-	12.593
114	cons_RRPE	283	294	-	13.282
117	cons_RRPE	243	254	+	13.288
118	cons_RRPE	301	312	-	16.647
120	cons_RRPE	259	270	-	13.325
132	cons_RRPE	307	318	-	13.325
170	cons_RRPE	332	343	-	13.331
175	cons_RRPE	334	345	-	16.647
176	cons_RRPE	280	291	+	16.647
189	cons_RRPE	35	46	-	12.593
190	cons_RRPE	313	324	+	16.647
194	cons_RRPE	346	357	+	13.325
196	cons_RRPE	250	261	-	13.282
197	cons_RRPE	335	346	+	13.282
206	cons_RRPE	303	314	-	12.593
210	cons_RRPE	292	303	-	12.593
214	cons_RRPE	292	303	-	16.647
226	cons_RRPE	31	42	-	13.288
268	cons_RRPE	341	352	+	13.282
273	cons_RRPE	12	23	-	12.593
314	cons_RRPE	335	346	+	13.282
314	cons_RRPE	338	349	-	13.331
318	cons_RRPE	204	215	+	16.647
318	cons_RRPE	206	217	-	12.593
319	cons_RRPE	90	101	+	12.593
325	cons_RRPE	399	410	-	13.282
326	cons_RRPE	267	278	-	16.647
327	cons_RRPE	72	83	+	16.647
327	cons_RRPE	74	85	-	12.593
328	cons_RRPE	295	306	+	16.647
355	cons_RRPE	2	13	-	12.593
360	cons_RRPE	225	236	-	16.647
379	cons_RRPE	89	100	+	16.647
380	cons_RRPE	120	131	-	13.325
380	cons_RRPE	351	362	+	16.647
2	cons_TATA	428	434	+	8.669
3	cons_TATA	377	383	-	8.669
4	cons_TATA	343	349	-	8.669
4	cons_TATA	347	353	+	8.669
5	cons_TATA	57	63	+	8.669
9	cons_TATA	56	62	+	8.669
12	cons_TATA	185	191	-	8.669
12	cons_TATA	361	367	+	8.669
13	cons_TATA	6	12	+	8.669
14	cons_TATA	290	296	-	8.669
15	cons_TATA	73	79	-	8.669
17	cons_TATA	463	469	+	8.669
18	cons_TATA	44	50	+	8.669
18	cons_TATA	323	329	-	8.669
18	cons_TATA	325	331	+	8.669
19	cons_TATA	374	380	-	8.669
20	cons_TATA	286	292	-	8.669
20	cons_TATA	288	294	+	8.669
21	cons_TATA	193	199	+	8.669
25	cons_TATA	121	127	-	8.669
26	cons_TATA	112	118	+	8.669
26	cons_TATA	163	169	-	8.669
28	cons_TATA	343	349	-	8.669
32	cons_TATA	28	34	-	8.669
32	cons_TATA	59	65	+	8.669
38	cons_TATA	30	36	-	8.669
38	cons_TATA	73	79	-	8.669
38	cons_TATA	393	399	-	8.669
42	cons_TATA	357	363	-	8.669
43	cons_TATA	43	49	+	8.669
44	cons_TATA	192	198	+	8.669
44	cons_TATA	212	218	+	8.669
44	cons_TATA	411	417	+	8.669
46	cons_TATA	356	362	-	8.669
46	cons_TATA	377	383	-	8.669
46	cons_TATA	468	474	-	8.669
47	cons_TATA	190	196	+	8.669
47	cons_TATA	210	216	-	8.669
47	cons_TATA	459	465	+	8.669
48	cons_TATA	28	34	+	8.669
48	cons_TATA	64	70	-	8.669
48	cons_TATA	66	72	+	8.669
50	cons_TATA	101	107	+	8.669
51	cons_TATA	137	143	-	8.669
53	cons_TATA	137	143	-	8.669
53	cons_TATA	353	359	-	8.669
53	cons_TATA	355	361	+	8.669
57	cons_TATA	45	51	+	8.669
65	cons_TATA	216	222	-	8.669
65	cons_TATA	362	368	+	8.669
66	cons_TATA	418	424	-	8.669
66	cons_TATA	420	426	+	8.669
67	cons_TATA	472	478	+	8.669
69	cons_TATA	118	124	-	8.669
69	cons_TATA	362	368	-	8.669
69	cons_TATA	364	370	+	8.669
70	cons_TATA	227	233	-	8.669
70	cons_TATA	419	425	+	8.669
74	cons_TATA	100	106	-	8.669
76	cons_TATA	167	173	+	8.669
78	cons_TATA	403	409	-	8.669
80	cons_TATA	35	41	+	8.669
81	cons_TATA	51	57	-	8.669
81	cons_TATA	53	59	+	8.669
81	cons_TATA	125	131	-	8.669
81	cons_TATA	417	423	+	8.669
82	cons_TATA	63	69	+	8.669
82	cons_TATA	100	106	+	8.669
82	cons_TATA	338	344	-	8.669
82	cons_TATA	340	346	+	8.669
82	cons_TATA	369	375	-	8.669
86	cons_TATA	239	245	+	8.669
101	cons_TATA	21	27	-	8.669
101	cons_TATA	128	134	-	8.669
102	cons_TATA	45	51	+	8.669
102	cons_TATA	152	158	+	8.669
102	cons_TATA	191	197	+	8.669
103	cons_TATA	112	118	+	8.669
103	cons_TATA	175	181	+	8.669
104	cons_TATA	222	228	+	8.669
107	cons_TATA	131	137	+	8.669
114	cons_TATA	213	219	-	8.669
114	cons_TATA	217	223	+	8.669
116	cons_TATA	55	61	+	8.669
117	cons_TATA	119	125	-	8.669
118	cons_TATA	78	84	-	8.669
118	cons_TATA	338	344	+	8.669
120	cons_TATA	242	248	-	8.669
121	cons_TATA	16	22	+	8.669
121	cons_TATA	25	31	+	8.669
122	cons_TATA	15	21	-	8.669
122	cons_TATA	17	23	+	8.669
125	cons_TATA	123	129	+	8.669
125	cons_TATA	301	307	+	8.669
127	cons_TATA	164	170	-	8.669
128	cons_TATA	337	343	+	8.669
131	cons_TATA	399	405	-	8.669
132	cons_TATA	333	339	+	8.669
135	cons_TATA	135	141	+	8.669
136	cons_TATA	152	158	-	8.669
137	cons_TATA	310	316	+	8.669
137	cons_TATA	319	325	-	8.669
137	cons_TATA	336	342	+	8.669
137	cons_TATA	436	442	+	8.669
143	cons_TATA	208	214	-	8.669
143	cons_TATA	272	278	+	8.669
145	cons_TATA	345	351	+	8.669
146	cons_TATA	272	278	+	8.669
147	cons_TATA	87	93	-	8.669
147	cons_TATA	300	306	+	8.669
148	cons_TATA	307	313	-	8.669
149	cons_TATA	95	101	+	8.669
149	cons_TATA	402	408	-	8.669
150	cons_TATA	253	259	-	8.669
151	cons_TATA	177	183	-	8.669
151	cons_TATA	219	225	-	8.669
152	cons_TATA	462	468	+	8.669
153	cons_TATA	244	250	-	8.669
153	cons_TATA	441	447	+	8.669
154	cons_TATA	313	319	+	8.669
155	cons_TATA	333	339	-	8.669
156	cons_TATA	168	174	+	8.669
159	cons_TATA	261	267	-	8.669
159	cons_TATA	267	273	+	8.669
160	cons_TATA	350	356	-	8.669
165	cons_TATA	365	371	+	8.669
166	cons_TATA	265	271	-	8.669
169	cons_TATA	9	15	-	8.669
171	cons_TATA	250	256	+	8.669
172	cons_TATA	318	324	-	8.669
172	cons_TATA	332	338	+	8.669
172	cons_TATA	359	365	+	8.669
172	cons_TATA	397	403	-	8.669
172	cons_TATA	401	407	+	8.669
173	cons_TATA	215	221	-	8.669
173	cons_TATA	217	223	+	8.669
174	cons_TATA	175	181	-	8.669
174	cons_TATA	177	183	+	8.669
177	cons_TATA	237	243	+	8.669
177	cons_TATA	335	341	-	8.669
179	cons_TATA	350	356	+	8.669
179	cons_TATA	436	442	-	8.669
182	cons_TATA	186	192	+	8.669
183	cons_TATA	91	97	-	8.669
183	cons_TATA	202	208	+	8.669
184	cons_TATA	437	443	-	8.669
185	cons_TATA	385	391	-	8.669
187	cons_TATA	302	308	+	8.669
188	cons_TATA	251	257	+	8.669
189	cons_TATA	32	38	+	8.669
189	cons_TATA	59	65	+	8.669
190	cons_TATA	85	91	+	8.669
190	cons_TATA	175	181	-	8.669
191	cons_TATA	134	140	+	8.669
193	cons_TATA	30	36	+	8.669
193	cons_TATA	85	91	+	8.669
193	cons_TATA	230	236	-	8.669
200	cons_TATA	419	425	-	8.669
201	cons_TATA	48	54	+	8.669
202	cons_TATA	88	94	+	8.669
203	cons_TATA	425	431	-	8.669
204	cons_TATA	349	355	+	8.669
205	cons_TATA	294	300	-	8.669
207	cons_TATA	291	297	-	8.669
207	cons_TATA	293	299	+	8.669
208	cons_TATA	37	43	+	8.669
210	cons_TATA	89	95	-	8.669
210	cons_TATA	256	262	-	8.669
216	cons_TATA	59	65	+	8.669
216	cons_TATA	113	119	-	8.669
218	cons_TATA	348	354	+	8.669
219	cons_TATA	265	271	-	8.669
220	cons_TATA	6	12	+	8.669
227	cons_TATA	342	348	+	8.669
230	cons_TATA	70	76	+	8.669
232	cons_TATA	311	317	-	8.669
233	cons_TATA	74	80	+	8.669
233	cons_TATA	288	294	-	8.669
234	cons_TATA	174	180	+	8.669
239	cons_TATA	352	358	+	8.669
240	cons_TATA	376	382	-	8.669
242	cons_TATA	333	339	-	8.669
243	cons_TATA	289	295	+	8.669
244	cons_TATA	196	202	+	8.669
244	cons_TATA	440	446	+	8.669
244	cons_TATA	461	467	-	8.669
245	cons_TATA	168	174	-	8.669
245	cons_TATA	170	176	+	8.669
245	cons_TATA	424	430	-	8.669
246	cons_TATA	118	124	-	8.669
246	cons_TATA	122	128	+	8.669
246	cons_TATA	402	408	+	8.669
246	cons_TATA	443	449	-	8.669
246	cons_TATA	445	451	+	8.669
248	cons_TATA	153	159	-	8.669
248	cons_TATA	247	253	-	8.669
251	cons_TATA	310	316	+	8.669
251	cons_TATA	399	405	+	8.669
252	cons_TATA	126	132	-	8.669
252	cons_TATA	367	373	-	8.669
252	cons_TATA	456	462	-	8.669
255	cons_TATA	346	352	+	8.669
256	cons_TATA	354	360	-	8.669
257	cons_TATA	151	157	-	8.669
257	cons_TATA	380	386	+	8.669
257	cons_TATA	400	406	-	8.669
259	cons_TATA	319	325	+	8.669
266	cons_TATA	64	70	-	8.669
266	cons_TATA	66	72	+	8.669
267	cons_TATA	370	376	-	8.669
267	cons_TATA	428	434	+	8.669
268	cons_TATA	415	421	+	8.669
269	cons_TATA	377	383	-	8.669
270	cons_TATA	17	23	-	8.669
270	cons_TATA	78	84	+	8.669
277	cons_TATA	217	223	+	8.669
278	cons_TATA	390	396	-	8.669
279	cons_TATA	106	112	-	8.669
279	cons_TATA	394	400	+	8.669
282	cons_TATA	277	283	-	8.669
283	cons_TATA	309	315	+	8.669
285	cons_TATA	51	57	-	8.669
290	cons_TATA	373	379	+	8.669
291	cons_TATA	176	182	-	8.669
297	cons_TATA	420	426	+	8.669
298	cons_TATA	65	71	-	8.669
298	cons_TATA	148	154	-	8.669
298	cons_TATA	157	163	-	8.669
298	cons_TATA	232	238	+	8.669
298	cons_TATA	366	372	-	8.669
303	cons_TATA	129	135	-	8.669
303	cons_TATA	322	328	+	8.669
305	cons_TATA	415	421	+	8.669
306	cons_TATA	342	348	+	8.669
307	cons_TATA	341	347	+	8.669
307	cons_TATA	387	393	-	8.669
307	cons_TATA	435	441	+	8.669
309	cons_TATA	272	278	-	8.669
310	cons_TATA	81	87	+	8.669
310	cons_TATA	298	304	+	8.669
311	cons_TATA	202	208	+	8.669
311	cons_TATA	226	232	+	8.669
311	cons_TATA	461	467	+	8.669
313	cons_TATA	333	339	+	8.669
314	cons_TATA	6	12	+	8.669
315	cons_TATA	364	370	+	8.669
316	cons_TATA	445	451	+	8.669
317	cons_TATA	304	310	+	8.669
318	cons_TATA	350	356	+	8.669
320	cons_TATA	350	356	+	8.669
321	cons_TATA	403	409	-	8.669
323	cons_TATA	6	12	+	8.669
324	cons_TATA	343	349	+	8.669
325	cons_TATA	85	91	+	8.669
325	cons_TATA	99	105	+	8.669
325	cons_TATA	188	194	+	8.669
325	cons_TATA	232	238	-	8.669
325	cons_TATA	328	334	+	8.669
328	cons_TATA	343	349	-	8.669
328	cons_TATA	347	353	+	8.669
329	cons_TATA	218	224	-	8.669
330	cons_TATA	375	381	-	8.669
330	cons_TATA	469	475	-	8.669
331	cons_TATA	223	229	-	8.669
331	cons_TATA	245	251	-	8.669
331	cons_TATA	359	365	+	8.669
332	cons_TATA	31	37	+	8.669
332	cons_TATA	42	48	-	8.669
332	cons_TATA	44	50	+	8.669
334	cons_TATA	213	219	+	8.669
334	cons_TATA	234	240	-	8.669
334	cons_TATA	378	384	-	8.669
335	cons_TATA	70	76	+	8.669
335	cons_TATA	214	220	+	8.669
335	cons_TATA	235	241	-	8.669
338	cons_TATA	125	131	-	8.669
338	cons_TATA	328	334	-	8.669
338	cons_TATA	330	336	+	8.669
339	cons_TATA	353	359	+	8.669
341	cons_TATA	22	28	+	8.669
341	cons_TATA	65	71	-	8.669
342	cons_TATA	389	395	-	8.669
345	cons_TATA	57	63	+	8.669
346	cons_TATA	81	87	+	8.669
346	cons_TATA	433	439	-	8.669
348	cons_TATA	144	150	-	8.669
349	cons_TATA	143	149	-	8.669
349	cons_TATA	360	366	-	8.669
350	cons_TATA	95	101	+	8.669
350	cons_TATA	414	420	-	8.669
351	cons_TATA	9	15	+	8.669
352	cons_TATA	150	156	+	8.669
352	cons_TATA	342	348	-	8.669
353	cons_TATA	166	172	-	8.669
353	cons_TATA	415	421	+	8.669
354	cons_TATA	24	30	-	8.669
354	cons_TATA	97	103	-	8.669
354	cons_TATA	342	348	+	8.669
357	cons_TATA	151	157	-	8.669
357	cons_TATA	291	297	-	8.669
358	cons_TATA	174	180	+	8.669
360	cons_TATA	82	88	-	8.669
360	cons_TATA	314	320	+	8.669
361	cons_TATA	203	209	-	8.669
361	cons_TATA	212	218	+	8.669
364	cons_TATA	187	193	-	8.669
366	cons_TATA	308	314	-	8.669
366	cons_TATA	338	344	+	8.669
366	cons_TATA	425	431	+	8.669
367	cons_TATA	308	314	+	8.669
367	cons_TATA	382	388	+	8.669
370	cons_TATA	96	102	-	8.669
371	cons_TATA	321	327	+	8.669
372	cons_TATA	295	301	+	8.669
373	cons_TATA	153	159	+	8.669
373	cons_TATA	412	418	+	8.669
374	cons_TATA	391	397	-	8.669
376	cons_TATA	211	217	-	8.669
377	cons_TATA	342	348	+	8.669
379	cons_TATA	120	126	+	8.669
380	cons_TATA	222	228	-	8.669
380	cons_TATA	224	230	+	8.669
381	cons_TATA	138	144	+	8.669
381	cons_TATA	211	217	-	8.669
381	cons_TATA	436	442	-	8.669
381	cons_TATA	438	444	+	8.669
383	cons_TATA	71	77	-	8.669
384	cons_TATA	341	347	-	8.669
384	cons_TATA	343	349	+	8.669
388	cons_TATA	338	344	+	8.669
393	cons_TATA	260	266	-	8.669
393	cons_TATA	355	361	+	8.669
394	cons_TATA	445	451	-	8.669
395	cons_TATA	241	247	+	8.669
395	cons_TATA	263	269	+	8.669
1	cons_branch	361	368	-	11.516
23	cons_branch	99	106	-	11.516
26	cons_branch	333	340	-	11.516
62	cons_branch	334	341	-	11.516
71	cons_branch	283	290	-	11.516
73	cons_branch	380	387	+	11.516
74	cons_branch	456	463	-	11.516
86	cons_branch	262	269	+	11.516
97	cons_branch	346	353	-	11.516
101	cons_branch	302	309	+	11.516
108	cons_branch	69	76	-	11.516
134	cons_branch	39	46	-	11.516
147	cons_branch	46	53	+	11.516
165	cons_branch	246	253	+	11.516
166	cons_branch	383	390	-	11.516
184	cons_branch	42	49	-	11.516
200	cons_branch	142	149	-	11.516
202	cons_branch	364	371	+	11.516
227	cons_branch	21	28	+	11.516
244	cons_branch	300	307	+	11.516
246	cons_branch	374	381	+	11.516
249	cons_branch	234	241	-	11.516
250	cons_branch	97	104	+	11.516
284	cons_branch	342	349	-	11.516
299	cons_branch	19	26	+	11.516
348	cons_branch	188	195	+	11.516
365	cons_branch	175	182	-	11.516
38	cons_donor	160	166	-	10.165
38	cons_donor	339	345	-	10.165
39	cons_donor	106	112	-	10.165
49	cons_donor	115	121	-	10.165
56	cons_donor	346	352	-	10.165
66	cons_donor	193	199	-	10.165
66	cons_donor	435	441	-	10.165
74	cons_donor	182	188	-	10.165
75	cons_donor	69	75	-	10.165
76	cons_donor	419	425	-	10.165
86	cons_donor	259	265	-	10.165
101	cons_donor	357	363	-	10.165
104	cons_donor	40	46	-	10.165
121	cons_donor	9	15	-	10.165
126	cons_donor	226	232	-	10.165
135	cons_donor	430	436	-	10.165
137	cons_donor	444	450	-	10.165
145	cons_donor	354	360	-	10.165
155	cons_donor	25	31	-	10.165
164	cons_donor	229	235	-	10.165
168	cons_donor	206	212	-	10.165
170	cons_donor	398	404	-	10.165
190	cons_donor	123	129	-	10.165
192	cons_donor	136	142	-	10.165
192	cons_donor	214	220	-	10.165
210	cons_donor	389	395	-	10.165
213	cons_donor	483	489	-	10.165
215	cons_donor	166	172	-	10.165
215	cons_donor	385	391	-	10.165
219	cons_donor	376	382	-	10.165
223	cons_donor	296	302	-	10.165
223	cons_donor	428	434	-	10.165
236	cons_donor	150	156	-	10.165
238	cons_donor	205	211	-	10.165
260	cons_donor	176	182	-	10.165
280	cons_donor	113	119	-	10.165
280	cons_donor	314	320	-	10.165
286	cons_donor	421	427	-	10.165
309	cons_donor	239	245	-	10.165
329	cons_donor	225	231	-	10.165
329	cons_donor	408	414	-	10.165
332	cons_donor	215	221	-	10.165
332	cons_donor	253	259	-	10.165
335	cons_donor	49	55	-	10.165
339	cons_donor	245	251	-	10.165
340	cons_donor	66	72	-	10.165
349	cons_donor	429	435	-	10.165
357	cons_donor	28	34	-	10.165
358	cons_donor	187	193	-	10.165
358	cons_donor	478	484	-	10.165
371	cons_donor	401	407	-	10.165
377	cons_donor	118	124	-	10.165
383	cons_donor	422	428	-	10.165
385	cons_donor	31	37	-	10.165
385	cons_donor	35	41	-	10.165
385	cons_donor	39	45	-	10.165
