motif,window,start,end,strand,score,flank_n,recovery_Shorkie,recovery_Shorkie_Random_Init,contrast
ABF1,12,302,320,+,12.645,79,-0.2299671173095703,-0.6155970096588135,0.38562989234924316
ABF1,30,284,302,+,11.916,71,0.06737765669822693,-0.11075876653194427,0.1781364232301712
ABF1,40,285,303,-,14.021,78,0.18931013345718384,0.32240086793899536,-0.13309073448181152
ABF1,64,242,260,+,13.067,51,-0.03475816547870636,-0.5399737358093262,0.5052155703306198
ABF1,92,62,80,+,11.95,87,0.4357839822769165,0.08389627933502197,0.35188770294189453
ABF1,97,67,85,-,13.459,92,-0.11140993237495422,-0.134761244058609,0.023351311683654785
ABF1,117,165,183,+,13.961,41,-0.40196138620376587,0.23463216423988342,-0.6365935504436493
ABF1,130,120,138,-,12.112,82,0.06493371725082397,0.32453763484954834,-0.25960391759872437
ABF1,131,438,456,+,12.318,78,1.1688685417175293,-0.08334821462631226,1.2522167563438416
ABF1,139,392,410,-,12.955,82,-0.1899748146533966,0.40355461835861206,-0.5935294330120087
ABF1,139,417,435,-,13.722,61,-0.039473116397857666,0.2777012586593628,-0.31717437505722046
ABF1,140,370,388,+,13.722,61,-0.4471931457519531,-0.24997787177562714,-0.197215273976326
ABF1,140,395,413,+,12.955,82,-0.37831827998161316,-0.17043200135231018,-0.20788627862930298
ABF1,175,132,150,-,11.863,86,-0.37829846143722534,0.616058349609375,-0.9943568110466003
ABF1,176,475,493,+,11.863,49,-0.3964809775352478,-0.47068673372268677,0.07420575618743896
ABF1,192,147,165,-,12.192,88,-0.5968277454376221,0.03826494514942169,-0.6350926905870438
ABF1,194,438,456,+,12.594,61,-0.16878393292427063,0.08327341079711914,-0.25205734372138977
ABF1,208,243,261,-,14.029,93,0.02227066457271576,-0.16137978434562683,0.1836504489183426
ABF1,209,450,468,+,14.029,75,-0.02199217677116394,0.11113753914833069,-0.13312971591949463
ABF1,281,173,191,-,12.775,77,-0.5087963938713074,-0.864992618560791,0.35619622468948364
ABF1,292,33,51,+,14.453,65,-0.37827804684638977,0.07428455352783203,-0.4525626003742218
ABF1,321,319,337,-,12.749,82,0.054756950587034225,-0.00864170491695404,0.06339865550398827
ABF1,331,150,168,-,12.895,82,-0.3389464020729065,0.19377674162387848,-0.532723143696785
ABF1,357,216,234,-,13.259,72,0.2171669453382492,0.21832962334156036,-0.0011626780033111572
ACE2,17,368,376,-,10.731,85,0.06143994629383087,-0.4881983995437622,0.5496383458375931
ACE2,20,406,414,+,10.731,89,0.2720484435558319,-0.36213088035583496,0.6341793239116669
ACE2,55,486,494,+,10.669,36,1.2621703147888184,0.7421163320541382,0.5200539827346802
ACE2,59,155,163,-,10.51,74,0.027859345078468323,-0.3022366762161255,0.3300960212945938
ACE2,75,486,494,+,10.669,55,-0.4763678312301636,0.7149380445480347,-1.1913058757781982
ACE2,97,441,449,-,10.669,100,-0.3641597032546997,1.1699564456939697,-1.5341161489486694
ACE2,163,140,148,-,10.51,86,0.3433126211166382,-0.3957526981830597,0.7390653192996979
ACE2,217,192,200,+,10.731,85,0.31477999687194824,0.6485682129859924,-0.3337882161140442
ACE2,218,169,177,+,10.731,95,-0.10536101460456848,0.14971661567687988,-0.25507763028144836
ACE2,219,442,450,-,10.731,95,0.30193567276000977,-0.4227948784828186,0.7247305512428284
ACE2,222,126,134,+,10.731,100,-0.38448426127433777,0.019158221781253815,-0.4036424830555916
ACE2,223,262,270,-,10.731,94,-0.10293012112379074,-0.26395663619041443,0.1610265150666237
ACE2,255,480,488,+,10.731,57,-0.24960877001285553,0.25034278631210327,-0.4999515563249588
ACE2,265,228,236,-,10.731,51,0.15002469718456268,-0.060082077980041504,0.2101067751646042
ACE2,310,344,352,-,10.51,78,-0.14253762364387512,-0.4891960322856903,0.3466584086418152
ACE2,343,8,16,+,10.731,58,0.3619837462902069,-0.1420792043209076,0.5040629506111145
ACE2,383,117,125,-,10.51,70,0.0284460186958313,-0.1771431565284729,0.2055891752243042
ACE2,390,431,439,+,10.731,88,0.08694732189178467,1.0347381830215454,-0.9477908611297607
AFT1,32,209,216,-,11.753,83,-0.15383514761924744,0.15050199627876282,-0.30433714389801025
AFT1,59,21,28,+,11.765,52,-0.11518663167953491,-0.16389507055282593,0.048708438873291016
AFT1,61,132,139,-,12.989,72,0.43615609407424927,0.036163270473480225,0.39999282360076904
AFT1,66,179,186,-,11.765,84,-0.18191075325012207,1.099433183670044,-1.281343936920166
AFT1,67,83,90,+,11.765,90,0.546668291091919,-0.5195749998092651,1.066243290901184
AFT1,67,207,214,-,11.753,75,0.01631149649620056,-0.06152337044477463,0.07783486694097519
AFT1,73,293,300,+,11.765,72,0.08898837864398956,0.18376174569129944,-0.09477336704730988
AFT1,83,249,256,+,11.765,70,-0.052835896611213684,0.20710498094558716,-0.25994087755680084
AFT1,116,75,82,+,12.989,73,0.4080430865287781,-0.34571021795272827,0.7537533044815063
AFT1,117,98,105,-,12.989,73,0.6836321949958801,-0.08491046726703644,0.7685426622629166
AFT1,121,79,86,+,12.989,74,-0.6401191353797913,0.1312870979309082,-0.7714062333106995
AFT1,123,204,211,-,11.753,85,-0.3467578887939453,0.1499008685350418,-0.4966587573289871
AFT1,136,199,206,-,11.765,53,0.10414393246173859,-0.12116387486457825,0.22530780732631683
AFT1,175,238,245,-,11.765,68,0.20557285845279694,-0.2071543186903,0.4127271771430969
AFT1,176,380,387,+,11.765,68,0.21921446919441223,-0.5671051740646362,0.7863196432590485
AFT1,203,54,61,+,11.765,88,0.019847333431243896,0.23300546407699585,-0.21315813064575195
AFT1,204,34,41,+,11.765,76,0.08800914883613586,0.09406748414039612,-0.006058335304260254
AFT1,253,34,41,-,11.753,61,-0.5006013512611389,0.49918898940086365,-0.9997903406620026
AFT1,286,266,273,-,11.753,90,0.9517589807510376,-0.12513454258441925,1.0768935233354568
AFT1,313,292,299,-,11.765,76,0.13769255578517914,0.39136192202568054,-0.2536693662405014
AFT1,320,37,44,-,11.765,74,-0.1721228063106537,-0.05147770047187805,-0.12064510583877563
AFT1,322,14,21,-,11.753,51,0.0689847469329834,-0.7766071557998657,0.8455919027328491
AFT1,375,326,333,+,11.765,95,1.38410484790802,-0.28532734513282776,1.6694321930408478
AFT1,378,174,181,+,11.765,60,-0.39385491609573364,2.3029298782348633,-2.696784794330597
AFT2,0,176,182,+,11.865,46,0.7662084102630615,-0.1251397430896759,0.8913481533527374
AFT2,13,97,103,+,11.865,77,0.10281899571418762,0.20776569843292236,-0.10494670271873474
AFT2,59,21,27,+,11.865,52,-0.12131816148757935,-0.15038162469863892,0.02906346321105957
AFT2,66,180,186,-,11.865,83,-0.15225672721862793,1.1531423330307007,-1.3053990602493286
AFT2,67,83,89,+,11.865,89,0.7117314338684082,-0.6920245885848999,1.403756022453308
AFT2,71,89,95,-,11.865,81,0.20061445236206055,0.39588695764541626,-0.1952725052833557
AFT2,73,293,299,+,11.865,71,0.12004537880420685,0.06550799310207367,0.05453738570213318
AFT2,83,249,255,+,11.865,69,-0.07406605780124664,0.2341013252735138,-0.30816738307476044
AFT2,93,122,128,-,11.865,66,0.09411954879760742,0.11420653760433197,-0.02008698880672455
AFT2,93,249,255,+,11.865,100,1.3923231363296509,1.0677109956741333,0.3246121406555176
AFT2,105,302,308,+,11.865,77,-0.15572065114974976,0.2886499762535095,-0.4443706274032593
AFT2,110,198,204,-,11.865,83,0.35625237226486206,0.10123252123594284,0.2550198510289192
AFT2,136,200,206,-,11.865,52,0.17024721205234528,-0.05733409523963928,0.22758130729198456
AFT2,142,10,16,-,11.865,43,0.16197003424167633,-0.24957245588302612,0.41154249012470245
AFT2,175,239,245,-,11.865,67,0.2069629430770874,-0.23264524340629578,0.4396081864833832
AFT2,176,380,386,+,11.865,67,0.19247351586818695,-0.4642426669597626,0.6567161828279495
AFT2,203,54,60,+,11.865,87,0.022597670555114746,0.0517439991235733,-0.029146328568458557
AFT2,204,34,40,+,11.865,75,0.05372804403305054,0.22932660579681396,-0.17559856176376343
AFT2,228,106,112,+,11.865,79,0.25613564252853394,0.1985732614994049,0.05756238102912903
AFT2,261,176,182,+,11.865,46,0.7635736465454102,-0.12717023491859436,0.8907438814640045
AFT2,284,141,147,-,11.865,66,-0.5921253561973572,-0.3930029273033142,-0.19912242889404297
AFT2,313,265,271,-,11.865,82,0.36110228300094604,-0.6155409216880798,0.9766432046890259
AFT2,313,293,299,-,11.865,75,0.06947360187768936,0.46355926990509033,-0.39408566802740097
AFT2,320,38,44,-,11.865,74,-0.11752066016197205,0.07088324427604675,-0.1884039044380188
AFT2,347,56,62,+,11.865,94,0.23430904746055603,-0.1508672833442688,0.38517633080482483
AFT2,375,326,332,+,11.865,94,1.3719227313995361,-0.30217424035072327,1.6740969717502594
AFT2,378,174,180,+,11.865,59,-0.37761884927749634,2.497868537902832,-2.8754873871803284
ARG81,32,42,51,-,11.783,67,0.12664544582366943,-0.1799325942993164,0.30657804012298584
ARG81,40,430,439,-,11.513,100,0.010699629783630371,-0.319270521402359,0.3299701511859894
ARG81,63,211,220,+,11.353,67,-0.009028807282447815,-0.31056803464889526,0.30153922736644745
ARG81,63,373,382,+,11.783,75,-0.060613423585891724,0.28449511528015137,-0.3451085388660431
ARG81,72,288,297,+,12.721,70,-0.06176955997943878,-0.013208121061325073,-0.04856143891811371
ARG81,124,228,237,-,12.721,69,-0.09595416486263275,-0.6981109976768494,0.6021568328142166
ARG81,133,118,127,+,11.615,72,-0.02934667468070984,-0.24934668838977814,0.2200000137090683
ARG81,137,191,200,+,12.171,88,0.4123797118663788,0.24292171001434326,0.16945800185203552
ARG81,140,13,22,-,11.903,56,-0.08806224167346954,0.40516021847724915,-0.4932224601507187
ARG81,158,156,165,+,11.783,100,-0.14696195721626282,0.43119847774505615,-0.578160434961319
ARG81,175,11,20,-,11.79,43,0.15060855448246002,-0.3384628891944885,0.48907144367694855
ARG81,201,436,445,-,12.548,88,0.06435316801071167,-0.12186013162136078,0.18621329963207245
ARG81,206,353,362,-,11.451,80,-0.5558791756629944,-0.17884895205497742,-0.37703022360801697
ARG81,207,237,246,-,15.024,63,-0.7244298458099365,-0.14136192202568054,-0.583067923784256
ARG81,212,229,238,+,13.17,98,-0.38743898272514343,-0.4385497272014618,0.05111074447631836
ARG81,222,354,363,+,12.352,77,-0.25358542799949646,-0.2203475385904312,-0.03323788940906525
ARG81,223,33,42,-,12.352,60,-0.11533179879188538,-0.1803901195526123,0.06505832076072693
ARG81,229,159,168,-,11.731,90,-0.04618746042251587,0.9213728904724121,-0.967560350894928
ARG81,240,23,32,+,12.188,54,-0.43654704093933105,-0.23851260542869568,-0.19803443551063538
ARG81,240,25,34,-,13.006,56,-0.12162981927394867,-0.05409279465675354,-0.06753702461719513
ARG81,243,327,336,+,12.171,82,-0.3553465008735657,-0.38152724504470825,0.026180744171142578
ARG81,299,463,472,+,11.727,78,-0.15671896934509277,1.282390832901001,-1.4391098022460938
ARG81,300,187,196,-,11.727,100,0.2543318271636963,-0.05711084604263306,0.31144267320632935
ARG81,320,192,201,+,13.745,71,-0.2030346393585205,0.5067189931869507,-0.7097536325454712
ARG81,382,204,213,+,11.513,89,3.868621349334717,-0.9260052442550659,4.794626593589783
ARG81,384,195,204,+,11.79,81,0.38384926319122314,-0.7175208926200867,1.1013701558113098
ARO80.1,0,239,249,+,9.571,82,-0.036214567720890045,0.3567134141921997,-0.39292798191308975
ARO80.1,6,268,278,-,9.528,77,0.0432690791785717,-0.38827815651893616,0.43154723569750786
ARO80.1,12,261,271,-,9.653,64,-0.2001340687274933,-0.2543831169605255,0.05424904823303223
ARO80.1,16,275,285,-,9.904,94,-0.09931439161300659,-0.11236566305160522,0.013051271438598633
ARO80.1,20,341,351,+,9.653,58,-0.16317883133888245,-0.2883874475955963,0.12520861625671387
ARO80.1,27,72,82,+,9.66,91,-0.3317141532897949,-0.32154491543769836,-0.010169237852096558
ARO80.1,42,208,218,-,9.588,86,-0.15008290112018585,0.31332671642303467,-0.4634096175432205
ARO80.1,43,110,120,-,9.616,91,0.10700953006744385,-0.1528910994529724,0.25990062952041626
ARO80.1,45,265,275,+,9.93,55,-0.06674247980117798,1.2166686058044434,-1.2834110856056213
ARO80.1,58,162,172,-,9.51,100,-0.10801215469837189,0.3996688723564148,-0.5076810270547867
ARO80.1,64,187,197,-,9.694,65,0.013156682252883911,-0.05145403742790222,0.06461071968078613
ARO80.1,64,229,239,-,10.053,46,-0.11257894337177277,1.0221772193908691,-1.134756162762642
ARO80.1,72,291,301,+,9.895,72,-0.015422284603118896,-0.03336745500564575,0.017945170402526855
ARO80.1,76,20,30,-,9.559,51,0.0318949818611145,-0.3696412444114685,0.401536226272583
ARO80.1,93,137,147,+,9.602,64,-0.06538540124893188,-0.23083540797233582,0.16545000672340393
ARO80.1,96,225,235,+,9.717,55,0.10110396891832352,-0.9647091031074524,1.065813072025776
ARO80.1,96,262,272,+,9.815,51,-0.26269012689590454,0.31112706661224365,-0.5738171935081482
ARO80.1,102,208,218,+,9.602,80,-0.07876667380332947,0.3235747516155243,-0.40234142541885376
ARO80.1,105,181,191,-,9.614,76,-0.008419692516326904,0.20277482271194458,-0.21119451522827148
ARO80.1,106,301,311,+,10.108,82,0.10167613625526428,0.31050652265548706,-0.20883038640022278
ARO80.1,109,197,207,-,9.792,89,0.23814599215984344,0.46776074171066284,-0.2296147495508194
ARO80.1,113,186,196,+,10.266,79,-0.013416439294815063,-0.12877914309501648,0.11536270380020142
ARO80.1,119,224,234,-,9.579,80,-0.3232790529727936,-0.16325122117996216,-0.16002783179283142
ARO80.1,124,219,229,-,10.341,73,-0.27391380071640015,-0.5363042950630188,0.26239049434661865
ARO80.1,124,230,240,-,9.524,67,-0.056097716093063354,-0.49250754714012146,0.4364098310470581
ARO80.1,136,180,190,-,10.341,38,-0.33626821637153625,0.18775880336761475,-0.524027019739151
ARO80.1,149,236,246,+,9.528,90,-0.33385688066482544,0.03820952773094177,-0.3720664083957672
ARO80.1,150,108,118,-,9.528,90,0.7504891157150269,-0.2394704520702362,0.9899595677852631
ARO80.1,192,66,76,+,9.714,77,-0.13799864053726196,-0.052765101194381714,-0.08523353934288025
ARO80.1,194,107,117,-,9.95,62,-0.12484991550445557,0.06284034252166748,-0.18769025802612305
ARO80.1,206,127,137,-,9.518,80,0.009225845336914062,0.3001177906990051,-0.29089194536209106
ARO80.1,243,23,33,-,10.007,73,-0.15480643510818481,0.5829821825027466,-0.7377886176109314
ARO80.1,261,239,249,+,9.571,82,-0.03435313701629639,0.35848021507263184,-0.3928333520889282
ARO80.1,378,88,98,+,10.036,33,0.38883310556411743,-0.5501837730407715,0.9390168786048889
ARO80.1,386,268,278,-,9.528,77,0.0437631830573082,-0.38783159852027893,0.4315947815775871
ARO80.1,393,96,106,-,9.726,100,-0.1913059651851654,-0.31665414571762085,0.12534818053245544
ARO80.1,394,281,291,-,9.726,100,0.012602174654603004,-0.14775216579437256,0.16035434044897556
ARO80.1,395,62,72,-,10.435,65,-0.2151634693145752,-0.16759377717971802,-0.04756969213485718
ARO80.2,3,271,284,+,14.148,80,0.16515107452869415,0.4638006091117859,-0.29864953458309174
ARO80.2,6,224,237,+,15.419,69,0.047858767211437225,-0.0637846291065216,0.11164339631795883
ARO80.2,34,188,201,+,12.969,77,-0.23852534592151642,-0.44808703660964966,0.20956169068813324
ARO80.2,41,353,366,+,12.342,88,-0.20342490077018738,-0.2520868182182312,0.04866191744804382
ARO80.2,72,278,291,+,12.461,70,-0.2229829877614975,-0.37004175782203674,0.14705877006053925
ARO80.2,80,479,492,-,11.92,46,-0.6708792448043823,0.6761461496353149,-1.3470253944396973
ARO80.2,93,171,184,+,11.785,69,-0.05963653326034546,-0.35004857182502747,0.290412038564682
ARO80.2,113,450,463,+,11.625,71,0.5959397554397583,0.07658374309539795,0.5193560123443604
ARO80.2,130,301,314,-,14.819,85,-0.5676023960113525,0.3147985339164734,-0.8824009299278259
ARO80.2,163,30,43,-,14.11,44,-0.4276982247829437,-0.16288268566131592,-0.2648155391216278
ARO80.2,167,468,481,-,13.264,69,-0.3641604781150818,0.03900629281997681,-0.4031667709350586
ARO80.2,206,131,144,-,12.348,83,0.03738543391227722,-0.11115893721580505,0.14854437112808228
ARO80.2,212,459,472,-,14.575,63,0.03097379207611084,0.188307985663414,-0.15733419358730316
ARO80.2,213,191,204,-,11.851,86,0.01995578408241272,-0.11828169226646423,0.13823747634887695
ARO80.2,223,485,498,-,15.883,44,0.33614668250083923,-0.056723594665527344,0.3928702771663666
ARO80.2,240,43,56,+,13.451,78,-0.5157162547111511,-0.11769542098045349,-0.39802083373069763
ARO80.2,242,95,108,+,12.686,82,0.8670318126678467,-0.24339662492275238,1.110428437590599
ARO80.2,268,31,44,-,14.148,61,-0.16166505217552185,0.3990994691848755,-0.5607645213603973
ARO80.2,269,271,284,+,14.148,80,0.16274596750736237,0.4743450880050659,-0.31159912049770355
ARO80.2,280,477,490,-,12.366,45,-0.7859032154083252,-0.9269981384277344,0.14109492301940918
ARO80.2,323,280,293,+,11.65,91,-0.5245186686515808,0.8500301241874695,-1.3745487928390503
ARO80.2,346,221,234,-,11.79,66,0.37568235397338867,-0.0824032723903656,0.4580856263637543
ARO80.2,355,350,363,+,11.737,73,0.491769015789032,-0.09817938506603241,0.5899484008550644
ARO80.2,378,277,290,+,12.338,89,0.04668283462524414,-0.06255203485488892,0.10923486948013306
ARO80.2,386,224,237,+,15.419,69,0.04796304553747177,-0.06622150540351868,0.11418455094099045
AZF1,1,246,255,+,13.221,61,0.02015221118927002,-0.34956687688827515,0.36971908807754517
AZF1,2,43,52,-,13.221,44,0.4347698986530304,0.5086154937744141,-0.07384559512138367
AZF1,24,252,261,-,13.221,56,-0.843743622303009,0.11195015907287598,-0.955693781375885
AZF1,35,412,421,+,13.221,87,-0.5649867057800293,-0.3351708948612213,-0.22981581091880798
AZF1,39,115,124,-,13.221,56,1.436740517616272,-0.2603113055229187,1.6970518231391907
AZF1,40,11,20,+,13.221,54,-0.13683515787124634,-0.09421838819980621,-0.042616769671440125
AZF1,59,391,400,-,13.221,99,-0.6857049465179443,0.09966548532247543,-0.7853704318404198
AZF1,68,349,358,-,13.221,100,-0.45450717210769653,-0.26759523153305054,-0.186911940574646
AZF1,70,4,13,-,13.221,40,0.09030866622924805,-0.4951983690261841,0.5855070352554321
AZF1,78,188,197,-,13.221,81,-0.14329369366168976,0.04788440465927124,-0.191178098320961
AZF1,78,196,205,-,13.221,81,-0.26099032163619995,0.076875701546669,-0.33786602318286896
AZF1,82,130,139,+,13.221,66,-0.11180299520492554,0.005915164947509766,-0.1177181601524353
AZF1,86,273,282,-,13.221,46,-1.4625844955444336,-0.10911643505096436,-1.3534680604934692
AZF1,113,76,85,-,13.221,81,-0.34612396359443665,-0.3888249695301056,0.042701005935668945
AZF1,121,245,254,-,13.221,79,-0.4852546155452728,-0.09077411890029907,-0.39448049664497375
AZF1,123,130,139,-,13.221,59,1.2919816970825195,-0.22666725516319275,1.5186489522457123
AZF1,125,126,135,+,13.221,70,-0.5944795608520508,-0.3044106364250183,-0.29006892442703247
AZF1,130,217,226,-,13.221,89,-0.10552005469799042,-0.19600138068199158,0.09048132598400116
AZF1,144,124,133,-,13.221,80,0.21856820583343506,-0.0662875771522522,0.28485578298568726
AZF1,145,79,88,-,13.221,93,1.3628497123718262,0.21659299731254578,1.1462567150592804
AZF1,145,277,286,-,13.221,95,-0.37628746032714844,-0.3724631667137146,-0.003824293613433838
AZF1,149,15,24,-,13.221,53,1.8250036239624023,0.03975383937358856,1.7852497845888138
AZF1,150,330,339,+,13.221,77,2.4229347705841064,0.46723246574401855,1.955702304840088
AZF1,155,141,150,-,13.221,80,-0.12729047238826752,0.017957791686058044,-0.14524826407432556
AZF1,155,181,190,-,13.221,78,-0.6187736988067627,0.7631126046180725,-1.3818863034248352
AZF1,170,142,151,+,13.221,79,-0.817531168460846,-0.22302192449569702,-0.5945092439651489
AZF1,170,258,267,-,13.221,51,1.4962573051452637,0.08824600279331207,1.4080113023519516
AZF1,185,113,122,+,13.221,84,-0.6758949756622314,-0.8811227083206177,0.20522773265838623
AZF1,186,148,157,-,13.221,84,-0.17108513414859772,-0.15370823442935944,-0.01737689971923828
AZF1,193,345,354,+,13.221,98,1.3257439136505127,-0.005863368511199951,1.3316072821617126
AZF1,203,356,365,-,13.221,98,0.7869530320167542,-0.6603096723556519,1.447262704372406
AZF1,214,151,160,-,13.221,45,-0.7423129081726074,-0.1481107920408249,-0.5942021161317825
AZF1,217,223,232,+,13.221,91,-0.23091283440589905,-0.000947415828704834,-0.2299654185771942
AZF1,224,131,140,-,13.221,89,-0.3957594335079193,0.09857815504074097,-0.4943375885486603
AZF1,236,309,318,+,13.221,91,0.20345543324947357,-0.09838643670082092,0.3018418699502945
AZF1,237,380,389,-,13.221,91,0.33296120166778564,-0.24869272112846375,0.5816539227962494
AZF1,243,404,413,-,13.221,95,-0.43463289737701416,-0.40009605884552,-0.03453683853149414
AZF1,255,35,44,+,13.221,80,-0.0067757368087768555,0.06562334299087524,-0.0723990797996521
AZF1,260,236,245,-,13.221,89,0.166402667760849,0.20515355467796326,-0.03875088691711426
AZF1,263,327,336,-,13.221,85,-0.1372193992137909,-0.29751643538475037,0.16029703617095947
AZF1,264,367,376,+,13.221,85,-0.4147040843963623,0.030909687280654907,-0.4456137716770172
AZF1,280,430,439,+,13.221,80,1.3468809127807617,-0.09694066643714905,1.4438215792179108
AZF1,281,416,425,-,13.221,81,0.23481173813343048,-0.3321413993835449,0.5669531375169754
AZF1,281,424,433,-,13.221,81,-0.20347794890403748,0.40474963188171387,-0.6082275807857513
AZF1,284,278,287,+,13.221,98,-6.073713302612305e-05,-0.14199422299861908,0.14193348586559296
AZF1,307,299,308,-,13.221,62,-0.3540247082710266,-0.20469893515110016,-0.14932577311992645
AZF1,321,283,292,+,13.221,71,0.9685159921646118,-0.28511491417884827,1.25363090634346
AZF1,331,291,300,+,13.221,73,-0.007640257477760315,0.5020386576652527,-0.509678915143013
AZF1,339,344,353,+,13.221,73,0.48292338848114014,-0.016698330640792847,0.499621719121933
AZF1,342,83,92,-,13.221,93,0.3624727129936218,0.08953413367271423,0.2729385793209076
AZF1,349,345,354,+,13.221,55,-0.6472737789154053,-0.7634150981903076,0.11614131927490234
AZF1,356,242,251,-,13.221,96,-0.49238520860671997,-0.1820867508649826,-0.31029845774173737
AZF1,361,432,441,+,13.221,96,-0.09660394489765167,-0.4537246823310852,0.35712073743343353
AZF1,364,315,324,+,13.221,94,0.43958085775375366,-0.07090649008750916,0.5104873478412628
AZF1,365,335,344,+,13.221,100,-0.6267003417015076,-0.475704163312912,-0.15099617838859558
AZF1,368,253,262,+,13.221,84,1.4812480211257935,0.44538381695747375,1.0358642041683197
AZF1,369,149,158,+,13.221,69,-0.21083611249923706,-0.5340443849563599,0.3232082724571228
AZF1,370,304,313,-,13.221,95,1.5020357370376587,-0.06128263473510742,1.5633183717727661
AZF1,371,110,119,+,13.221,95,0.5397127270698547,-0.2785074710845947,0.8182201981544495
AZF1,373,397,406,+,13.221,82,-0.2860890030860901,-0.0008280277252197266,-0.28526097536087036
AZF1,374,403,412,-,13.221,82,0.9975741505622864,0.09142720699310303,0.9061469435691833
AZF1,378,160,169,-,13.221,53,0.1276281476020813,-0.3461538553237915,0.4737820029258728
AZF1,378,321,330,+,13.221,79,0.3236066997051239,0.01713903248310089,0.306467667222023
AZF1,383,267,276,-,13.221,77,0.6314887404441833,-0.01771727204322815,0.6492060124874115
AZF1,383,288,297,-,13.221,82,0.9473490715026855,-0.21559450030326843,1.162943571805954
AZF1,385,301,310,-,13.221,73,-0.28680872917175293,-0.2875594198703766,0.0007506906986236572
AZF1,387,245,254,-,13.221,70,-0.18585807085037231,-0.21598480641841888,0.03012673556804657
AZF1,389,211,220,-,13.221,84,-0.13902556896209717,-0.09359628707170486,-0.0454292818903923
BAS1,13,67,73,-,11.923,87,-0.022294163703918457,0.3984007239341736,-0.42069488763809204
BAS1,14,454,460,+,11.923,84,0.8182227611541748,0.5450029969215393,0.2732197642326355
BAS1,27,375,381,-,11.923,100,0.7214208841323853,-0.3601832687854767,1.081604152917862
BAS1,32,381,387,+,11.923,100,0.19937260448932648,-0.8469798564910889,1.0463524609804153
BAS1,36,310,316,+,11.923,85,-0.2586863934993744,0.7633731961250305,-1.022059589624405
BAS1,43,58,64,+,11.923,84,-0.04540166258811951,0.11254090070724487,-0.15794256329536438
BAS1,47,107,113,+,11.923,87,-0.048376649618148804,0.7975559234619141,-0.8459325730800629
BAS1,56,364,370,+,11.923,89,0.10533146560192108,0.08727961778640747,0.01805184781551361
BAS1,68,95,101,-,11.923,84,-0.1790383756160736,-0.17763522267341614,-0.0014031529426574707
BAS1,72,213,219,-,11.923,83,-0.15694493055343628,1.2487819194793701,-1.4057268500328064
BAS1,73,284,290,-,11.923,71,-0.01410229504108429,-0.46685177087783813,0.45274947583675385
BAS1,85,237,243,+,11.923,74,0.011186450719833374,-0.24230355024337769,0.25349000096321106
BAS1,87,112,118,-,11.923,85,-0.13215982913970947,-0.007617443799972534,-0.12454238533973694
BAS1,89,5,11,+,11.923,55,0.0401187539100647,-0.0395561158657074,0.0796748697757721
BAS1,98,155,161,-,11.923,82,1.0622202157974243,0.12959416210651398,0.9326260536909103
BAS1,101,476,482,+,11.923,66,-0.5886102914810181,0.6699521541595459,-1.258562445640564
BAS1,124,284,290,-,11.923,80,0.15071935951709747,-0.019281312823295593,0.17000067234039307
BAS1,143,384,390,+,11.923,87,0.48242926597595215,0.4415903687477112,0.04083889722824097
BAS1,146,157,163,-,11.923,64,-0.04158124327659607,-0.6297497153282166,0.5881684720516205
BAS1,175,288,294,-,11.923,43,1.4342560768127441,0.7210344076156616,0.7132216691970825
BAS1,176,331,337,+,11.923,43,1.61789870262146,0.4004281759262085,1.2174705266952515
BAS1,190,244,250,-,11.923,100,-0.435976505279541,0.11316578090190887,-0.5491422861814499
BAS1,192,63,69,-,11.923,73,0.02187207341194153,-0.4187009036540985,0.44057297706604004
BAS1,233,308,314,-,11.923,94,-0.4416717290878296,0.7345938086509705,-1.1762655377388
BAS1,234,261,267,-,11.923,61,-0.01421614270657301,-0.8253315687179565,0.8111154260113835
BAS1,238,335,341,+,11.923,95,-0.46191203594207764,1.1397244930267334,-1.601636528968811
BAS1,239,90,96,-,11.923,100,0.08197298645973206,0.44117704033851624,-0.3592040538787842
BAS1,239,198,204,-,11.923,100,-0.023993350565433502,-0.6653056740760803,0.6413123235106468
BAS1,247,203,209,+,11.923,94,-0.15206196904182434,-0.2085304856300354,0.05646851658821106
BAS1,251,419,425,+,11.923,89,0.276338666677475,-0.5309252142906189,0.8072638809680939
BAS1,252,347,353,-,11.923,89,-0.283996045589447,2.0487782955169678,-2.332774341106415
BAS1,253,171,177,-,11.923,80,-0.2572896480560303,0.44352224469184875,-0.700811892747879
BAS1,264,130,136,+,11.923,100,0.2744000554084778,0.2706485390663147,0.003751516342163086
BAS1,275,69,75,+,11.923,74,-0.07136964797973633,0.1727541983127594,-0.24412384629249573
BAS1,276,74,80,-,11.923,95,-0.19674116373062134,0.2924104928970337,-0.48915165662765503
BAS1,290,109,115,-,11.923,90,-0.0510878711938858,0.17438405752182007,-0.22547192871570587
BAS1,291,440,446,+,11.923,90,-0.015788771212100983,-0.16112734377384186,0.14533857256174088
BAS1,297,269,275,-,11.923,83,0.39684218168258667,-0.058547526597976685,0.45538970828056335
BAS1,313,175,181,+,11.923,95,-0.16554293036460876,-0.8445040583610535,0.6789611279964447
BAS1,339,466,472,-,11.923,73,-0.16436859965324402,0.6579334735870361,-0.8223020732402802
BAS1,342,426,432,+,11.923,85,-0.5287139415740967,-0.8060721158981323,0.27735817432403564
BAS1,346,437,443,-,11.923,79,0.0014072232879698277,-0.39713382720947266,0.3985410504974425
BAS1,352,220,226,-,11.923,99,-0.11228102445602417,0.2812502682209015,-0.39353129267692566
BAS1,353,96,102,+,11.923,99,0.014393627643585205,0.14087077975273132,-0.12647715210914612
BAS1,364,412,418,-,11.923,95,-0.32889506220817566,0.0021502748131752014,-0.33104533702135086
BAS1,366,66,72,-,11.923,72,0.42280492186546326,0.2365928292274475,0.18621209263801575
BAS1,366,254,260,-,11.923,69,-0.17532414197921753,-0.41884109377861023,0.2435169517993927
BAS1,367,213,219,+,11.923,68,0.40630170702934265,1.7225667238235474,-1.3162650167942047
BAS1,373,385,391,+,11.923,79,0.7634064555168152,-0.22908440232276917,0.9924908578395844
BAS1,374,418,424,-,11.923,79,1.923397421836853,-0.08878469467163086,2.012182116508484
BAS1,377,216,222,+,11.923,93,0.0313071608543396,0.06904473900794983,-0.03773757815361023
BAS1,379,384,390,+,11.923,90,-0.5320453643798828,0.08951081335544586,-0.6215561777353287
BAS1,391,405,411,-,11.923,100,-0.4148463010787964,-0.7024176120758057,0.2875713109970093
CAD1.2,22,439,450,+,12.534,93,0.6069976091384888,-0.1553647220134735,0.7623623311519623
CAD1.2,52,456,467,+,13.183,77,-0.5023955702781677,-0.6861746907234192,0.18377912044525146
CAD1.2,80,456,467,+,13.183,62,-0.5663275122642517,0.4720522463321686,-1.0383797585964203
CAD1.2,82,304,315,-,11.922,76,-0.04739387333393097,0.3980264663696289,-0.4454203397035599
CAD1.2,82,459,470,+,13.488,79,-0.1625727415084839,0.7804635167121887,-0.9430362582206726
CAD1.2,93,485,496,+,14.088,45,-0.41943633556365967,0.9200063943862915,-1.3394427299499512
CAD1.2,94,42,53,+,14.848,74,-0.05444079637527466,0.019031405448913574,-0.07347220182418823
CAD1.2,139,94,105,-,13.557,79,-0.7314684987068176,-0.08483731746673584,-0.6466311812400818
CAD1.2,148,173,184,-,12.207,95,-0.03629738837480545,0.39575478434562683,-0.4320521727204323
CAD1.2,171,484,495,-,14.108,51,-0.3020530641078949,0.17192643880844116,-0.47397950291633606
CAD1.2,193,473,484,+,12.544,66,-0.6105637550354004,-0.5941284894943237,-0.01643526554107666
CAD1.2,203,16,27,+,14.108,58,-0.001914381980895996,-0.1143500953912735,0.1124357134103775
CAD1.2,220,126,137,-,12.534,95,-0.031901270151138306,0.3647359609603882,-0.3966372311115265
CAD1.2,221,416,427,+,12.534,95,-0.36300432682037354,-0.0021209344267845154,-0.360883392393589
CAD1.2,258,179,190,+,12.497,95,-0.32826465368270874,0.506406307220459,-0.8346709609031677
CAD1.2,265,237,248,+,14.872,63,0.12801986932754517,-0.02369910478591919,0.15171897411346436
CAD1.2,308,107,118,-,11.845,86,-0.18046501278877258,0.006863608956336975,-0.18732862174510956
CAD1.2,355,344,355,-,12.544,71,0.4205220341682434,0.32441484928131104,0.09610718488693237
CAD1.2,382,198,209,-,12.544,91,0.17145968973636627,-0.9449681639671326,1.1164278537034988
CAD1.2,395,116,127,-,13.183,71,0.2455718219280243,-0.19589273631572723,0.4414645582437515
CBF1,37,314,322,-,11.057,68,-0.29495570063591003,0.5462340116500854,-0.8411897122859955
CBF1,49,471,479,+,11.057,70,-0.234108567237854,0.48328518867492676,-0.7173937559127808
CBF1,64,470,478,-,10.383,71,-1.382664680480957,-0.392328143119812,-0.990336537361145
CBF1,92,345,353,+,10.385,80,-0.04107797145843506,1.4016156196594238,-1.4426935911178589
CBF1,124,271,279,-,10.894,69,0.4504169821739197,0.6264533996582031,-0.17603641748428345
CBF1,128,197,205,-,10.383,94,-0.8590525388717651,0.6178269982337952,-1.4768795371055603
CBF1,135,305,313,+,10.385,91,-0.05348522961139679,-0.4087083637714386,0.3552231341600418
CBF1,135,471,479,+,11.057,59,-0.5268803834915161,0.9309096932411194,-1.4577900767326355
CBF1,183,292,300,+,10.383,92,-0.2887769341468811,-0.14502087235450745,-0.14375606179237366
CBF1,184,17,25,-,10.546,60,-0.0029042065143585205,-0.4343215525150299,0.4314173460006714
CBF1,184,345,353,-,10.383,92,-0.46718478202819824,0.4493633508682251,-0.9165481328964233
CBF1,195,210,218,+,10.894,50,0.061060331761837006,-0.38282862305641174,0.44388895481824875
CBF1,220,395,403,-,10.385,72,-0.19910287857055664,0.25245052576065063,-0.4515534043312073
CBF1,221,150,158,+,10.385,80,-0.1231878399848938,0.1290750652551651,-0.2522629052400589
CBF1,239,259,267,-,10.503,100,0.34768563508987427,0.07328728586435318,0.2743983492255211
CBF1,245,198,206,-,10.546,79,-0.3088415861129761,0.2791510224342346,-0.5879926085472107
CBF1,318,424,432,-,10.383,95,-0.21310745179653168,-0.5486912131309509,0.33558376133441925
CBF1,319,359,367,+,10.385,82,0.03221294283866882,0.08192466199398041,-0.049711719155311584
CBF1,372,126,134,+,10.546,85,-0.05442503094673157,-0.3018763065338135,0.2474512755870819
CBF1,380,107,115,-,10.383,89,0.2262377142906189,-0.17233377695083618,0.3985714912414551
CBF1,385,61,69,-,10.667,75,0.06803882122039795,-0.13020473718643188,0.19824355840682983
CBF1,390,187,195,+,10.383,69,0.28878700733184814,-0.21759618818759918,0.5063831955194473
CEP3,0,8,16,-,13.296,44,-0.1997952163219452,-0.35336053371429443,0.15356531739234924
CEP3,21,323,331,+,13.296,76,-0.209428608417511,0.5524436235427856,-0.7618722319602966
CEP3,40,130,138,-,13.296,75,0.1357266902923584,0.040220946073532104,0.0955057442188263
CEP3,48,243,251,+,13.296,90,-0.17635488510131836,-0.004589490592479706,-0.17176539450883865
CEP3,62,41,49,-,13.321,78,-0.08107726275920868,0.1319824755191803,-0.21305973827838898
CEP3,64,302,310,+,13.296,62,0.008502736687660217,-0.1336044818162918,0.14210721850395203
CEP3,71,55,63,-,13.296,88,0.10508924722671509,0.8624856472015381,-0.757396399974823
CEP3,83,490,498,+,13.07,42,-0.02206265926361084,0.35296714305877686,-0.3750298023223877
CEP3,85,18,26,-,13.296,68,0.033793866634368896,0.03160636126995087,0.00218750536441803
CEP3,85,317,325,-,13.321,77,-0.22210262715816498,0.015479758381843567,-0.23758238554000854
CEP3,111,338,346,+,13.296,90,-0.41736024618148804,-0.15124094486236572,-0.2661193013191223
CEP3,123,141,149,-,13.296,63,-0.3022216558456421,0.22241754829883575,-0.5246392041444778
CEP3,160,211,219,-,13.296,100,0.20220670104026794,0.3929827809333801,-0.19077607989311218
CEP3,161,20,28,+,13.296,70,0.025183990597724915,2.1814138889312744,-2.1562298983335495
CEP3,162,241,249,+,13.296,100,-0.40507972240448,0.4484533667564392,-0.8535330891609192
CEP3,167,63,71,-,13.321,69,-0.3170730471611023,-0.582497239112854,0.2654241919517517
CEP3,181,489,497,-,13.321,35,-0.30793634057044983,0.06423884630203247,-0.3721751868724823
CEP3,182,208,216,+,13.321,81,-0.00901782512664795,-0.14277584850788116,0.13375802338123322
CEP3,194,142,150,+,13.296,50,-0.11879652738571167,0.6182893514633179,-0.7370858788490295
CEP3,195,397,405,+,13.296,73,-0.09767106175422668,-0.2875674366950989,0.1898963749408722
CEP3,213,85,93,-,13.296,85,0.08023256063461304,0.17100167274475098,-0.09076911211013794
CEP3,213,188,196,-,13.296,81,-0.1092311441898346,0.07071319222450256,-0.17994433641433716
CEP3,214,64,72,+,13.296,80,-0.3868629038333893,-0.8357726335525513,0.448909729719162
CEP3,233,19,27,+,13.321,43,0.24852654337882996,-0.43309253454208374,0.6816190779209137
CEP3,242,103,111,+,13.07,77,-0.49184858798980713,0.2205737680196762,-0.7124223560094833
CEP3,260,157,165,+,13.296,80,-0.050918757915496826,0.19163036346435547,-0.2425491213798523
CEP3,261,8,16,-,13.296,44,-0.19679123163223267,-0.34233471751213074,0.14554348587989807
CEP3,263,62,70,+,13.296,76,-0.06312114000320435,-0.3994295299053192,0.33630838990211487
CEP3,265,3,11,+,13.296,52,-0.35854485630989075,0.39090681076049805,-0.7494516670703888
CEP3,279,410,418,+,13.296,82,-0.10486644506454468,0.2644769251346588,-0.3693433701992035
CEP3,325,379,387,+,13.07,79,-0.299247145652771,0.26453927159309387,-0.5637864172458649
CEP3,363,56,64,-,13.321,97,0.6402806043624878,0.4688384234905243,0.1714421808719635
CEP3,366,443,451,-,13.296,78,-0.2308363914489746,0.36168408393859863,-0.5925204753875732
CEP3,378,485,493,+,13.296,56,-0.18679240345954895,-0.18607968091964722,-0.0007127225399017334
CHA4,2,32,42,-,11.188,44,-0.09308433532714844,-0.24182409048080444,0.148739755153656
CHA4,5,273,283,-,10.296,83,-0.06643714010715485,-0.338706374168396,0.27226923406124115
CHA4,8,309,319,+,9.779,90,0.4614785313606262,-0.02253160998225212,0.48401014134287834
CHA4,9,232,242,-,9.876,63,0.230655699968338,-0.48041224479675293,0.7110679447650909
CHA4,9,273,283,+,10.679,72,0.4213271737098694,0.16410589218139648,0.2572212815284729
CHA4,22,208,218,+,10.768,85,0.5208951234817505,0.3081836402416229,0.21271148324012756
CHA4,22,216,226,-,9.725,85,0.41056525707244873,0.6462200284004211,-0.2356547713279724
CHA4,32,316,326,-,9.911,82,0.04261442646384239,-0.8864784836769104,0.9290929101407528
CHA4,34,180,190,-,9.821,74,-0.025371849536895752,0.1620774269104004,-0.18744927644729614
CHA4,64,256,266,+,9.731,53,-0.12317043542861938,-0.3622257113456726,0.23905527591705322
CHA4,69,197,207,+,10.23,93,0.11005975306034088,-0.45065411925315857,0.5607138723134995
CHA4,69,263,273,+,9.974,98,0.5039032697677612,-0.31032034754753113,0.8142236173152924
CHA4,72,47,57,+,9.822,73,-0.02780941128730774,0.4695560038089752,-0.49736541509628296
CHA4,83,266,276,+,10.238,73,-0.08696092665195465,-0.24333789944648743,0.15637697279453278
CHA4,136,200,210,-,10.377,56,0.17621736228466034,-0.0496140718460083,0.22583143413066864
CHA4,136,328,338,-,10.498,67,-0.2847917377948761,-0.3344423174858093,0.04965057969093323
CHA4,166,5,15,-,9.857,39,-0.05221518874168396,0.18358281254768372,-0.23579800128936768
CHA4,166,48,58,-,10.066,82,0.030311912298202515,1.4488718509674072,-1.4185599386692047
CHA4,167,365,375,-,10.669,72,-0.0156748928129673,0.1774357110261917,-0.193110603839159
CHA4,170,235,245,-,10.42,66,-0.6610335111618042,-0.09721478819847107,-0.5638187229633331
CHA4,188,421,431,+,9.951,74,-0.028741493821144104,1.3915666341781616,-1.4203081279993057
CHA4,196,8,18,-,10.238,52,-0.04759573936462402,0.33498263359069824,-0.38257837295532227
CHA4,196,376,386,+,10.19,88,-0.6299580335617065,0.9311536550521851,-1.5611116886138916
CHA4,197,210,220,-,10.19,88,-0.519831120967865,0.59913569688797,-1.118966817855835
CHA4,206,123,133,+,9.689,80,-0.03693556785583496,0.7176627516746521,-0.7545983195304871
CHA4,235,423,433,-,10.119,50,0.49908512830734253,-0.19993221759796143,0.699017345905304
CHA4,260,374,384,+,10.011,80,-0.2168242335319519,0.0902068242430687,-0.3070310577750206
CHA4,275,77,87,-,10.198,78,-0.16457048058509827,-0.2851780951023102,0.12060761451721191
CHA4,281,337,347,-,10.495,79,-0.28577083349227905,-0.18942108750343323,-0.09634974598884583
CHA4,295,93,103,+,10.495,93,-0.10805812478065491,0.3506428897380829,-0.4587010145187378
CHA4,296,97,107,-,10.495,93,-0.07571613788604736,0.2514902651309967,-0.32720640301704407
CHA4,304,79,89,+,9.765,49,0.2386493682861328,-0.13708055019378662,0.37572991847991943
CHA4,308,2,12,-,10.252,48,-0.11327090859413147,0.1342151165008545,-0.24748602509498596
CHA4,335,468,478,+,10.291,66,-0.23148635029792786,0.36047136783599854,-0.5919577181339264
CHA4,345,273,283,-,10.296,83,-0.06648267805576324,-0.3426949679851532,0.27621228992938995
CHA4,380,455,465,-,9.725,70,-0.43598610162734985,-0.34034907817840576,-0.09563702344894409
CIN5,0,204,212,-,12.152,62,-0.0990113615989685,0.7418290972709656,-0.8408404588699341
CIN5,1,219,227,-,13.666,69,0.04928502440452576,0.04751415550708771,0.0017708688974380493
CIN5,5,147,155,+,12.152,91,2.282864570617676,0.2252424657344818,2.057622104883194
CIN5,18,248,256,+,13.453,95,-0.015855252742767334,0.4166560173034668,-0.43251127004623413
CIN5,33,70,78,+,12.152,79,0.5685440301895142,-0.2545316815376282,0.8230757117271423
CIN5,60,34,42,+,13.666,70,-0.5885442495346069,-0.6373720169067383,0.04882776737213135
CIN5,86,429,437,+,12.152,98,-0.01927890256047249,0.05615833401679993,-0.07543723657727242
CIN5,87,183,191,+,11.939,75,0.10352407395839691,0.006691634654998779,0.09683243930339813
CIN5,93,166,174,-,12.152,62,-0.07584524154663086,0.10351946949958801,-0.17936471104621887
CIN5,100,439,447,+,11.939,100,0.31404414772987366,0.30139249563217163,0.012651652097702026
CIN5,117,252,260,-,13.666,71,-0.4163588881492615,0.6839578151702881,-1.1003167033195496
CIN5,123,108,116,-,12.152,68,4.162182331085205,0.08482738584280014,4.077354945242405
CIN5,150,432,440,+,11.939,74,0.2353927195072174,0.03829445689916611,0.1970982626080513
CIN5,229,165,173,+,13.666,89,-0.05947387218475342,1.5397074222564697,-1.5991812944412231
CIN5,230,447,455,+,13.666,88,1.2276405096054077,-0.29857194423675537,1.526212453842163
CIN5,251,196,204,-,13.666,82,0.14875929057598114,-0.7957659959793091,0.9445252865552902
CIN5,261,204,212,-,12.152,62,-0.098859041929245,0.733895480632782,-0.832754522562027
CIN5,277,169,177,+,12.152,80,-0.1174948662519455,-0.07325056195259094,-0.04424430429935455
CIN5,281,225,233,-,12.152,72,-0.04673299565911293,0.25531962513923645,-0.3020526207983494
CIN5,341,166,174,-,12.152,99,0.29852426052093506,-0.02520042657852173,0.3237246870994568
CIN5,345,147,155,+,12.152,91,2.2840464115142822,0.21855862438678741,2.065487787127495
CIN5,346,285,293,+,11.939,55,-0.32663658261299133,-0.08483029901981354,-0.2418062835931778
CIN5,380,423,431,+,12.152,83,0.6384684443473816,1.0962210893630981,-0.45775264501571655
CIN5,392,53,61,+,12.152,75,0.04563966393470764,-0.31399089097976685,0.3596305549144745
COM2,0,106,115,+,13.482,54,-0.06534606218338013,-0.13433045148849487,0.06898438930511475
COM2,25,218,227,-,14.269,56,0.034223198890686035,0.27047207951545715,-0.23624888062477112
COM2,58,287,296,+,14.269,84,0.16154468059539795,0.8032880425453186,-0.6417433619499207
COM2,71,179,188,-,14.076,87,0.4271625876426697,-1.0221668481826782,1.449329435825348
COM2,82,89,98,-,13.482,67,-0.10795977711677551,0.15610665082931519,-0.2640664279460907
COM2,84,191,200,-,12.96,91,-0.02298647165298462,0.16519629955291748,-0.1881827712059021
COM2,123,178,187,-,13.585,69,-0.07940253615379333,-0.1537826657295227,0.07438012957572937
COM2,132,29,38,+,14.435,67,0.31836503744125366,1.1560611724853516,-0.8376961350440979
COM2,198,142,151,-,12.857,74,0.13156038522720337,-0.09399634599685669,0.22555673122406006
COM2,199,65,74,+,12.857,74,0.1931811273097992,0.2898827791213989,-0.09670165181159973
COM2,225,5,14,-,12.952,32,-0.11650317907333374,-0.16710178554058075,0.05059860646724701
COM2,260,58,67,-,13.482,54,-0.45374104380607605,-0.698308527469635,0.24456748366355896
COM2,261,106,115,+,13.482,54,-0.06783965229988098,-0.13272827863693237,0.06488862633705139
COM2,284,418,427,+,15.702,88,0.16121256351470947,-0.12145459651947021,0.2826671600341797
COM2,290,259,268,-,13.442,85,-0.15825676918029785,-1.5260103940963745,1.3677536249160767
COM2,291,287,296,+,13.442,85,-0.19914501905441284,1.7943458557128906,-1.9934908747673035
COM2,323,351,360,+,13.319,91,-0.06895017623901367,-0.2728078365325928,0.2038576602935791
COM2,359,266,275,-,13.758,86,-0.4095703065395355,-0.210153728723526,-0.19941657781600952
CRZ1,9,272,281,+,12.899,71,0.5410395860671997,-0.07839643955230713,0.6194360256195068
CRZ1,30,408,417,+,11.852,95,-0.6834874153137207,0.12939341366291046,-0.8128808289766312
CRZ1,63,66,75,+,12.579,95,0.005179882049560547,-0.8846732378005981,0.8898531198501587
CRZ1,92,316,325,-,12.204,77,0.3579866886138916,-0.062244147062301636,0.42023083567619324
CRZ1,107,278,287,-,11.989,71,0.2220141887664795,0.2678222060203552,-0.04580801725387573
CRZ1,111,316,325,-,12.63,91,-0.2035834789276123,0.3553464412689209,-0.5589299201965332
CRZ1,175,18,27,-,11.833,43,0.2672477066516876,-0.5722299218177795,0.8394776284694672
CRZ1,204,101,110,+,11.989,92,0.002027839422225952,-0.2088533192873001,0.21088115870952606
CRZ1,206,146,155,-,13.275,79,0.19966325163841248,-0.22973281145095825,0.4293960630893707
CRZ1,208,64,73,-,12.057,89,-0.20693552494049072,-0.24500307440757751,0.03806754946708679
CRZ1,211,371,380,-,12.066,95,-0.33444783091545105,0.000420987606048584,-0.33486881852149963
CRZ1,212,462,471,+,11.967,63,-0.07711970806121826,0.09582602977752686,-0.17294573783874512
CRZ1,235,23,32,-,12.428,62,0.19889497756958008,0.11751198768615723,0.08138298988342285
CRZ1,235,285,294,+,12.63,100,-0.2594175338745117,0.26992496848106384,-0.5293425023555756
CRZ1,245,475,484,-,13.018,43,-0.41413962841033936,0.04656350612640381,-0.46070313453674316
CRZ1,257,358,367,-,12.984,74,1.0849323272705078,1.167697548866272,-0.08276522159576416
CRZ1,272,77,86,+,12.226,65,-0.03427779674530029,-0.43368014693260193,0.39940235018730164
CRZ1,272,96,105,+,12.07,65,0.001831352710723877,-0.2081337869167328,0.20996513962745667
CRZ1,292,439,448,-,11.838,84,0.09104007482528687,0.1789795160293579,-0.08793944120407104
CRZ1,293,111,120,+,11.838,84,0.29415538907051086,-0.28760528564453125,0.5817606747150421
CRZ1,336,285,294,-,13.915,86,-0.3125041425228119,-0.07553459703922272,-0.23696954548358917
CRZ1,390,338,347,+,12.066,73,0.16538041830062866,0.7683126330375671,-0.6029322147369385
CST6,14,227,236,+,13.168,90,-0.43167710304260254,0.8620195388793945,-1.293696641921997
CST6,27,36,45,-,11.548,76,0.017946600914001465,-0.7109875082969666,0.728934109210968
CST6,27,145,154,+,12.131,95,-0.1629427671432495,0.5288336277008057,-0.6917763948440552
CST6,52,367,376,-,13.053,85,0.25287097692489624,-0.293643593788147,0.5465145707130432
CST6,61,176,185,+,12.331,65,0.12032824754714966,0.8289299607276917,-0.708601713180542
CST6,64,319,328,+,13.41,77,0.05740002915263176,-0.1404297649860382,0.19782979413866997
CST6,85,99,108,+,11.838,90,0.08879849314689636,0.06448908895254135,0.02430940419435501
CST6,92,274,283,-,11.838,75,0.22327739000320435,0.558168888092041,-0.33489149808883667
CST6,124,122,131,+,13.168,95,-0.40462642908096313,-0.24425143003463745,-0.16037499904632568
CST6,159,154,163,+,11.586,89,0.09347207844257355,-0.22050264477729797,0.3139747232198715
CST6,161,292,301,-,15.03,81,1.0934785604476929,0.04885551333427429,1.0446230471134186
CST6,161,410,419,-,13.168,92,-0.10465312004089355,0.005521535873413086,-0.11017465591430664
CST6,162,348,357,+,13.168,92,-0.03762901574373245,0.2651945650577545,-0.30282358080148697
CST6,162,466,475,+,15.03,63,1.0980714559555054,0.14872241020202637,0.949349045753479
CST6,167,387,396,-,12.527,71,0.2191234529018402,-0.10717865824699402,0.32630211114883423
CST6,197,69,78,+,14.447,98,-0.11239266395568848,0.3657580614089966,-0.47815072536468506
CST6,208,254,263,-,12.533,84,-0.029600858688354492,-0.48911187052726746,0.45951101183891296
CST6,209,448,457,+,12.533,77,0.05010271072387695,0.1576870083808899,-0.10758429765701294
CST6,215,483,492,-,12.331,38,0.2454085350036621,0.18942511081695557,0.05598342418670654
CST6,227,209,218,-,13.168,82,-0.16290408372879028,-0.14247065782546997,-0.020433425903320312
CST6,259,1,10,-,11.774,45,-0.00856316089630127,0.5663491487503052,-0.5749123096466064
CST6,334,185,194,+,13.168,83,-0.07428498566150665,-0.015184164047241211,-0.05910082161426544
CST6,335,260,269,-,13.168,83,0.23785942792892456,0.4160216450691223,-0.17816221714019775
CST6,359,292,301,-,11.774,91,0.2887876629829407,0.21080061793327332,0.07798704504966736
CST6,366,236,245,+,13.11,74,0.2033117711544037,-0.12415975332260132,0.327471524477005
CST6,368,218,227,-,13.41,78,-0.05907973647117615,-0.19113203883171082,0.13205230236053467
CST6,392,8,17,+,13.053,50,0.06528115272521973,0.24424612522125244,-0.17896497249603271
CUP9,8,314,324,+,11.092,90,0.40921446681022644,-0.49152255058288574,0.9007370173931122
CUP9,12,213,223,+,11.765,66,0.20405182242393494,-0.16959023475646973,0.37364205718040466
CUP9,20,314,324,-,11.292,53,0.019351154565811157,1.080920696258545,-1.0615695416927338
CUP9,38,258,268,+,11.367,73,0.5232714414596558,1.184577226638794,-0.6613057851791382
CUP9,93,125,135,+,13.766,64,0.27959775924682617,-0.184376060962677,0.4639738202095032
CUP9,106,316,326,-,11.61,82,0.3245346248149872,-0.5658444166183472,0.8903790414333344
CUP9,170,168,178,-,11.844,88,-0.1790735423564911,0.19103610515594482,-0.3701096475124359
CUP9,198,468,478,-,11.66,72,-0.08844655752182007,0.18199878931045532,-0.2704453468322754
CUP9,251,159,169,-,13.105,84,0.13143084943294525,-0.020366977900266647,0.1517978273332119
CUP9,274,117,127,-,10.896,95,-0.21661922335624695,-0.1878417581319809,-0.028777465224266052
CUP9,275,271,281,-,10.946,100,0.738726794719696,-0.13172903656959534,0.8704558312892914
CUP9,276,312,322,+,10.946,95,1.3283634185791016,0.18178734183311462,1.146576076745987
CUP9,295,184,194,+,10.991,85,0.1007477343082428,0.3489231467247009,-0.24817541241645813
CUP9,296,6,16,-,10.991,46,-0.037648141384124756,-0.08521005511283875,0.04756191372871399
CUP9,309,95,105,+,12.421,83,-0.020985089242458344,-0.32632750272750854,0.3053424134850502
CUP9,312,214,224,+,11.036,78,3.0154054164886475,-0.5492043495178223,3.5646097660064697
CUP9,330,160,170,+,11.27,92,0.039144620299339294,-0.3960341811180115,0.43517880141735077
CUP9,366,397,407,+,11.811,86,-0.8887271881103516,0.11413267254829407,-1.0028598606586456
CUP9,378,60,70,-,11.61,42,1.1418302059173584,-0.9935543537139893,2.1353845596313477
CUP9,378,104,114,-,12.348,43,-0.6047044992446899,2.4479589462280273,-3.0526634454727173
DAL82,2,228,238,+,13.961,87,-0.06326460093259811,-0.4565504789352417,0.3932858780026436
DAL82,86,246,256,+,12.766,67,-0.3725448250770569,-0.1611817181110382,-0.21136310696601868
DAL82,113,119,129,+,12.618,72,0.16333253681659698,0.09962204098701477,0.06371049582958221
DAL82,114,275,285,+,12.044,58,0.08456858992576599,0.4027181565761566,-0.3181495666503906
DAL82,127,288,298,-,12.766,95,-0.23193931579589844,0.5026935935020447,-0.7346329092979431
DAL82,134,389,399,-,11.701,85,-0.23369352519512177,-0.29171863198280334,0.05802510678768158
DAL82,150,357,367,+,13.495,73,0.9837445616722107,-0.12169337272644043,1.1054379343986511
DAL82,220,232,242,-,12.363,76,0.06885823607444763,-0.113945871591568,0.18280410766601562
DAL82,221,311,321,+,12.363,76,-0.10841691493988037,-0.42313796281814575,0.3147210478782654
DAL82,238,73,83,+,12.766,92,0.2058756947517395,-0.11216901987791061,0.3180447146296501
DAL82,243,139,149,+,11.518,100,0.7972541451454163,-0.3220326900482178,1.119286835193634
DAL82,272,112,122,+,11.843,68,0.043622374534606934,-0.34017691016197205,0.383799284696579
DAL82,292,127,137,+,13.236,94,-0.7544992566108704,0.27411213517189026,-1.0286113917827606
DAL82,293,422,432,-,13.236,99,-0.5902396440505981,0.9061200618743896,-1.4963597059249878
DAL82,338,287,297,-,13.469,65,0.3134450912475586,-0.052101071923971176,0.36554616317152977
DAL82,366,51,61,+,12.678,81,0.02135258913040161,-0.5669158101081848,0.5882683992385864
DAL82,373,249,259,+,11.946,98,-0.32519400119781494,0.5869146585464478,-0.9121086597442627
DAL82,378,128,138,-,12.835,45,-0.11754101514816284,0.5757821798324585,-0.6933231949806213
DAL82,388,243,253,-,12.598,85,0.33492815494537354,0.00542883574962616,0.3294993191957474
DAL82,396,175,185,-,11.701,90,-0.26950785517692566,-0.5171481370925903,0.24764028191566467
DOT6,43,4,14,+,10.871,42,-0.08314698934555054,-0.5254722833633423,0.44232529401779175
DOT6,59,188,198,-,10.946,81,-0.25820600986480713,-0.7196388840675354,0.46143287420272827
DOT6,65,73,83,-,11.519,81,-0.08081960678100586,1.3446154594421387,-1.4254350662231445
DOT6,70,69,79,+,10.864,82,-0.3015982508659363,0.21712914109230042,-0.5187273919582367
DOT6,99,230,240,+,10.871,52,0.14861473441123962,0.18944871425628662,-0.040833979845047
DOT6,101,277,287,+,10.97,93,0.03503498435020447,0.4873755872249603,-0.45234060287475586
DOT6,114,190,200,+,10.985,80,-0.011474937200546265,0.3486611247062683,-0.3601360619068146
DOT6,118,472,482,-,11.833,57,-0.028530657291412354,1.6456663608551025,-1.674197018146515
DOT6,130,425,435,-,11.1,85,0.6219093799591064,0.3835470378398895,0.23836234211921692
DOT6,135,96,106,+,11.409,69,-0.44925448298454285,-0.20932403206825256,-0.23993045091629028
DOT6,144,481,491,-,11.784,48,-0.30222031474113464,-0.3819456100463867,0.07972529530525208
DOT6,171,6,16,-,12.126,51,-0.01974588632583618,0.021827809512615204,-0.041573695838451385
DOT6,175,312,322,-,11.436,53,1.0983879566192627,0.08383484184741974,1.014553114771843
DOT6,176,303,313,+,11.436,53,1.039945125579834,0.18366485834121704,0.8562802672386169
DOT6,192,229,239,-,11.292,65,-0.9355350732803345,0.3210828900337219,-1.2566179633140564
DOT6,196,237,247,-,11.016,84,0.526691198348999,-0.22209303081035614,0.7487842291593552
DOT6,197,349,359,+,11.016,84,0.48044610023498535,-0.06998136639595032,0.5504274666309357
DOT6,205,24,34,-,10.935,63,-0.006032854318618774,-0.013883709907531738,0.007850855588912964
DOT6,207,242,252,-,11.328,61,-0.6007328033447266,-0.1252504289150238,-0.47548237442970276
DOT6,211,264,274,+,11.292,88,0.5348323583602905,0.2903258502483368,0.24450650811195374
DOT6,263,149,159,-,11.956,76,-0.10219576954841614,0.44205614924430847,-0.5442519187927246
DOT6,358,32,42,-,11.005,63,-0.19633394479751587,-0.6569576263427734,0.46062368154525757
DOT6,363,401,411,-,10.772,100,0.020243950188159943,0.09808086603879929,-0.07783691585063934
DOT6,385,83,93,-,11.79,80,-0.2798317074775696,0.1707955002784729,-0.4506272077560425
DOT6,385,224,234,+,10.74,75,1.3646588325500488,0.1407276839017868,1.223931148648262
DOT6,395,163,173,-,10.772,81,-0.47029921412467957,0.009797841310501099,-0.48009705543518066
ECM22.1,0,215,225,+,8.561,64,-0.2106676697731018,0.4185929298400879,-0.6292605996131897
ECM22.1,12,210,220,-,8.268,67,0.12443052232265472,-0.15727940201759338,0.2817099243402481
ECM22.1,45,226,236,-,8.533,53,0.12444660067558289,1.034285068511963,-0.90983846783638
ECM22.1,52,108,118,-,8.533,40,0.008682310581207275,0.18117880821228027,-0.172496497631073
ECM22.1,52,137,147,+,8.533,56,-0.08447793126106262,0.015792593359947205,-0.10027052462100983
ECM22.1,60,190,200,+,8.338,37,0.32298144698143005,0.5034617185592651,-0.18048027157783508
ECM22.1,64,270,280,-,9.343,49,0.1932438611984253,0.2644523084163666,-0.07120844721794128
ECM22.1,80,225,235,+,9.027,63,-0.005824774503707886,1.0086597204208374,-1.0144844949245453
ECM22.1,84,192,202,+,8.386,90,-0.016473807394504547,0.11641156673431396,-0.1328853741288185
ECM22.1,96,294,304,+,8.268,71,-0.3605315685272217,-0.046726424247026443,-0.31380514428019524
ECM22.1,97,251,261,+,8.28,52,0.08690524101257324,0.014804244041442871,0.07210099697113037
ECM22.1,97,262,272,-,9.286,55,-0.0059396326541900635,-0.4933895170688629,0.48744988441467285
ECM22.1,122,102,112,+,8.533,81,0.05914553999900818,0.03730331361293793,0.02184222638607025
ECM22.1,167,64,74,-,8.297,71,-0.45968037843704224,-0.5306796431541443,0.07099926471710205
ECM22.1,194,68,78,+,8.65,74,-0.09129619598388672,-0.012503564357757568,-0.07879263162612915
ECM22.1,225,62,72,+,8.84,77,-0.2506563365459442,1.0725605487823486,-1.3232168853282928
ECM22.1,235,23,33,-,8.492,63,0.200442373752594,0.12712669372558594,0.07331568002700806
ECM22.1,237,122,132,+,8.498,56,-0.01739400625228882,-0.6189988851547241,0.6016048789024353
ECM22.1,242,100,110,+,8.555,79,-0.30512070655822754,-0.041581764817237854,-0.2635389417409897
ECM22.1,259,279,289,+,8.512,69,-0.1634136289358139,-0.03872761130332947,-0.12468601763248444
ECM22.1,261,215,225,+,8.561,64,-0.21178299188613892,0.4085111618041992,-0.6202941536903381
ECM22.1,275,62,72,+,8.898,74,-0.09122586250305176,0.0979529619216919,-0.18917882442474365
ECM22.1,275,352,362,+,8.699,95,-0.10589660704135895,0.16474856436252594,-0.2706451714038849
ECM22.1,276,231,241,-,8.699,100,0.3177526593208313,0.32969483733177185,-0.011942178010940552
ECM22.1,297,315,325,-,8.282,82,0.31594210863113403,-0.14070147275924683,0.45664358139038086
ECM22.1,351,170,180,-,8.32,57,-0.536512553691864,0.22739125788211823,-0.7639038115739822
ECM22.1,363,57,67,-,8.555,99,0.4432223439216614,0.3556402921676636,0.0875820517539978
ECM22.1,367,264,274,-,8.262,80,0.0021533966064453125,0.04086042940616608,-0.038707032799720764
ECM22.1,377,314,324,+,8.44,77,-0.3381738066673279,0.29620683193206787,-0.6343806385993958
ECM22.1,389,298,308,+,8.44,91,0.4544662833213806,-0.2320663034915924,0.686532586812973
ECM22.2,16,458,476,-,12.79,69,0.2243639975786209,-0.5490407943725586,0.7734047919511795
ECM22.2,25,409,427,-,12.937,89,0.048071861267089844,-0.2651781141757965,0.31324997544288635
ECM22.2,39,86,104,-,14.587,75,2.5109188556671143,-0.11514300107955933,2.6260618567466736
ECM22.2,52,139,157,+,17.737,66,-0.13843974471092224,-0.08609183132648468,-0.05234791338443756
ECM22.2,64,248,266,+,14.189,56,-0.13253211975097656,-0.49292105436325073,0.36038893461227417
ECM22.2,77,330,348,-,12.294,85,0.19863206148147583,-0.020536115393042564,0.2191681768745184
ECM22.2,80,253,271,+,12.483,76,-0.020830929279327393,0.04738868772983551,-0.0682196170091629
ECM22.2,136,131,149,-,12.233,52,-0.09890386462211609,-0.030313611030578613,-0.06859025359153748
ECM22.2,170,226,244,-,12.512,73,-0.696463942527771,0.006868720054626465,-0.7033326625823975
ECM22.2,199,464,482,-,12.649,58,-0.22043567895889282,-0.33859938383102417,0.11816370487213135
ECM22.2,212,87,105,+,11.771,77,-0.1393442153930664,-0.678993821144104,0.5396496057510376
ECM22.2,245,375,393,+,13.291,65,0.6368255019187927,0.01483847200870514,0.6219870299100876
ECM22.2,253,199,217,-,13.488,87,-0.581575334072113,-0.5798841714859009,-0.0016911625862121582
ECM22.2,258,9,27,-,11.548,59,-0.1033811867237091,0.5786342620849609,-0.68201544880867
ECM22.2,296,476,494,-,12.328,42,-0.8423019647598267,0.09300023317337036,-0.935302197933197
ECM22.2,331,24,42,+,11.561,74,0.4376632571220398,-0.007245898246765137,0.44490915536880493
ECM22.2,395,54,72,-,20.066,67,-0.28329965472221375,0.05615532398223877,-0.3394549787044525
EDS1,28,56,67,-,13.429,83,0.027108430862426758,-0.12770140171051025,0.154809832572937
EDS1,53,314,325,+,16.039,66,0.17305617034435272,0.594052791595459,-0.42099662125110626
EDS1,84,104,115,-,13.672,85,-0.8719677925109863,0.3276258707046509,-1.1995936632156372
EDS1,86,66,77,+,13.884,86,-0.37798404693603516,0.26807481050491333,-0.6460588574409485
EDS1,87,280,291,-,14.964,90,-0.11944755911827087,0.10600003600120544,-0.22544759511947632
EDS1,96,280,291,-,14.382,63,-0.6987403631210327,0.17200607061386108,-0.8707464337348938
EDS1,108,138,149,+,14.208,90,-0.09174579381942749,-0.0894416868686676,-0.0023041069507598877
EDS1,167,59,70,-,14.686,72,-0.49983108043670654,-0.5020628571510315,0.002231776714324951
EDS1,175,274,285,+,12.808,50,-0.2612157464027405,-0.1405307799577713,-0.12068496644496918
EDS1,176,340,351,-,12.808,50,-0.5561915040016174,0.22125691175460815,-0.7774484157562256
EDS1,178,351,362,-,14.964,92,-0.3423626124858856,-0.15868732333183289,-0.18367528915405273
EDS1,194,143,154,+,12.752,53,-0.06761500239372253,0.8219704627990723,-0.8895854651927948
EDS1,207,356,367,-,13.429,96,-0.24692294001579285,-0.4562205672264099,0.20929762721061707
EDS1,210,322,333,-,13.029,56,0.135652095079422,-0.47680366039276123,0.6124557554721832
EDS1,212,144,155,-,15.302,79,0.41409698128700256,0.1396133303642273,0.27448365092277527
EDS1,224,463,474,-,14.105,76,-0.4336521029472351,1.6651792526245117,-2.098831355571747
EDS1,245,84,95,+,12.724,83,-0.04523277282714844,-0.24191692471504211,0.19668415188789368
EDS1,252,205,216,-,13.462,90,-0.5305299162864685,1.7332384586334229,-2.2637683749198914
EDS1,300,77,88,-,14.208,100,-0.1760789155960083,-1.0164768695831299,0.8403979539871216
EDS1,311,100,111,+,12.935,90,-0.3954804539680481,0.5570355653762817,-0.9525160193443298
EDS1,334,481,492,-,13.079,53,-0.17648115754127502,0.21749138832092285,-0.3939725458621979
EDS1,340,199,210,-,13.884,93,1.4768295288085938,-0.4671586751937866,1.9439882040023804
EDS1,377,318,329,+,12.508,80,-0.40489766001701355,0.03526400774717331,-0.44016166776418686
EDS1,387,298,309,-,13.959,80,-0.20331816375255585,-0.011932402849197388,-0.19138576090335846
FHL1,9,98,108,-,8.213,84,3.3009002208709717,0.378898561000824,2.9220016598701477
FHL1,16,11,21,+,8.574,54,-0.9176769256591797,-0.05174064636230469,-0.865936279296875
FHL1,17,244,254,-,8.574,83,-0.19207781553268433,0.3603852391242981,-0.5524630546569824
FHL1,31,97,107,+,8.33,94,-0.26091453433036804,0.44154685735702515,-0.7024613916873932
FHL1,37,279,289,+,8.312,82,0.26362520456314087,0.01688896119594574,0.24673624336719513
FHL1,38,147,157,-,8.217,73,0.5994634032249451,0.5945941209793091,0.004869282245635986
FHL1,82,182,192,-,8.213,83,-0.004191964864730835,0.3547403812408447,-0.35893234610557556
FHL1,82,354,364,+,8.08,63,0.23166580498218536,0.49522680044174194,-0.2635609954595566
FHL1,130,152,162,-,8.1,79,0.2927529215812683,0.15767663717269897,0.13507628440856934
FHL1,168,474,484,-,8.321,66,0.14501333236694336,-0.6894569396972656,0.834470272064209
FHL1,179,274,284,-,8.2,89,-0.4186779260635376,-0.35670119524002075,-0.061976730823516846
FHL1,194,167,177,+,8.18,75,-0.46633175015449524,0.7780117392539978,-1.244343489408493
FHL1,199,451,461,-,8.297,71,0.1189168393611908,0.5030994415283203,-0.3841826021671295
FHL1,208,169,179,+,8.465,100,0.04200310260057449,-0.5993890762329102,0.6413921788334846
FHL1,217,402,412,-,8.33,100,-0.026175200939178467,0.24029937386512756,-0.26647457480430603
FHL1,238,449,459,+,8.2,86,-0.3057250380516052,-0.7351976037025452,0.42947256565093994
FHL1,252,84,94,-,8.318,81,-0.04765266180038452,-0.060523271560668945,0.012870609760284424
FHL1,252,92,102,-,8.457,81,-0.012158215045928955,-0.020175844430923462,0.008017629384994507
FHL1,263,287,297,+,8.217,86,-0.6851926445960999,0.7134038209915161,-1.398596465587616
FHL1,264,406,416,-,8.217,86,-0.35906121134757996,1.2569808959960938,-1.6160421073436737
FHL1,284,426,436,-,8.589,89,-0.5491571426391602,0.16863903403282166,-0.7177961766719818
FHL1,294,374,384,-,8.332,85,-0.19473955035209656,-0.041725825518369675,-0.15301372483372688
FHL1,307,363,373,-,8.65,74,-0.5112348794937134,0.16538852453231812,-0.6766234040260315
FHL1,311,10,20,-,8.689,48,-0.06611233949661255,0.14108464121818542,-0.20719698071479797
FHL1,321,228,238,+,8.233,50,-0.04726579785346985,-0.07311254739761353,0.025846749544143677
FKH2,29,81,101,+,16.291,86,-0.19178825616836548,0.14026066660881042,-0.3320489227771759
FKH2,53,299,319,+,16.002,66,-0.09618408232927322,0.6523783206939697,-0.748562403023243
FKH2,55,428,448,+,13.455,84,-0.015889734029769897,-0.6024402976036072,0.5865505635738373
FKH2,67,419,439,+,16.429,84,-0.0987585186958313,0.2043565809726715,-0.3031150996685028
FKH2,73,405,425,+,14.187,73,-0.6863328218460083,0.09152573347091675,-0.777858555316925
FKH2,75,25,45,+,13.752,69,-0.044298380613327026,0.08250343799591064,-0.12680181860923767
FKH2,78,74,94,-,13.814,85,-0.004514098167419434,0.2118183672428131,-0.21633246541023254
FKH2,108,426,446,+,12.613,90,0.04596400260925293,-0.48894137144088745,0.5349053740501404
FKH2,116,340,360,-,14.967,77,0.03774377703666687,-0.22932499647140503,0.2670687735080719
FKH2,140,107,127,+,12.741,87,-0.4140552878379822,0.24387580156326294,-0.6579310894012451
FKH2,159,469,489,-,14.053,48,0.0004800334572792053,-0.3166334629058838,0.317113496363163
FKH2,170,419,439,+,13.725,87,0.16343015432357788,0.7750366926193237,-0.6116065382957458
FKH2,191,393,413,-,15.651,83,-0.005796059966087341,0.23255248367786407,-0.23834854364395142
FKH2,204,212,232,-,14.679,87,0.32556748390197754,0.11782848834991455,0.207738995552063
FKH2,205,417,437,+,14.679,87,0.18760307133197784,-0.15001046657562256,0.3376135379076004
FKH2,210,125,145,+,13.182,84,0.2024907022714615,-0.13763628900051117,0.34012699127197266
FKH2,228,407,427,-,16.607,88,0.4528283476829529,-0.053414881229400635,0.5062432289123535
FKH2,266,212,232,+,12.299,100,-0.060138851404190063,-0.1646386981010437,0.10449984669685364
FKH2,307,436,456,+,12.557,82,0.10843247175216675,-0.23329667747020721,0.34172914922237396
FKH2,320,26,46,-,12.573,76,-0.07243591547012329,-0.15958154201507568,0.08714562654495239
FKH2,346,255,275,+,12.477,58,0.26152390241622925,0.40273791551589966,-0.1412140130996704
FKH2,351,148,168,+,12.521,63,-0.19169192016124725,1.0855945348739624,-1.2772864550352097
FKH2,362,333,353,-,13.681,95,-0.04283367097377777,0.8167071342468262,-0.8595408052206039
FKH2,372,416,436,+,13.465,96,-0.20828482508659363,-0.3616042733192444,0.15331944823265076
FKH2,378,42,62,-,15.525,51,-0.5073664784431458,-0.3505951464176178,-0.15677133202552795
FKH2,379,8,28,+,15.525,30,-0.210858553647995,-0.3725973665714264,0.1617388129234314
FKH2,389,63,83,+,13.118,71,0.46461620926856995,0.08733198046684265,0.3772842288017273
FKH2,390,93,113,-,13.118,71,0.4130436182022095,-0.345744252204895,0.7587878704071045
GAL4.1,1,56,66,-,9.53,93,-0.0880073606967926,0.10127973556518555,-0.18928709626197815
GAL4.1,9,133,143,+,9.254,85,-0.03931534290313721,0.5635244250297546,-0.6028397679328918
GAL4.1,9,257,267,+,9.596,70,-0.06859611719846725,0.22437389194965363,-0.2929700091481209
GAL4.1,27,303,313,-,9.407,100,-0.17270320653915405,0.32692384719848633,-0.4996270537376404
GAL4.1,40,337,347,+,9.377,84,0.3362710773944855,-0.3114619851112366,0.647733062505722
GAL4.1,53,468,478,-,9.151,59,-0.5304136872291565,0.015691816806793213,-0.5461055040359497
GAL4.1,63,170,180,+,9.292,66,-0.2526393234729767,-0.35731109976768494,0.10467177629470825
GAL4.1,63,216,226,-,10.14,73,0.024045828729867935,-0.26252099871635437,0.2865668274462223
GAL4.1,93,119,129,+,9.65,69,0.026433616876602173,0.093396857380867,-0.06696324050426483
GAL4.1,100,143,153,-,9.496,81,-0.052918627858161926,-0.013971805572509766,-0.03894682228565216
GAL4.1,113,188,198,+,9.852,79,0.03881126642227173,-0.047338396310806274,0.086149662733078
GAL4.1,114,229,239,+,9.227,66,-0.18992887437343597,-0.12895163893699646,-0.060977235436439514
GAL4.1,122,106,116,+,9.467,81,-0.0071478188037872314,0.21781660616397858,-0.2249644249677658
GAL4.1,131,128,138,+,9.356,93,-0.11037734150886536,-0.47299104928970337,0.362613707780838
GAL4.1,148,258,268,+,9.542,78,-0.3950199782848358,-0.2806171476840973,-0.11440283060073853
GAL4.1,156,374,384,-,9.274,95,-0.1478596031665802,0.692667543888092,-0.8405271470546722
GAL4.1,194,105,115,-,9.852,62,-0.04652458429336548,-0.10997262597084045,0.06344804167747498
GAL4.1,194,398,408,-,9.221,51,0.03333581984043121,-0.2135603427886963,0.2468961626291275
GAL4.1,195,353,363,-,9.522,72,-0.059061408042907715,-0.21525639295578003,0.15619498491287231
GAL4.1,196,88,98,-,9.507,67,-0.16968423128128052,0.2916085422039032,-0.4612927734851837
GAL4.1,228,102,112,+,10.698,80,0.46332865953445435,0.12965913116931915,0.3336695283651352
GAL4.1,236,197,207,+,9.664,81,-0.23956407606601715,0.971627950668335,-1.2111920267343521
GAL4.1,284,70,80,-,9.982,87,-0.3199920654296875,0.3018440008163452,-0.6218360662460327
GAL4.1,295,167,177,+,10.283,85,-0.1470901072025299,-0.20821577310562134,0.06112566590309143
GAL4.1,296,23,33,-,10.283,63,-0.17285484075546265,0.32506227493286133,-0.497917115688324
GAL4.1,357,184,194,+,9.254,66,-0.19189535081386566,0.2688101530075073,-0.460705503821373
GAL4.1,388,359,369,-,10.212,77,-0.28730538487434387,0.08529740571975708,-0.37260279059410095
GAL4.1,391,341,351,+,9.194,100,-0.19312644004821777,0.017819583415985107,-0.21094602346420288
GAL4.2,0,419,436,-,12.58,100,0.8342941403388977,-0.7884019613265991,1.6226961016654968
GAL4.2,9,343,360,+,11.71,94,-0.33214423060417175,0.06968241930007935,-0.4018266499042511
GAL4.2,20,453,470,+,12.718,60,-0.1200161725282669,0.08020175248384476,-0.20021792501211166
GAL4.2,31,441,458,-,13.63,87,1.0716675519943237,-0.21104171872138977,1.2827092707157135
GAL4.2,36,442,459,-,11.745,68,1.1487457752227783,0.8535683155059814,0.2951774597167969
GAL4.2,50,229,246,-,13.222,72,0.21390575170516968,0.2987971901893616,-0.0848914384841919
GAL4.2,52,67,84,-,13.332,56,0.10359004139900208,0.13498345017433167,-0.03139340877532959
GAL4.2,88,166,183,-,13.072,87,0.8722754716873169,0.054389357566833496,0.8178861141204834
GAL4.2,92,150,167,-,14.325,73,3.020555257797241,0.595650315284729,2.424904942512512
GAL4.2,93,421,438,-,14.204,92,-0.7787409424781799,0.07132679224014282,-0.8500677347183228
GAL4.2,100,135,152,-,15.883,88,-0.028434351086616516,-0.14238455891609192,0.1139502078294754
GAL4.2,115,418,435,-,14.887,100,-0.5608153343200684,0.08468231558799744,-0.6454976499080658
GAL4.2,118,235,252,-,14.717,61,-0.24689315259456635,0.8673602342605591,-1.1142533868551254
GAL4.2,136,299,316,+,13.292,66,-0.059579603374004364,-0.09604039788246155,0.036460794508457184
GAL4.2,143,175,192,+,12.677,78,-0.09119674563407898,0.20598867535591125,-0.29718542098999023
GAL4.2,162,72,89,-,12.285,84,0.16341093182563782,0.4197211265563965,-0.25631019473075867
GAL4.2,163,483,500,-,12.285,45,-0.05040770769119263,0.1002606451511383,-0.15066835284233093
GAL4.2,168,244,261,+,11.886,85,-0.6256702542304993,-0.52000492811203,-0.10566532611846924
GAL4.2,175,6,23,-,15.036,43,0.14522504806518555,-0.4205699563026428,0.5657950043678284
GAL4.2,203,266,283,+,11.74,75,0.044086262583732605,0.5117570757865906,-0.46767081320285797
GAL4.2,207,76,93,+,12.956,86,-0.2969712018966675,-0.7314708232879639,0.4344996213912964
GAL4.2,227,357,374,+,11.638,89,-0.2135520577430725,-0.09273940324783325,-0.12081265449523926
GAL4.2,245,79,96,-,12.251,84,0.005793750286102295,-0.06960609555244446,0.07539984583854675
GAL4.2,261,419,436,-,12.58,100,0.835116982460022,-0.7931758165359497,1.6282927989959717
GAL4.2,277,155,172,-,16.258,90,0.022707313299179077,-0.12070418894290924,0.14341150224208832
GAL4.2,283,68,85,+,13.824,78,-0.040496259927749634,-0.09157589077949524,0.051079630851745605
GAL4.2,285,252,269,+,12.789,100,0.4410008490085602,0.426194429397583,0.014806419610977173
GAL4.2,332,459,476,-,14.681,57,-0.20492258667945862,0.13328313827514648,-0.3382057249546051
GAL4.2,384,201,218,+,11.711,85,0.36255496740341187,-0.07968895882368088,0.44224392622709274
GAL4.2,390,163,180,-,13.415,73,-0.04774996638298035,-0.31139668822288513,0.2636467218399048
GAL4.2,390,337,354,+,14.553,76,-0.1089266836643219,0.7105982899665833,-0.8195249736309052
GCR1,5,246,253,+,11.457,78,-0.5310160517692566,-0.6982296705245972,0.16721361875534058
GCR1,15,289,296,-,12.097,78,-0.13194942474365234,0.2492612898349762,-0.38121071457862854
GCR1,19,160,167,+,11.457,77,0.0802810788154602,-0.09817853569984436,0.17845961451530457
GCR1,25,8,15,+,11.457,51,0.006489455699920654,0.1331539750099182,-0.12666451930999756
GCR1,32,300,307,+,11.457,73,0.05690660700201988,-0.8286644220352173,0.8855710290372372
GCR1,33,236,243,-,11.457,69,-0.13051924109458923,0.13048046827316284,-0.2609997093677521
GCR1,38,293,300,+,11.457,69,0.08471307158470154,-0.27425703406333923,0.35897010564804077
GCR1,68,236,243,+,11.457,93,0.14548929035663605,0.29790356755256653,-0.15241427719593048
GCR1,73,140,147,-,12.097,73,-0.20381250977516174,0.18591733276844025,-0.389729842543602
GCR1,76,44,51,-,11.457,69,-0.2100147306919098,-0.24998170137405396,0.039966970682144165
GCR1,80,173,180,+,12.097,69,0.2927968502044678,0.4277949631214142,-0.1349981129169464
GCR1,83,352,359,-,11.457,90,0.33817780017852783,-0.33666589856147766,0.6748436987400055
GCR1,88,293,300,-,11.457,76,-0.547843337059021,-0.8748186826705933,0.32697534561157227
GCR1,94,62,69,-,12.097,83,-0.1053231954574585,0.051801323890686035,-0.15712451934814453
GCR1,111,154,161,-,11.457,44,-0.30836236476898193,1.840813159942627,-2.149175524711609
GCR1,117,358,365,-,12.097,73,0.7025566101074219,-0.3707217276096344,1.0732783377170563
GCR1,129,103,110,-,11.457,90,-0.12249718606472015,-0.27503305673599243,0.15253587067127228
GCR1,139,138,145,+,12.097,65,-0.19421373307704926,-0.36307644844055176,0.1688627153635025
GCR1,139,489,496,+,11.457,33,0.05507767200469971,-0.6290457248687744,0.6841233968734741
GCR1,140,309,316,-,11.457,79,-0.5453053116798401,0.3596014678478241,-0.9049067795276642
GCR1,141,106,113,+,11.457,85,0.1749470978975296,-0.33001524209976196,0.5049623399972916
GCR1,146,59,66,+,12.097,100,-0.041079893708229065,0.2265939563512802,-0.2676738500595093
GCR1,164,326,333,-,12.097,100,2.9895267486572266,0.34156814217567444,2.647958606481552
GCR1,175,226,233,-,11.457,76,-0.1119382455945015,0.03503468632698059,-0.1469729319214821
GCR1,176,392,399,+,11.457,76,0.13570711016654968,0.6266984939575195,-0.49099138379096985
GCR1,177,397,404,+,11.457,90,-0.47875720262527466,-0.4628269672393799,-0.015930235385894775
GCR1,187,76,83,+,11.457,90,-0.04603353142738342,0.05107319355010986,-0.09710672497749329
GCR1,198,166,173,-,11.457,77,-0.22005949914455414,-0.046696100383996964,-0.17336339876055717
GCR1,198,347,354,+,11.457,86,-0.5843809843063354,0.5792352557182312,-1.1636162400245667
GCR1,199,43,50,+,11.457,70,-0.3057575821876526,0.4330878257751465,-0.7388454079627991
GCR1,201,390,397,-,12.097,91,-0.40421175956726074,-0.8567583560943604,0.4525465965270996
GCR1,212,286,293,+,12.097,93,-0.3583933711051941,-0.40228572487831116,0.043892353773117065
GCR1,222,480,487,-,12.097,59,-0.2672435939311981,-0.1450679898262024,-0.12217560410499573
GCR1,262,236,243,+,11.457,90,0.0568169504404068,0.08112045377492905,-0.024303503334522247
GCR1,270,304,311,+,11.457,90,-0.7288504838943481,-0.45129120349884033,-0.2775592803955078
GCR1,272,46,53,+,11.457,80,-0.00870773196220398,-0.5256370306015015,0.5169292986392975
GCR1,272,405,412,-,11.457,95,-0.4544745683670044,-0.586185097694397,0.13171052932739258
GCR1,309,71,78,-,11.457,80,-0.21199771761894226,-1.2299375534057617,1.0179398357868195
GCR1,334,47,54,-,11.457,86,0.024252578616142273,-0.16441071033477783,0.1886632889509201
GCR1,335,400,407,+,11.457,89,-0.10124846547842026,-0.14149832725524902,0.040249861776828766
GCR1,341,1,8,+,11.457,32,0.21078482270240784,0.5490479469299316,-0.3382631242275238
GCR1,344,52,59,-,11.457,87,0.14159756898880005,-0.18485292792320251,0.32645049691200256
GCR1,345,246,253,+,11.457,78,-0.5315150618553162,-0.696851372718811,0.16533631086349487
GCR1,370,188,195,-,11.457,90,-0.42043930292129517,-0.020095832645893097,-0.40034347027540207
GCR1,371,228,235,+,11.457,90,-0.34051191806793213,-0.20394521951675415,-0.13656669855117798
GCR1,395,130,137,-,11.457,73,-0.5039401054382324,0.7547154426574707,-1.2586555480957031
GIS1,25,218,227,-,13.992,56,0.034223198890686035,0.27047207951545715,-0.23624888062477112
GIS1,58,287,296,+,13.992,84,0.16154468059539795,0.8032880425453186,-0.6417433619499207
GIS1,68,90,99,-,12.499,87,-0.2022915780544281,-0.30246099829673767,0.10016942024230957
GIS1,71,179,188,-,12.803,87,0.4271625876426697,-1.0221668481826782,1.449329435825348
GIS1,84,191,200,-,14.25,91,-0.02298647165298462,0.16519629955291748,-0.1881827712059021
GIS1,88,311,320,+,12.626,77,-0.619844913482666,-0.44621026515960693,-0.17363464832305908
GIS1,117,195,204,+,13.364,37,-0.2007271647453308,-0.03293996676802635,-0.16778719797730446
GIS1,123,178,187,-,12.721,69,-0.07940253615379333,-0.1537826657295227,0.07438012957572937
GIS1,140,118,127,+,12.853,76,-0.407350093126297,0.17148357629776,-0.578833669424057
GIS1,146,184,193,+,12.677,67,0.6783653497695923,-0.7159688472747803,1.3943341970443726
GIS1,167,65,74,+,14.057,70,-0.4427674114704132,-0.4148396849632263,-0.02792772650718689
GIS1,198,142,151,-,13.555,74,0.13156038522720337,-0.09399634599685669,0.22555673122406006
GIS1,199,65,74,+,13.555,74,0.1931811273097992,0.2898827791213989,-0.09670165181159973
GIS1,218,382,391,-,14.168,68,-0.34132784605026245,-0.07920053601264954,-0.2621273100376129
GIS1,219,228,237,+,14.168,68,-0.4084917902946472,0.11582627892494202,-0.5243180692195892
GIS1,259,99,108,+,13.372,70,-0.19496557116508484,0.8612188100814819,-1.0561843812465668
GIS1,280,29,38,+,12.742,69,0.04978775978088379,-0.002345755696296692,0.05213351547718048
GIS1,284,418,427,+,14.117,88,0.16121256351470947,-0.12145459651947021,0.2826671600341797
GIS1,323,351,360,+,13.166,91,-0.06895017623901367,-0.2728078365325928,0.2038576602935791
GIS1,324,90,99,+,12.517,90,0.08366060256958008,-0.5458117723464966,0.6294723749160767
GLN3,0,182,187,+,8.694,50,0.27613377571105957,0.02547764778137207,0.2506561279296875
GLN3,0,427,432,+,8.694,88,0.402509868144989,-1.25979745388031,1.662307322025299
GLN3,1,73,78,+,8.694,90,-0.1888149231672287,-0.7870622873306274,0.5982473641633987
GLN3,2,442,447,+,8.694,82,0.6739745736122131,1.1569515466690063,-0.4829769730567932
GLN3,4,54,59,+,8.694,90,-0.020717859268188477,-0.38130277395248413,0.36058491468429565
GLN3,4,123,128,+,8.694,72,0.01449674367904663,0.40602415800094604,-0.3915274143218994
GLN3,8,408,413,+,8.694,74,-0.9873641729354858,-0.071603924036026,-0.9157602488994598
GLN3,8,428,433,+,8.694,74,-0.3222251534461975,0.8646963238716125,-1.18692147731781
GLN3,9,429,434,+,8.694,90,0.02332017943263054,-0.187574565410614,0.21089474484324455
GLN3,11,275,280,+,8.694,67,-0.6103585958480835,-0.27847790718078613,-0.33188068866729736
GLN3,11,484,489,+,8.694,61,-0.7025692462921143,0.1407109498977661,-0.8432801961898804
GLN3,17,86,91,+,8.694,59,0.28964513540267944,0.4248533248901367,-0.13520818948745728
GLN3,19,105,110,+,8.694,75,-0.19634947180747986,-0.18823397159576416,-0.008115500211715698
GLN3,20,474,479,+,8.694,47,-0.4653109908103943,0.8393120765686035,-1.3046230673789978
GLN3,22,28,33,+,8.694,76,-0.04457962512969971,0.27363231778144836,-0.31821194291114807
GLN3,30,423,428,+,8.694,91,0.13156670331954956,0.06801481544971466,0.0635518878698349
GLN3,33,130,135,+,8.694,84,-0.08306100964546204,0.11252038180828094,-0.19558139145374298
GLN3,36,270,275,+,8.694,84,-0.10521568357944489,0.812101423740387,-0.9173171073198318
GLN3,38,237,242,+,8.694,75,-0.20991191267967224,0.20097914338111877,-0.410891056060791
GLN3,44,340,345,+,8.694,100,-0.21569283306598663,-0.5237930417060852,0.30810020864009857
GLN3,45,434,439,+,8.694,100,0.9266940355300903,0.32676881551742554,0.5999252200126648
GLN3,47,283,288,+,8.694,100,-0.09309350699186325,-0.10555773973464966,0.012464232742786407
GLN3,48,85,90,+,8.694,78,-0.13667374849319458,0.4633064866065979,-0.5999802350997925
GLN3,50,428,433,+,8.694,79,-0.07485771179199219,-0.15953071415424347,0.08467300236225128
GLN3,51,489,494,+,8.694,56,-0.6339864134788513,-0.28614097833633423,-0.3478454351425171
GLN3,56,239,244,+,8.694,100,-0.1173960492014885,0.2156919240951538,-0.3330879732966423
GLN3,58,366,371,+,8.694,95,-0.10827361047267914,0.3437512218952179,-0.45202483236789703
GLN3,58,475,480,+,8.694,70,-1.0617949962615967,-0.07396310567855835,-0.9878318905830383
GLN3,60,59,64,+,8.694,84,-0.9112875461578369,-0.029158800840377808,-0.8821287453174591
GLN3,62,362,367,+,8.694,88,-0.005355130881071091,-0.39075353741645813,0.38539840653538704
GLN3,63,80,85,+,8.694,84,0.18616268038749695,1.435220718383789,-1.2490580379962921
GLN3,64,352,357,+,8.694,83,-0.19284650683403015,0.05568394064903259,-0.24853044748306274
GLN3,65,134,139,+,8.694,96,-0.14420439302921295,-0.12531903386116028,-0.018885359168052673
GLN3,67,420,425,+,8.694,72,-0.05762431025505066,0.5214508771896362,-0.5790751874446869
GLN3,68,139,144,+,8.694,78,-0.0724521279335022,-0.12267866730690002,0.05022653937339783
GLN3,69,17,22,+,8.694,60,-0.29391828179359436,-0.07335898280143738,-0.22055929899215698
GLN3,69,94,99,+,8.694,77,-1.0583897829055786,1.4432322978973389,-2.5016220808029175
GLN3,74,125,130,+,8.694,81,-0.08956708014011383,0.1833328902721405,-0.27289997041225433
GLN3,77,153,158,+,8.694,87,-0.13946503400802612,-0.8588356375694275,0.7193706035614014
GLN3,78,239,244,+,8.694,84,-0.279541552066803,-0.11193636059761047,-0.1676051914691925
GLN3,78,326,331,+,8.694,90,-0.14452196657657623,-0.24085357785224915,0.09633161127567291
GLN3,79,108,113,+,8.694,100,-0.06582885980606079,0.24062901735305786,-0.30645787715911865
GLN3,80,61,66,+,8.694,94,-0.6119429469108582,0.2622208297252655,-0.8741637766361237
GLN3,83,438,443,+,8.694,87,0.507145881652832,-0.002408146858215332,0.5095540285110474
GLN3,84,115,120,+,8.694,79,-1.0940741300582886,-0.8027656078338623,-0.29130852222442627
GLN3,84,442,447,+,8.694,86,0.32390692830085754,0.5849832892417908,-0.2610763609409332
GLN3,85,111,116,+,8.694,86,-0.038777291774749756,0.46873512864112854,-0.5075124204158783
GLN3,85,293,298,+,8.694,70,0.0014780759811401367,-0.4359908103942871,0.43746888637542725
GLN3,86,88,93,+,8.694,84,-0.31022167205810547,-0.4533690810203552,0.14314740896224976
GLN3,87,69,74,+,8.694,80,0.06310150027275085,-0.10201489925384521,0.16511639952659607
GLN3,87,431,436,+,8.694,93,0.15639835596084595,-0.6442950963973999,0.8006934523582458
GLN3,88,86,91,+,8.694,92,0.18654164671897888,-0.1682356297969818,0.3547772765159607
GLN3,89,67,72,+,8.694,93,0.013962268829345703,0.144089937210083,-0.1301276683807373
GLN3,90,393,398,+,8.694,100,-0.44611650705337524,-0.008126728236675262,-0.4379897788167
GLN3,93,15,20,+,8.694,54,-0.030542731285095215,0.13439202308654785,-0.16493475437164307
GLN3,96,234,239,+,8.694,46,-0.6216716766357422,-0.5839069485664368,-0.03776472806930542
GLN3,99,212,217,+,8.694,62,-0.737429141998291,0.12886373698711395,-0.866292878985405
GLN3,105,391,396,+,8.694,83,-0.174398273229599,-0.37385693192481995,0.19945865869522095
GLN3,106,145,150,+,8.694,82,-0.16977748274803162,0.00883263349533081,-0.17861011624336243
GLN3,106,226,231,+,8.694,100,-0.0731138214468956,0.26414358615875244,-0.33725740760564804
GLN3,106,417,422,+,8.694,100,-0.6710183620452881,0.3852959871292114,-1.0563143491744995
GLN3,107,297,302,+,8.694,75,-0.7055149078369141,-0.0561196506023407,-0.6493952572345734
GLN3,112,1,6,+,8.694,51,0.3629381060600281,0.4572654664516449,-0.09432736039161682
GLN3,112,410,415,+,8.694,92,-0.18895933032035828,2.1430323123931885,-2.3319916427135468
GLN3,114,434,439,+,8.694,100,-0.43373987078666687,0.08654481172561646,-0.5202846825122833
GLN3,115,199,204,+,8.694,78,-0.9673140048980713,0.11668653786182404,-1.0840005427598953
GLN3,116,245,250,+,8.694,100,-0.18478193879127502,0.3887360095977783,-0.5735179483890533
GLN3,120,80,85,+,8.694,85,0.18646666407585144,-0.42531728744506836,0.6117839515209198
GLN3,126,95,100,+,8.694,95,0.027611851692199707,-0.19843053817749023,0.22604238986968994
GLN3,131,421,426,+,8.694,76,0.32394278049468994,-0.029688477516174316,0.35363125801086426
GLN3,132,185,190,+,8.694,91,-0.8655958771705627,1.3775219917297363,-2.243117868900299
GLN3,134,433,438,+,8.694,80,-0.11378474533557892,-0.16133850812911987,0.047553762793540955
GLN3,134,442,447,+,8.694,88,0.39348822832107544,-0.312629759311676,0.7061179876327515
GLN3,140,104,109,+,8.694,79,0.18720588088035583,-0.17865222692489624,0.3658581078052521
GLN3,140,125,130,+,8.694,69,-0.46457439661026,0.33684241771698,-0.80141681432724
GLN3,140,470,475,+,8.694,75,-0.5961987376213074,-0.10225757956504822,-0.49394115805625916
GLN3,142,160,165,+,8.694,89,-0.41145986318588257,0.22375833988189697,-0.6352182030677795
GLN3,142,474,479,+,8.694,56,-0.06782828271389008,0.008359596133232117,-0.07618787884712219
GLN3,144,146,151,+,8.694,76,-0.3219228982925415,0.07600116729736328,-0.3979240655899048
GLN3,145,451,456,+,8.694,84,1.8048053979873657,0.23048368096351624,1.5743217170238495
GLN3,147,327,332,+,8.694,64,-0.30999821424484253,0.7610995173454285,-1.071097731590271
GLN3,148,245,250,+,8.694,84,0.5862071514129639,-0.03646472096443176,0.6226718723773956
GLN3,148,465,470,+,8.694,51,-0.035073697566986084,-0.1422731876373291,0.10719949007034302
GLN3,149,369,374,+,8.694,89,0.3659355640411377,-0.47727715969085693,0.8432127237319946
GLN3,151,165,170,+,8.694,74,-0.07655951380729675,0.12750571966171265,-0.2040652334690094
GLN3,152,257,262,+,8.694,95,0.031110664829611778,0.5366952419281006,-0.5055845770984888
GLN3,153,57,62,+,8.694,100,0.13813215494155884,0.12976479530334473,0.008367359638214111
GLN3,153,403,408,+,8.694,86,-0.9004592895507812,0.2369024157524109,-1.1373617053031921
GLN3,157,147,152,+,8.694,84,-0.21498903632164001,-0.3625437915325165,0.14755475521087646
GLN3,160,495,500,+,8.694,40,-0.11211171746253967,0.5206154584884644,-0.632727175951004
GLN3,162,25,30,+,8.694,67,0.5424826145172119,-0.658379852771759,1.200862467288971
GLN3,163,436,441,+,8.694,85,0.22518932819366455,-0.07546383142471313,0.3006531596183777
GLN3,164,446,451,+,8.694,75,0.48139846324920654,-0.1029239296913147,0.5843223929405212
GLN3,168,119,124,+,8.694,100,-0.27847689390182495,0.5455382466316223,-0.8240151405334473
GLN3,170,97,102,+,8.694,76,0.21305233240127563,-0.0285986065864563,0.24165093898773193
GLN3,172,276,281,+,8.694,50,-0.22967377305030823,-0.0004653036594390869,-0.22920846939086914
GLN3,172,286,291,+,8.694,45,0.12509886920452118,-0.11910867691040039,0.24420754611492157
GLN3,173,494,499,+,8.694,23,-0.31230849027633667,-0.024055778980255127,-0.28825271129608154
GLN3,180,266,271,+,8.694,74,-0.6306970119476318,-0.21469342708587646,-0.41600358486175537
GLN3,181,439,444,+,8.694,82,-0.31551840901374817,-0.08886927366256714,-0.22664913535118103
GLN3,182,15,20,+,8.694,58,-0.08765557408332825,0.4434461295604706,-0.5311017036437988
GLN3,184,197,202,+,8.694,95,0.061646439135074615,0.4479077458381653,-0.38626130670309067
GLN3,185,346,351,+,8.694,69,-0.09972412884235382,0.11886051297187805,-0.21858464181423187
GLN3,191,33,38,+,8.694,68,0.07574412226676941,-0.04683995246887207,0.12258407473564148
GLN3,192,2,7,+,8.694,32,0.024173974990844727,0.07958725094795227,-0.055413275957107544
GLN3,192,209,214,+,8.694,59,2.6659114360809326,-0.06843651086091995,2.7343479469418526
GLN3,193,7,12,+,8.694,31,-0.16286057233810425,-0.14120429754257202,-0.021656274795532227
GLN3,195,23,28,+,8.694,44,0.5560333728790283,0.5533952713012695,0.002638101577758789
GLN3,201,329,334,+,8.694,86,-0.5024468898773193,-0.3852778971195221,-0.11716899275779724
GLN3,206,431,436,+,8.694,100,-0.4081333577632904,-0.02835187315940857,-0.37978148460388184
GLN3,207,438,443,+,8.694,84,0.7183002233505249,-0.48976632952690125,1.2080665528774261
GLN3,212,125,130,+,8.694,65,0.09419809281826019,0.3900149464607239,-0.2958168536424637
GLN3,212,306,311,+,8.694,91,-0.31127429008483887,0.8336094617843628,-1.1448837518692017
GLN3,212,369,374,+,8.694,74,0.13901489973068237,1.7772231101989746,-1.6382082104682922
GLN3,214,106,111,+,8.694,42,0.2223617285490036,-0.08915716409683228,0.3115188926458359
GLN3,214,271,276,+,8.694,76,-0.19760507345199585,0.049431346356868744,-0.2470364198088646
GLN3,216,149,154,+,8.694,87,0.7868508100509644,0.11860146373510361,0.6682493463158607
GLN3,218,50,55,+,8.694,89,0.9921342134475708,-1.4104126691818237,2.4025468826293945
GLN3,221,307,312,+,8.694,71,0.5112630724906921,-0.14545169472694397,0.6567147672176361
GLN3,226,80,85,+,8.694,75,-0.1936914622783661,0.4775054454803467,-0.6711969077587128
GLN3,226,403,408,+,8.694,86,0.16726040840148926,0.3474629521369934,-0.18020254373550415
GLN3,228,342,347,+,8.694,100,-0.5112223625183105,-0.012036770582199097,-0.49918559193611145
GLN3,229,430,435,+,8.694,76,-0.12726260721683502,0.17454880475997925,-0.30181141197681427
GLN3,231,359,364,+,8.694,95,-0.2639923393726349,-0.18091925978660583,-0.08307307958602905
GLN3,234,40,45,+,8.694,84,-0.12430870532989502,0.5977802276611328,-0.7220889329910278
GLN3,234,254,259,+,8.694,55,0.39085784554481506,-0.0805995762348175,0.47145742177963257
GLN3,235,94,99,+,8.694,92,0.3262038826942444,0.2817893624305725,0.044414520263671875
GLN3,235,395,400,+,8.694,51,-0.5070955753326416,-0.19649195671081543,-0.31060361862182617
GLN3,235,409,414,+,8.694,45,-0.4588748514652252,0.1670863926410675,-0.6259612441062927
GLN3,239,451,456,+,8.694,78,0.6961641907691956,-1.016463041305542,1.7126272320747375
GLN3,242,71,76,+,8.694,75,0.3697393238544464,-0.4454151391983032,0.8151544630527496
GLN3,244,122,127,+,8.694,85,0.32076412439346313,-0.10017064213752747,0.4209347665309906
GLN3,244,189,194,+,8.694,89,0.08322598040103912,0.08156895637512207,0.0016570240259170532
GLN3,245,87,92,+,8.694,80,-0.13082939386367798,-0.40044060349464417,0.2696112096309662
GLN3,245,436,441,+,8.694,54,0.06838271021842957,0.02408003807067871,0.044302672147750854
GLN3,246,25,30,+,8.694,65,-0.33977818489074707,0.4549880027770996,-0.7947661876678467
GLN3,249,382,387,+,8.694,100,-0.09339302778244019,0.3535078465938568,-0.446900874376297
GLN3,252,282,287,+,8.694,78,-1.0233858823776245,-0.41723543405532837,-0.6061504483222961
GLN3,254,266,271,+,8.694,88,-0.13113293051719666,-0.3339966833591461,0.20286375284194946
GLN3,256,127,132,+,8.694,95,-0.17425429821014404,0.16115133464336395,-0.335405632853508
GLN3,257,246,251,+,8.694,95,0.07882344722747803,0.8203176259994507,-0.7414941787719727
GLN3,257,406,411,+,8.694,67,-0.25137755274772644,1.1366550922393799,-1.3880326449871063
GLN3,258,192,197,+,8.694,89,0.275861918926239,0.2063138484954834,0.06954807043075562
GLN3,260,260,265,+,8.694,85,-0.09168212115764618,-0.10806792974472046,0.01638580858707428
GLN3,260,367,372,+,8.694,79,-0.1287507712841034,0.5857939720153809,-0.7145447432994843
GLN3,261,182,187,+,8.694,50,0.275076299905777,0.026628553867340088,0.2484477460384369
GLN3,261,427,432,+,8.694,88,0.40198469161987305,-1.273362398147583,1.675347089767456
GLN3,268,395,400,+,8.694,86,-0.20891791582107544,-0.10500872135162354,-0.1039091944694519
GLN3,273,304,309,+,8.694,78,-0.07328636944293976,0.07121749222278595,-0.1445038616657257
GLN3,274,69,74,+,8.694,93,-0.23017406463623047,-0.02984992042183876,-0.2003241442143917
GLN3,274,320,325,+,8.694,100,0.19167786836624146,-0.3876551687717438,0.5793330371379852
GLN3,275,364,369,+,8.694,90,0.132180318236351,0.2647847533226013,-0.1326044350862503
GLN3,276,162,167,+,8.694,85,0.03497812896966934,1.1962900161743164,-1.161311887204647
GLN3,276,306,311,+,8.694,90,-0.29065239429473877,0.39291954040527344,-0.6835719347000122
GLN3,281,159,164,+,8.694,65,-0.2722156047821045,-0.48784157633781433,0.21562597155570984
GLN3,281,389,394,+,8.694,71,-0.33327847719192505,-0.3608338236808777,0.027555346488952637
GLN3,281,451,456,+,8.694,76,0.8747076988220215,-0.2762334942817688,1.1509411931037903
GLN3,283,460,465,+,8.694,85,-0.05215086787939072,-0.09090393781661987,0.038753069937229156
GLN3,290,470,475,+,8.694,64,0.18077394366264343,0.3281567096710205,-0.14738276600837708
GLN3,291,75,80,+,8.694,89,0.02848924696445465,0.2095433473587036,-0.18105410039424896
GLN3,292,170,175,+,8.694,80,0.05029529333114624,-0.42874765396118164,0.4790429472923279
GLN3,292,400,405,+,8.694,53,-0.02031254768371582,-0.16969257593154907,0.14938002824783325
GLN3,294,462,467,+,8.694,83,-0.03499592840671539,-0.3214843273162842,0.2864883989095688
GLN3,297,168,173,+,8.694,90,0.4886360168457031,0.973202109336853,-0.4845660924911499
GLN3,303,266,271,+,8.694,87,-0.663099467754364,-0.3001636564731598,-0.3629358112812042
GLN3,305,177,182,+,8.694,74,0.5362766981124878,-0.00010228157043457031,0.5363789796829224
GLN3,305,437,442,+,8.694,94,0.33763086795806885,0.9804394245147705,-0.6428085565567017
GLN3,306,71,76,+,8.694,85,0.007769227027893066,0.3094898462295532,-0.30172061920166016
GLN3,308,466,471,+,8.694,71,-0.699779212474823,-0.23743849992752075,-0.46234071254730225
GLN3,310,250,255,+,8.694,83,0.47338810563087463,0.7396399974822998,-0.26625189185142517
GLN3,311,103,108,+,8.694,84,-0.652805745601654,0.6700121164321899,-1.322817862033844
GLN3,312,408,413,+,8.694,86,-0.05726053565740585,-0.15639036893844604,0.09912983328104019
GLN3,313,393,398,+,8.694,65,0.32603713870048523,-0.212686225771904,0.5387233644723892
GLN3,314,92,97,+,8.694,82,-0.03788644075393677,0.19610503315925598,-0.23399147391319275
GLN3,315,260,265,+,8.694,79,0.3118290305137634,0.4935513436794281,-0.18172231316566467
GLN3,318,70,75,+,8.694,72,-0.055123090744018555,-0.1411190629005432,0.08599597215652466
GLN3,318,89,94,+,8.694,67,-0.2748797535896301,0.15247392654418945,-0.4273536801338196
GLN3,318,132,137,+,8.694,67,-0.09504789113998413,-0.310531347990036,0.21548345685005188
GLN3,318,222,227,+,8.694,72,-0.22319930791854858,-0.34961429238319397,0.12641498446464539
GLN3,318,228,233,+,8.694,72,0.27743643522262573,-0.563658595085144,0.8410950303077698
GLN3,318,239,244,+,8.694,72,-0.24901917576789856,-0.3737444281578064,0.12472525238990784
GLN3,318,455,460,+,8.694,82,0.8934984803199768,-0.6645445227622986,1.5580430030822754
GLN3,319,8,13,+,8.694,53,-0.18535736203193665,0.5021684169769287,-0.6875257790088654
GLN3,321,492,497,+,8.694,48,-0.08338844776153564,-0.38752448558807373,0.3041360378265381
GLN3,322,112,117,+,8.694,78,-0.061686038970947266,0.042282313108444214,-0.10396835207939148
GLN3,324,31,36,+,8.694,81,-0.029895544052124023,-0.3904176652431488,0.3605221211910248
GLN3,324,167,172,+,8.694,67,-0.07174569368362427,-0.5632097721099854,0.4914640784263611
GLN3,326,456,461,+,8.694,89,-0.3156093955039978,0.724975049495697,-1.0405844449996948
GLN3,328,54,59,+,8.694,90,-0.020456314086914062,-0.38699203729629517,0.3665357232093811
GLN3,328,123,128,+,8.694,72,0.015873968601226807,0.40203794836997986,-0.38616397976875305
GLN3,330,99,104,+,8.694,79,-0.08924844861030579,-0.15846490859985352,0.06921645998954773
GLN3,331,427,432,+,8.694,95,-0.5514467358589172,-0.25455018877983093,-0.2968965470790863
GLN3,333,109,114,+,8.694,74,0.056965529918670654,0.3426075577735901,-0.28564202785491943
GLN3,336,355,360,+,8.694,87,1.194104790687561,0.5814917087554932,0.6126130819320679
GLN3,339,169,174,+,8.694,92,-0.09998710453510284,0.7687941789627075,-0.8687812834978104
GLN3,342,232,237,+,8.694,100,0.2307305634021759,-0.15621653199195862,0.3869470953941345
GLN3,344,443,448,+,8.694,100,-0.3917416036128998,0.43125608563423157,-0.8229976892471313
GLN3,346,254,259,+,8.694,54,0.4921867251396179,0.6122144460678101,-0.12002772092819214
GLN3,346,260,265,+,8.694,58,0.3465423583984375,0.3375566005706787,0.008985757827758789
GLN3,349,38,43,+,8.694,72,0.6065058708190918,-1.5263671875,2.132873058319092
GLN3,349,111,116,+,8.694,94,-0.33210745453834534,-0.9428126811981201,0.6107052266597748
GLN3,349,304,309,+,8.694,59,-0.18730351328849792,-0.7246853113174438,0.5373817980289459
GLN3,351,218,223,+,8.694,81,-0.22068363428115845,-0.4585568308830261,0.23787319660186768
GLN3,352,93,98,+,8.694,99,-0.09315919876098633,-0.3905882239341736,0.29742902517318726
GLN3,354,62,67,+,8.694,80,-0.404655784368515,1.1062909364700317,-1.5109467208385468
GLN3,355,490,495,+,8.694,49,-0.05553826689720154,-0.32696646451950073,0.2714281976222992
GLN3,358,214,219,+,8.694,83,-0.0325547456741333,0.02582743763923645,-0.05838218331336975
GLN3,360,270,275,+,8.694,65,-0.2971661686897278,0.32421013712882996,-0.6213763058185577
GLN3,360,345,350,+,8.694,94,-0.1625806987285614,0.3955356776714325,-0.5581163763999939
GLN3,364,181,186,+,8.694,94,-0.2743617594242096,-0.4585373103618622,0.1841755509376526
GLN3,366,468,473,+,8.694,63,-0.573508620262146,0.12609903514385223,-0.6996076554059982
GLN3,369,108,113,+,8.694,43,-0.7951991558074951,-0.6834119558334351,-0.11178719997406006
GLN3,369,146,151,+,8.694,65,-0.20097705721855164,-0.5776669979095459,0.37668994069099426
GLN3,371,434,439,+,8.694,80,0.09899494051933289,-0.8812612295150757,0.9802561700344086
GLN3,372,482,487,+,8.694,59,-0.20142562687397003,3.190791368484497,-3.392216995358467
GLN3,375,42,47,+,8.694,92,0.2269565314054489,0.3137342929840088,-0.08677776157855988
GLN3,377,85,90,+,8.694,86,0.48896142840385437,-0.46025988459587097,0.9492213129997253
GLN3,383,0,5,+,8.694,50,0.19029957056045532,-0.1752242147922516,0.3655237853527069
GLN3,384,323,328,+,8.694,86,-0.5326890349388123,0.3877343535423279,-0.9204233884811401
GLN3,384,399,404,+,8.694,87,-0.08896753191947937,0.47224101424217224,-0.5612085461616516
GLN3,387,144,149,+,8.694,85,0.0013583377003669739,0.8166584372520447,-0.8153000995516777
GLN3,388,347,352,+,8.694,72,0.7204570770263672,-0.18825361132621765,0.9087106883525848
GLN3,389,458,463,+,8.694,82,-0.09406210482120514,0.5293452739715576,-0.6234073787927628
GLN3,393,242,247,+,8.694,91,-0.41059112548828125,0.03397338092327118,-0.44456450641155243
GLN3,394,427,432,+,8.694,91,-0.3719803988933563,-0.4620828926563263,0.09010249376296997
GZF3,0,103,113,+,9.057,55,0.02300095558166504,-0.08181127905845642,0.10481223464012146
GZF3,0,179,189,+,8.894,52,0.5271441340446472,0.08694997429847717,0.44019415974617004
GZF3,20,471,481,+,8.847,50,-0.25621381402015686,0.41215193271636963,-0.6683657467365265
GZF3,25,268,278,-,9.46,73,0.1464190036058426,-0.12720361351966858,0.27362261712551117
GZF3,31,310,320,-,8.789,79,0.09693735837936401,-0.048754025250673294,0.1456913836300373
GZF3,73,297,307,+,8.928,73,2.1651387214660645e-05,0.09203211218118668,-0.09201046079397202
GZF3,83,435,445,+,9.446,90,-0.1831687092781067,-0.08752161264419556,-0.09564709663391113
GZF3,136,324,334,-,9.463,67,-0.1915527880191803,-0.030492782592773438,-0.16106000542640686
GZF3,152,24,34,-,9.354,65,0.03425094485282898,-0.4563344120979309,0.4905853569507599
GZF3,191,30,40,+,9.446,70,-0.4633278250694275,-0.47364377975463867,0.010315954685211182
GZF3,214,303,313,-,8.951,81,-0.12390166521072388,-0.0874333381652832,-0.036468327045440674
GZF3,234,37,47,+,9.261,86,-0.04076814651489258,0.24476076662540436,-0.28552891314029694
GZF3,260,60,70,-,9.057,55,-0.3125092387199402,-0.4707149863243103,0.15820574760437012
GZF3,261,103,113,+,9.057,55,0.02098652720451355,-0.08002698421478271,0.10101351141929626
GZF3,261,179,189,+,8.894,52,0.5259129405021667,0.08588966727256775,0.440023273229599
GZF3,277,434,444,-,9.282,82,-0.37017011642456055,1.0033646821975708,-1.3735347986221313
GZF3,338,477,487,-,8.73,50,0.23993007838726044,-0.7868562936782837,1.0267863720655441
GZF3,350,329,339,-,8.763,90,3.165147066116333,-0.2405768632888794,3.4057239294052124
GZF3,359,411,421,-,9.673,80,-0.42581456899642944,0.7687416672706604,-1.1945562362670898
GZF3,369,105,115,+,8.73,46,-0.7239198684692383,-0.5434367060661316,-0.1804831624031067
HAC1,103,181,193,-,11.0,80,-0.14982245862483978,0.35556381940841675,-0.5053862780332565
HAC1,115,176,188,+,11.599,87,0.13828302919864655,-0.3784542679786682,0.5167372971773148
HAC1,117,217,229,+,11.461,47,-0.3602220118045807,-0.384431391954422,0.02420938014984131
HAC1,119,268,280,-,11.943,82,-0.17871606349945068,1.064894437789917,-1.2436105012893677
HAC1,136,104,116,+,11.39,68,-0.38088518381118774,0.0024551749229431152,-0.38334035873413086
HAC1,179,40,52,+,13.408,55,0.7946943640708923,0.21224381029605865,0.5824505537748337
HAC1,179,414,426,+,13.278,88,0.042643070220947266,0.3147730827331543,-0.27213001251220703
HAC1,180,93,105,-,13.408,59,0.5518658757209778,-0.9192874431610107,1.4711533188819885
HAC1,181,453,465,+,11.019,71,-0.24521000683307648,0.10778945684432983,-0.3529994636774063
HAC1,182,240,252,-,11.019,89,0.08918585628271103,0.31581398844718933,-0.2266281321644783
HAC1,190,445,457,+,11.976,81,0.9975669980049133,0.021243929862976074,0.9763230681419373
HAC1,196,73,85,-,12.01,80,0.007686823606491089,0.19673846662044525,-0.18905164301395416
HAC1,272,119,131,-,15.622,70,-0.03705090284347534,-0.1992376446723938,0.16218674182891846
HAC1,273,344,356,-,11.859,78,-0.02593517303466797,0.5102095603942871,-0.5361447334289551
HAC1,278,134,146,-,11.019,95,-0.2513260245323181,1.5080697536468506,-1.7593957781791687
HAC1,311,339,351,-,11.624,83,0.5147883296012878,0.26784059405326843,0.2469477355480194
HAC1,312,120,132,+,11.537,79,-0.29772964119911194,-0.05798880010843277,-0.23974084109067917
HAC1,313,24,36,-,11.537,53,-0.01796090602874756,0.1287858933210373,-0.14674679934978485
HAC1,319,334,346,-,11.034,81,0.14723455905914307,-0.593915581703186,0.7411501407623291
HAC1,321,200,212,+,12.484,53,-0.13413786888122559,-0.17555978894233704,0.04142192006111145
HAC1,323,77,89,+,12.15,96,0.11138272285461426,0.08539238572120667,0.025990337133407593
HAC1,324,414,426,+,12.15,96,0.7466508150100708,0.5540319085121155,0.19261890649795532
HAC1,329,348,360,+,13.454,93,-0.010396003723144531,0.1092011034488678,-0.11959710717201233
HAC1,332,434,446,+,12.15,78,-0.014588970690965652,0.15192626416683197,-0.16651523485779762
HAC1,358,279,291,-,11.065,100,2.3512558937072754,-0.1962074339389801,2.5474633276462555
HAL9.1,2,32,42,-,8.947,44,-0.09308433532714844,-0.24182409048080444,0.148739755153656
HAL9.1,5,273,283,-,9.767,83,-0.06643714010715485,-0.338706374168396,0.27226923406124115
HAL9.1,8,309,319,+,8.961,90,0.4614785313606262,-0.02253160998225212,0.48401014134287834
HAL9.1,22,208,218,+,9.879,85,0.5208951234817505,0.3081836402416229,0.21271148324012756
HAL9.1,53,23,33,+,8.979,59,-0.03376293182373047,1.184504508972168,-1.2182674407958984
HAL9.1,72,47,57,+,9.781,73,-0.02780941128730774,0.4695560038089752,-0.49736541509628296
HAL9.1,110,267,277,-,8.942,72,0.523000955581665,-0.11056765168905258,0.6335686072707176
HAL9.1,136,200,210,-,9.214,56,0.17621736228466034,-0.0496140718460083,0.22583143413066864
HAL9.1,136,328,338,-,8.918,67,-0.2847917377948761,-0.3344423174858093,0.04965057969093323
HAL9.1,137,43,53,+,9.255,77,-0.3326762020587921,-0.3662891685962677,0.033612966537475586
HAL9.1,140,9,19,-,9.208,53,-0.09663234651088715,0.3347657322883606,-0.43139807879924774
HAL9.1,157,167,177,-,9.134,84,-0.2196502685546875,0.6739256381988525,-0.89357590675354
HAL9.1,166,5,15,-,8.968,39,-0.05221518874168396,0.18358281254768372,-0.23579800128936768
HAL9.1,235,423,433,-,9.071,50,0.49908512830734253,-0.19993221759796143,0.699017345905304
HAL9.1,251,198,208,+,9.004,84,0.1554349809885025,-0.659088671207428,0.8145236521959305
HAL9.1,260,374,384,+,9.05,80,-0.2168242335319519,0.0902068242430687,-0.3070310577750206
HAL9.1,275,77,87,-,9.237,78,-0.16457048058509827,-0.2851780951023102,0.12060761451721191
HAL9.1,290,247,257,+,8.936,86,-0.5179946422576904,-0.8999483585357666,0.38195371627807617
HAL9.1,291,298,308,-,8.936,86,-0.4713907837867737,0.9000933170318604,-1.371484100818634
HAL9.1,304,79,89,+,9.277,49,0.2386493682861328,-0.13708055019378662,0.37572991847991943
HAL9.1,307,268,278,+,9.036,69,-0.11010915040969849,-0.22896438837051392,0.11885523796081543
HAL9.1,307,312,322,-,9.088,59,-0.24507485330104828,-0.2861471176147461,0.041072264313697815
HAL9.1,316,404,414,-,9.047,87,-0.04280344396829605,0.2527669072151184,-0.29557035118341446
HAL9.1,335,468,478,+,9.129,66,-0.23148635029792786,0.36047136783599854,-0.5919577181339264
HAL9.1,345,273,283,-,9.767,83,-0.06648267805576324,-0.3426949679851532,0.27621228992938995
HAL9.1,346,328,338,+,9.154,78,-0.37385520339012146,0.2057628184556961,-0.5796180218458176
HAL9.1,395,54,64,-,8.964,66,-0.2977869212627411,0.2422991394996643,-0.5400860607624054
HAL9.2,0,127,145,-,11.913,55,-0.008375734090805054,1.0936628580093384,-1.1020385921001434
HAL9.2,44,417,435,-,13.823,94,0.27840274572372437,0.08041870594024658,0.19798403978347778
HAL9.2,56,136,154,-,12.303,95,-0.08749708533287048,0.4207627475261688,-0.5082598328590393
HAL9.2,63,277,295,+,12.074,91,0.45651090145111084,-0.31395864486694336,0.7704695463180542
HAL9.2,66,70,88,+,13.521,83,0.08481639623641968,-0.10624068975448608,0.19105708599090576
HAL9.2,67,181,199,-,13.521,81,0.14549481868743896,0.061953961849212646,0.08354085683822632
HAL9.2,98,256,274,+,13.365,72,-0.09916733205318451,-0.5559349656105042,0.45676763355731964
HAL9.2,110,453,471,-,11.918,70,0.11360883712768555,-0.17691805958747864,0.2905268967151642
HAL9.2,111,204,222,-,12.295,51,0.02703910693526268,-0.15310634672641754,0.18014545366168022
HAL9.2,113,187,205,+,11.81,87,0.013874977827072144,-0.17018964886665344,0.18406462669372559
HAL9.2,149,455,473,+,13.906,55,0.8321670293807983,0.70533287525177,0.12683415412902832
HAL9.2,157,340,358,-,13.692,91,-0.1451810598373413,0.2554596960544586,-0.4006407558917999
HAL9.2,163,72,90,-,13.869,65,-0.1401442587375641,0.2254433035850525,-0.3655875623226166
HAL9.2,168,302,320,+,13.285,88,-0.08633504807949066,0.37621545791625977,-0.4625505059957504
HAL9.2,195,46,64,+,13.029,80,0.5181093811988831,0.3663032054901123,0.15180617570877075
HAL9.2,212,400,418,+,11.815,72,-0.3839689791202545,0.2637079656124115,-0.647676944732666
HAL9.2,214,455,473,-,15.723,77,0.02896028757095337,0.16735824942588806,-0.1383979618549347
HAL9.2,219,26,44,-,14.663,66,-0.06857967376708984,0.1565798819065094,-0.22515955567359924
HAL9.2,231,129,147,+,12.56,84,-0.08278617262840271,-0.2844402492046356,0.2016540765762329
HAL9.2,236,0,18,-,13.188,43,-0.7478369474411011,1.526578426361084,-2.274415373802185
HAL9.2,237,65,83,+,16.382,77,-0.14311820268630981,0.026547804474830627,-0.16966600716114044
HAL9.2,254,479,497,-,12.675,53,0.2693931460380554,-0.16570714116096497,0.4351002871990204
HAL9.2,259,98,116,-,15.275,74,-0.17230792343616486,0.5225300788879395,-0.6948380023241043
HAL9.2,260,28,46,+,11.913,51,0.38499876856803894,1.0709055662155151,-0.6859067976474762
HAL9.2,261,127,145,-,11.913,55,-0.006152451038360596,1.088172197341919,-1.0943246483802795
HAL9.2,307,257,275,+,14.954,77,-0.019222378730773926,0.10510934889316559,-0.12433172762393951
HAL9.2,333,105,123,+,11.907,87,0.043450891971588135,0.0847616195678711,-0.04131072759628296
HAL9.2,342,364,382,+,12.444,75,-0.24629801511764526,0.6627065539360046,-0.9090045690536499
HAL9.2,372,0,18,+,11.992,39,-0.09761655330657959,0.3669484853744507,-0.4645650386810303
HAL9.2,384,387,405,-,11.925,92,-0.1714809685945511,0.4951512813568115,-0.6666322499513626
HAL9.2,394,55,73,-,13.337,59,0.033376485109329224,0.1483832150697708,-0.11500672996044159
HAL9.2,395,481,499,-,13.337,35,-0.47906628251075745,0.12231564521789551,-0.601381927728653
HAP1,53,3,16,+,12.022,43,0.006121933460235596,-0.47552740573883057,0.48164933919906616
HAP1,55,443,456,-,11.214,71,1.4692010879516602,-0.9089840054512024,2.3781850934028625
HAP1,92,104,117,+,11.099,65,0.03024451807141304,0.19767716526985168,-0.16743264719843864
HAP1,123,375,388,+,11.079,100,0.2694925367832184,-0.2672167122364044,0.5367092490196228
HAP1,127,443,456,-,11.214,94,1.4573429822921753,-0.005295425653457642,1.462638407945633
HAP1,175,65,78,+,12.38,81,-0.11356759071350098,0.3176490366458893,-0.43121662735939026
HAP1,201,271,284,-,13.62,81,-0.4146796464920044,-0.4086310863494873,-0.00604856014251709
HAP1,228,474,487,+,13.802,51,-0.22714641690254211,0.007998138666152954,-0.23514455556869507
HAP1,234,367,380,+,11.048,90,-0.24182356894016266,0.3972513675689697,-0.6390749365091324
HAP1,239,443,456,-,13.04,86,0.5022590160369873,0.14703170955181122,0.3552273064851761
HAP1,245,386,399,+,14.709,58,0.8769035339355469,0.38871002197265625,0.4881935119628906
HAP1,246,412,425,-,11.027,74,0.29343730211257935,-0.24446803331375122,0.5379053354263306
HAP1,262,89,102,+,12.209,100,-0.1485290676355362,-0.2687130570411682,0.12018398940563202
HAP1,272,193,206,-,12.301,95,-0.09250074625015259,0.21141667664051056,-0.30391742289066315
HAP1,272,347,360,-,12.742,77,-0.3292427062988281,0.29893338680267334,-0.6281760931015015
HAP1,290,385,398,+,10.946,84,-0.20557527244091034,0.25482243299484253,-0.46039770543575287
HAP1,291,157,170,-,10.946,84,-0.11865594983100891,0.06335218250751495,-0.18200813233852386
HAP1,294,397,410,+,11.99,90,0.13060255348682404,0.38580062985420227,-0.25519807636737823
HAP1,349,30,43,-,13.005,72,0.6745215654373169,-1.1418122053146362,1.8163337707519531
HAP1,370,465,478,+,11.104,67,-0.11811627447605133,0.1663544923067093,-0.2844707667827606
HAP4,26,297,312,+,11.694,88,-0.10797640681266785,-0.22010104358196259,0.11212463676929474
HAP4,34,177,192,+,15.84,79,-0.1266924887895584,0.02434098720550537,-0.15103347599506378
HAP4,51,183,198,+,12.528,80,0.14780403673648834,-0.17991532385349274,0.3277193605899811
HAP4,73,268,283,+,14.008,77,0.014584779739379883,-0.557194709777832,0.5717794895172119
HAP4,91,122,137,+,12.303,88,-0.24015073478221893,0.16732490062713623,-0.40747563540935516
HAP4,97,241,256,+,15.632,57,0.06794115900993347,0.29771333932876587,-0.2297721803188324
HAP4,97,250,265,-,11.212,57,0.03386664390563965,-0.14543859660625458,0.17930524051189423
HAP4,99,263,278,+,14.176,56,-0.0836571455001831,0.885610818862915,-0.9692679643630981
HAP4,121,141,156,+,13.17,84,-0.07320380210876465,0.5708662271499634,-0.644070029258728
HAP4,122,74,89,-,12.205,86,-0.12859266996383667,-0.0469948947429657,-0.08159777522087097
HAP4,123,283,298,-,12.587,100,-0.33822470903396606,0.25078755617141724,-0.5890122652053833
HAP4,182,122,137,+,13.674,98,-0.04368135333061218,-0.6258583068847656,0.5821769535541534
HAP4,192,26,41,-,11.983,53,-0.019735872745513916,-0.4023197889328003,0.3825839161872864
HAP4,195,188,203,+,14.882,72,0.2109188735485077,-0.26638263463974,0.4773015081882477
HAP4,207,251,266,+,16.92,66,-0.10030829906463623,-0.16458415985107422,0.06427586078643799
HAP4,225,236,251,-,13.095,84,-0.3035440444946289,-0.10678605735301971,-0.1967579871416092
HAP4,236,78,93,-,11.754,100,0.14012561738491058,-0.11044171452522278,0.25056733191013336
HAP4,240,45,60,-,11.235,82,-0.5954791307449341,-0.11367756128311157,-0.4818015694618225
HAP4,254,206,221,+,12.619,78,-0.260495126247406,-0.7263700366020203,0.46587491035461426
HAP4,281,334,349,+,12.81,84,0.03556491434574127,-0.1301550269126892,0.16571994125843048
HAP4,306,453,468,-,11.246,82,0.30154865980148315,0.7065940499305725,-0.40504539012908936
HAP4,316,151,166,+,14.834,65,0.3481055498123169,0.4328732490539551,-0.08476769924163818
HAP4,317,65,80,-,14.834,65,0.21081772446632385,0.277732253074646,-0.06691452860832214
HAP4,350,329,344,-,14.987,95,2.0384504795074463,-0.39041250944137573,2.428862988948822
HAP4,395,51,66,+,12.363,70,-0.4163137972354889,0.045749664306640625,-0.4620634615421295
HCM1,11,105,113,+,10.711,83,-0.022106677293777466,0.2919386029243469,-0.3140452802181244
HCM1,20,86,94,+,10.711,100,0.010635852813720703,-0.04440182447433472,0.05503767728805542
HCM1,26,78,86,-,10.711,84,-0.39669379591941833,0.635124683380127,-1.0318184792995453
HCM1,51,24,32,-,10.711,69,-0.08380007743835449,-0.0723223090171814,-0.011477768421173096
HCM1,72,1,9,+,10.711,31,-0.03810626268386841,-0.06943827867507935,0.03133201599121094
HCM1,77,381,389,+,10.711,62,0.02478349208831787,-0.26298412680625916,0.287767618894577
HCM1,78,80,88,-,10.711,79,0.09697195887565613,0.38895201683044434,-0.2919800579547882
HCM1,79,435,443,+,10.711,89,-0.5585541725158691,0.2073521614074707,-0.7659063339233398
HCM1,84,430,438,+,10.711,95,-0.306289941072464,0.2113543003797531,-0.5176442414522171
HCM1,90,17,25,-,10.711,51,0.12278670072555542,0.5341052412986755,-0.4113185405731201
HCM1,91,415,423,+,10.711,93,-0.3145180940628052,0.07574909925460815,-0.39026719331741333
HCM1,116,346,354,-,10.711,65,-0.2883203625679016,-0.20786988735198975,-0.08045047521591187
HCM1,116,374,382,-,10.711,75,0.5624002814292908,-0.023529052734375,0.5859293341636658
HCM1,127,74,82,-,10.711,100,0.002077758312225342,-0.23446877300739288,0.23654653131961823
HCM1,134,24,32,+,10.711,60,0.06073892116546631,-0.38482779264450073,0.44556671380996704
HCM1,137,212,220,+,10.711,87,-0.7571063041687012,-0.07337471842765808,-0.6837315857410431
HCM1,159,389,397,+,10.711,81,-0.045137107372283936,0.1467629075050354,-0.19190001487731934
HCM1,171,429,437,+,10.711,75,-0.12088659405708313,-0.6990351676940918,0.5781485736370087
HCM1,314,49,57,+,10.711,83,0.48897504806518555,0.5512393116950989,-0.06226426362991333
HCM1,336,356,364,+,10.711,89,0.9732442498207092,0.8801414370536804,0.09310281276702881
HCM1,342,293,301,-,10.711,95,0.2554643452167511,-0.1347809135913849,0.390245258808136
HCM1,364,309,317,+,10.711,93,1.1843189001083374,-0.14671999216079712,1.3310388922691345
HCM1,365,136,144,+,10.711,93,0.12076796591281891,0.14612974226474762,-0.02536177635192871
INO2,6,203,212,+,11.238,79,0.01696338877081871,-0.2701815366744995,0.2871449254453182
INO2,49,471,480,+,13.666,70,-0.08329015970230103,0.24696922302246094,-0.33025938272476196
INO2,116,77,86,-,11.238,77,0.10278722643852234,-0.6301865577697754,0.7329737842082977
INO2,117,94,103,+,11.238,77,0.18966034054756165,-0.03789781033992767,0.22755815088748932
INO2,135,471,480,+,13.666,59,-0.24526816606521606,0.7282606363296509,-0.9735288023948669
INO2,142,291,300,-,13.087,94,-0.506230354309082,-0.3507983088493347,-0.15543204545974731
INO2,157,198,207,+,12.0,79,-0.22315432131290436,-0.048922955989837646,-0.1742313653230667
INO2,163,124,133,-,11.212,71,0.5974428057670593,0.21306899189949036,0.38437381386756897
INO2,163,303,312,+,12.211,90,-0.26886796951293945,0.16243401169776917,-0.4313019812107086
INO2,227,197,206,+,12.145,82,-0.1373438835144043,0.02744734287261963,-0.16479122638702393
INO2,282,473,482,+,11.058,55,0.10238233208656311,-0.5253616571426392,0.6277439892292023
INO2,283,110,119,-,11.058,70,0.1412981152534485,0.0518052875995636,0.08949282765388489
INO2,299,46,55,+,12.0,89,0.05378928780555725,0.6905624866485596,-0.6367731988430023
INO2,312,335,344,+,12.211,85,0.023658767342567444,-0.0872783288359642,0.11093709617853165
INO2,324,272,281,+,14.185,95,0.47078797221183777,-0.33285146951675415,0.8036394417285919
INO2,330,407,416,+,11.124,86,1.1373876333236694,-0.06268289685249329,1.2000705301761627
INO2,381,321,330,+,13.038,94,2.958414077758789,0.20175635814666748,2.7566577196121216
INO2,386,203,212,+,11.238,79,0.018136441707611084,-0.26652616262435913,0.2846626043319702
LEU3.2,8,446,456,-,11.262,80,0.3628099858760834,-0.01636141538619995,0.3791714012622833
LEU3.2,52,42,52,+,12.029,50,0.03090539574623108,0.003884732723236084,0.027020663022994995
LEU3.2,80,148,158,-,11.676,77,-0.07769167423248291,1.188225269317627,-1.2659169435501099
LEU3.2,140,13,23,-,12.357,57,-0.19031056761741638,0.43022382259368896,-0.6205343902111053
LEU3.2,146,146,156,+,12.739,68,0.6674045920372009,-0.0705636739730835,0.7379682660102844
LEU3.2,146,341,351,+,11.646,100,0.37695813179016113,0.4703931212425232,-0.09343498945236206
LEU3.2,167,66,76,-,11.271,71,-0.6975295543670654,-0.3116201162338257,-0.38590943813323975
LEU3.2,179,215,225,+,12.126,99,0.172504723072052,-0.2861213982105255,0.4586261212825775
LEU3.2,195,253,263,-,11.397,67,-0.26835325360298157,-0.07630820572376251,-0.19204504787921906
LEU3.2,207,237,247,-,12.237,63,-0.7634947299957275,-0.09360727667808533,-0.6698874533176422
LEU3.2,209,155,165,+,11.527,75,-0.09100949764251709,-0.23366612195968628,0.1426566243171692
LEU3.2,223,482,492,+,12.126,44,0.227105051279068,-0.1397840976715088,0.3668891489505768
LEU3.2,227,78,88,+,11.458,69,-0.1427379548549652,0.310943603515625,-0.4536815583705902
LEU3.2,235,446,456,-,11.262,63,1.5821504592895508,-0.4634341597557068,2.0455846190452576
LEU3.2,243,326,336,+,11.144,83,-0.3388436436653137,-0.42718663811683655,0.08834299445152283
LEU3.2,258,403,413,-,11.211,80,0.1327999383211136,-0.2857547402381897,0.4185546785593033
LEU3.2,290,135,145,+,11.263,94,-0.13192057609558105,-0.2184547781944275,0.08653420209884644
LEU3.2,291,410,420,-,11.263,94,-0.142316997051239,1.016973853111267,-1.159290850162506
LEU3.2,320,191,201,+,11.909,72,-0.1518075317144394,0.5630536675453186,-0.714861199259758
LYS14.2,13,250,265,-,8.227,95,-0.5101666450500488,0.09868225455284119,-0.60884889960289
LYS14.2,42,134,149,+,12.017,100,-0.0555557906627655,-0.21925273537635803,0.16369694471359253
LYS14.2,58,281,296,-,13.267,90,0.057501792907714844,0.39974623918533325,-0.3422444462776184
LYS14.2,59,74,89,-,15.376,81,0.7327877283096313,-0.6353011727333069,1.3680889010429382
LYS14.2,78,86,101,-,12.01,85,-0.03886592388153076,0.14807990193367004,-0.1869458258152008
LYS14.2,86,307,322,+,8.965,60,-0.6446893215179443,0.025005996227264404,-0.6696953177452087
LYS14.2,90,26,41,-,10.032,67,-0.041747599840164185,-0.08053410053253174,0.038786500692367554
LYS14.2,95,245,260,+,9.045,83,-0.3304066061973572,-0.6913623809814453,0.36095577478408813
LYS14.2,172,173,188,+,8.973,89,-0.34975969791412354,0.03219956159591675,-0.3819592595100403
LYS14.2,173,391,406,+,8.973,89,-0.4251324534416199,0.563604474067688,-0.9887369275093079
LYS14.2,210,325,340,-,15.453,59,0.4542851746082306,-0.16712148487567902,0.6214066594839096
LYS14.2,295,302,317,-,16.089,90,-0.3912193179130554,-0.35043931007385254,-0.04078000783920288
LYS14.2,301,57,72,-,13.301,100,-0.2437899112701416,-0.09521335363388062,-0.148576557636261
LYS14.2,329,113,128,-,11.911,76,0.7017754912376404,0.04001128673553467,0.6617642045021057
LYS14.2,362,170,185,+,12.856,95,-0.11209294945001602,0.06100061535835266,-0.17309356480836868
LYS14.2,367,156,171,-,12.755,84,0.9378105998039246,0.5566240549087524,0.3811865448951721
MAC1,45,208,216,-,11.151,68,0.6862027049064636,0.28269025683403015,0.40351244807243347
MAC1,45,249,257,-,15.661,45,0.16869565844535828,0.3372575640678406,-0.1685619056224823
MAC1,45,262,270,+,15.858,50,-0.18295568227767944,0.6873371005058289,-0.8702927827835083
MAC1,45,277,285,-,13.311,55,0.3449955880641937,0.9575982093811035,-0.6126026213169098
MAC1,57,148,156,+,11.151,84,0.024097412824630737,0.879137396812439,-0.8550399839878082
MAC1,57,154,162,-,15.661,84,-0.17573192715644836,0.7410289645195007,-0.9167608916759491
MAC1,62,56,64,+,15.661,87,-0.287977397441864,0.9839050769805908,-1.2718824744224548
MAC1,62,274,282,+,11.348,79,0.06811347603797913,1.0489786863327026,-0.9808652102947235
MAC1,63,234,242,-,11.26,69,-0.05535581707954407,0.03145000338554382,-0.08680582046508789
MAC1,71,166,174,+,15.661,77,-0.2881062626838684,-0.8453150987625122,0.5572088360786438
MAC1,77,333,341,+,11.151,82,0.415798157453537,-0.041822828352451324,0.4576209858059883
MAC1,88,320,328,-,11.348,76,-0.35110175609588623,0.25651055574417114,-0.6076123118400574
MAC1,96,259,267,+,15.858,46,0.15624064207077026,0.26112958788871765,-0.10488894581794739
MAC1,106,156,164,+,12.986,85,0.3074602484703064,0.057913124561309814,0.24954712390899658
MAC1,120,276,284,-,13.183,68,-0.6535255908966064,0.18140164017677307,-0.8349272310733795
MAC1,121,306,314,+,11.151,79,0.034374088048934937,-0.31901463866233826,0.3533887267112732
MAC1,122,79,87,-,15.661,79,-0.07690383493900299,-0.17578217387199402,0.09887833893299103
MAC1,143,366,374,+,11.156,89,-0.30265936255455017,0.1441451758146286,-0.44680453836917877
MAC1,173,26,34,+,11.151,63,0.09040318429470062,0.02826213836669922,0.062141045928001404
MAC1,174,364,372,-,11.151,87,-0.2732997536659241,-0.0956498235464096,-0.17764993011951447
MAC1,235,196,204,+,11.348,88,0.025323815643787384,0.023571990430355072,0.001751825213432312
MAC1,285,386,394,+,11.156,94,-0.20193634927272797,-0.21694982051849365,0.015013471245765686
MAC1,326,276,284,-,11.348,85,1.3794639110565186,-0.045229822397232056,1.4246937334537506
MAC1,327,66,74,+,11.348,84,-0.18302762508392334,0.014965176582336426,-0.19799280166625977
MAC1,338,238,246,+,11.26,82,0.2425229549407959,-0.4579218029975891,0.700444757938385
MAC1,341,223,231,-,11.151,94,-0.3691936731338501,-0.45441219210624695,0.08521851897239685
MAC1,366,222,230,+,11.156,73,0.2164660096168518,-0.4036282002925873,0.6200942099094391
MAC1,377,492,500,+,11.151,45,0.3369220495223999,-0.11242711544036865,0.44934916496276855
MATALPHA2,9,315,321,+,9.632,69,0.015869006514549255,-0.22653138637542725,0.2424003928899765
MATALPHA2,11,249,255,-,9.632,85,1.01584792137146,0.8609693050384521,0.1548786163330078
MATALPHA2,16,317,323,-,9.632,90,-0.3264356851577759,-0.496981680393219,0.17054599523544312
MATALPHA2,19,210,216,-,9.632,87,0.2312820553779602,0.412203848361969,-0.1809217929840088
MATALPHA2,19,280,286,+,9.632,88,0.2196732461452484,0.1519709825515747,0.0677022635936737
MATALPHA2,19,282,288,-,9.632,88,0.09672315418720245,0.2602783441543579,-0.16355518996715546
MATALPHA2,21,203,209,+,9.632,91,-0.09646931290626526,0.8916941285133362,-0.9881634414196014
MATALPHA2,21,281,287,-,9.632,81,-0.21272777020931244,-0.052664607763290405,-0.16006316244602203
MATALPHA2,31,349,355,-,9.632,90,0.057444531470537186,1.0297449827194214,-0.9723004512488842
MATALPHA2,51,215,221,+,9.632,77,-0.13922050595283508,0.42266926169395447,-0.5618897676467896
MATALPHA2,51,304,310,-,9.632,100,-0.03306996077299118,0.5814781785011292,-0.6145481392741203
MATALPHA2,52,228,234,+,9.632,79,0.487598717212677,-0.015352204442024231,0.5029509216547012
MATALPHA2,73,295,301,-,9.632,71,-0.043991945683956146,0.19074919819831848,-0.23474114388227463
MATALPHA2,74,3,9,-,9.632,48,0.18415403366088867,0.1330607384443283,0.051093295216560364
MATALPHA2,75,250,256,-,9.632,86,0.6727445721626282,-0.04727518558502197,0.7200197577476501
MATALPHA2,93,1,7,-,9.632,45,0.04361790418624878,-0.41763466596603394,0.4612525701522827
MATALPHA2,94,324,330,+,9.632,100,-0.15057264268398285,1.1672632694244385,-1.3178359121084213
MATALPHA2,95,208,214,+,9.632,66,-0.136622354388237,0.6939213871955872,-0.8305437415838242
MATALPHA2,105,144,150,-,9.632,78,0.41686639189720154,0.16896434128284454,0.247902050614357
MATALPHA2,121,255,261,-,9.632,72,-0.041073933243751526,-0.5080009698867798,0.46692703664302826
MATALPHA2,135,192,198,-,9.632,88,-0.31953778862953186,-0.324823796749115,0.00528600811958313
MATALPHA2,136,264,270,+,9.632,70,0.5775020718574524,0.04820635914802551,0.5292957127094269
MATALPHA2,136,266,272,-,9.632,68,0.4318395256996155,0.023983977735042572,0.4078555479645729
MATALPHA2,137,125,131,-,9.632,95,-0.16413652896881104,-0.49068617820739746,0.3265496492385864
MATALPHA2,142,127,133,+,9.632,90,-0.8822370171546936,0.2546437680721283,-1.136880785226822
MATALPHA2,155,361,367,+,9.632,84,-0.14080817997455597,-0.20424827933311462,0.06344009935855865
MATALPHA2,176,58,64,+,9.632,89,0.12806075811386108,-0.23170924186706543,0.3597699999809265
MATALPHA2,206,42,48,+,9.632,92,0.003939270973205566,0.7111867070198059,-0.7072474360466003
MATALPHA2,225,279,285,-,9.632,79,0.12408481538295746,0.09011325240135193,0.03397156298160553
MATALPHA2,241,415,421,-,9.632,85,0.6042801141738892,0.664375901222229,-0.060095787048339844
MATALPHA2,290,480,486,+,9.632,54,-0.007288888096809387,-0.09295669198036194,0.08566780388355255
MATALPHA2,291,69,75,-,9.632,86,-0.2298685908317566,0.1199895441532135,-0.3498581349849701
MATALPHA2,304,63,69,+,9.632,52,1.3945014476776123,-0.2138184905052185,1.6083199381828308
MATALPHA2,304,142,148,+,9.632,75,1.7736014127731323,-0.12214937806129456,1.8957507908344269
MATALPHA2,305,105,111,+,9.632,67,-0.19457706809043884,-0.3236151933670044,0.12903812527656555
MATALPHA2,313,291,297,+,9.632,76,-0.010249987244606018,0.28685835003852844,-0.29710833728313446
MATALPHA2,320,200,206,-,9.632,68,0.12712278962135315,1.0604472160339355,-0.9333244264125824
MATALPHA2,355,459,465,-,9.632,80,-0.10523151606321335,-0.8693086504936218,0.7640771344304085
MATALPHA2,358,209,215,-,9.632,84,-0.16342070698738098,-0.3504284620285034,0.18700775504112244
MATALPHA2,361,339,345,+,9.632,82,-0.12332169711589813,0.00904969871044159,-0.13237139582633972
MATALPHA2,366,57,63,-,9.632,77,-0.31625738739967346,-0.5722501277923584,0.25599274039268494
MATALPHA2,368,175,181,+,9.632,86,0.20475541055202484,-0.8229426741600037,1.0276980847120285
MATALPHA2,378,176,182,-,9.632,59,-0.5355260372161865,2.1644394397735596,-2.699965476989746
MBP1,37,270,280,-,10.813,78,0.0314677394926548,-0.2744426131248474,0.3059103526175022
MBP1,39,159,169,-,12.086,78,0.49958372116088867,-0.4965226650238037,0.9961063861846924
MBP1,40,292,302,-,10.816,70,0.055604442954063416,0.44150108098983765,-0.38589663803577423
MBP1,71,306,316,+,10.884,82,0.23732894659042358,0.2510417699813843,-0.013712823390960693
MBP1,95,128,138,+,11.365,78,0.0127524733543396,0.15528352558612823,-0.14253105223178864
MBP1,95,242,252,-,11.523,78,-0.17542101442813873,-0.5386989116668701,0.3632778972387314
MBP1,104,245,255,-,10.48,68,2.024559497833252,0.15380606055259705,1.870753437280655
MBP1,122,187,197,+,10.813,88,0.0207308828830719,0.48293036222457886,-0.46219947934150696
MBP1,195,418,428,+,10.564,85,0.3101969063282013,-0.06312909722328186,0.37332600355148315
MBP1,204,429,439,-,10.435,90,0.13432762026786804,0.4861324727535248,-0.35180485248565674
MBP1,205,210,220,+,10.435,90,0.20699046552181244,-0.4242364168167114,0.6312268823385239
MBP1,280,53,63,-,10.189,91,-0.04991638660430908,0.3643002212047577,-0.4142166078090668
MBP1,284,415,425,-,11.664,89,0.4965176582336426,0.0024250149726867676,0.4940926432609558
MBP1,304,61,71,+,11.395,56,0.7057015299797058,-0.13169261813163757,0.8373941481113434
MBP1,305,103,113,+,10.685,71,-0.27408769726753235,-0.3280947506427765,0.05400705337524414
MBP1,313,289,299,+,10.489,79,-0.021013513207435608,0.3747309446334839,-0.3957444578409195
MBP1,394,106,116,+,10.833,68,1.0524845123291016,0.04551517963409424,1.0069693326950073
MCM1,16,203,223,+,13.332,91,-0.02275332808494568,-0.7430452108383179,0.7202918827533722
MCM1,17,42,62,-,13.332,78,0.19733987748622894,0.450605571269989,-0.25326569378376007
MCM1,20,333,353,+,12.17,63,-0.044179677963256836,0.10526996850967407,-0.1494496464729309
MCM1,20,336,356,-,12.119,63,0.0076179951429367065,0.4783037304878235,-0.4706857353448868
MCM1,25,188,208,-,12.132,81,0.008688479661941528,-0.03787998855113983,0.04656846821308136
MCM1,33,201,221,-,14.205,65,0.3258570432662964,-0.15473192930221558,0.48058897256851196
MCM1,50,205,225,-,12.571,75,0.018613189458847046,0.0006037764251232147,0.01800941303372383
MCM1,100,12,32,-,13.07,57,-0.023610025644302368,0.30256742238998413,-0.3261774480342865
MCM1,109,302,322,+,13.99,81,-0.15280529856681824,-0.1573619842529297,0.00455668568611145
MCM1,109,306,326,-,12.314,81,-0.20863278210163116,-0.17082169651985168,-0.03781108558177948
MCM1,124,217,237,-,12.81,80,-0.2023339867591858,-0.48858004808425903,0.28624606132507324
MCM1,149,451,471,+,11.992,56,0.7744488716125488,0.6808292865753174,0.09361958503723145
MCM1,159,46,66,+,12.126,64,-0.10957071185112,0.17143122851848602,-0.281001940369606
MCM1,167,61,81,-,13.051,81,-0.4741264581680298,-0.4903726279735565,0.016246169805526733
MCM1,203,216,236,-,13.558,78,-0.28680723905563354,-0.22832366824150085,-0.05848357081413269
MCM1,227,50,70,+,12.938,72,-0.09229478240013123,-0.207534521818161,0.11523973941802979
MCM1,237,164,184,-,15.933,77,-0.03763958811759949,-0.100017249584198,0.06237766146659851
MCM1,274,247,267,+,12.184,100,-0.23352879285812378,-0.31895411014556885,0.08542531728744507
MCM1,280,185,205,+,12.047,100,-0.16958922147750854,0.026169881224632263,-0.1957591027021408
MCM1,288,115,135,+,14.452,92,-0.10809756815433502,0.13901126384735107,-0.2471088320016861
MCM1,288,116,136,+,15.906,92,-0.14314508438110352,0.008427917957305908,-0.15157300233840942
MCM1,338,471,491,-,14.01,56,0.12166279554367065,-0.4416181147098541,0.5632809102535248
MCM1,341,380,400,+,12.491,80,0.3127620816230774,0.17029255628585815,0.14246952533721924
MCM1,370,36,56,-,12.836,76,-0.11537916958332062,-0.18720516562461853,0.07182599604129791
MCM1,371,367,387,+,12.836,70,0.3169786036014557,0.31630468368530273,0.0006739199161529541
MCM1,380,323,343,+,12.402,72,0.2793070375919342,-0.02843528985977173,0.30774232745170593
MET32,6,279,289,+,11.147,82,0.3995684087276459,0.38402247428894043,0.015545934438705444
MET32,9,203,213,-,11.455,74,0.12445859611034393,0.47419479489326477,-0.34973619878292084
MET32,20,316,326,+,14.042,53,0.10498681664466858,0.8724898099899292,-0.7675029933452606
MET32,45,198,208,+,11.506,74,0.08162534236907959,0.7834009528160095,-0.7017756104469299
MET32,92,318,328,-,12.534,78,0.3821871876716614,-0.4513241946697235,0.8335113823413849
MET32,108,273,283,-,11.482,62,-0.14376363158226013,0.24777084589004517,-0.3915344774723053
MET32,116,45,55,-,13.66,67,1.7054109573364258,-0.34718263149261475,2.0525935888290405
MET32,117,125,135,+,13.66,54,1.9710478782653809,0.1263219267129898,1.844725951552391
MET32,147,28,38,+,12.553,65,0.2716251015663147,0.2512265741825104,0.02039852738380432
MET32,167,348,358,+,11.451,72,0.1226530596613884,-0.15893110632896423,0.28158416599035263
MET32,196,12,22,-,11.144,56,0.11309552192687988,0.6359955072402954,-0.5228999853134155
MET32,213,17,27,+,12.635,37,0.6052902340888977,0.009561687707901001,0.5957285463809967
MET32,214,130,140,-,12.635,41,0.7584901452064514,-0.23469515144824982,0.9931852966547012
MET32,215,192,202,+,11.315,69,-0.11201098561286926,0.9024417996406555,-1.0144527852535248
MET32,281,105,115,+,11.271,74,0.08702616393566132,-0.4063008427619934,0.4933270066976547
MET32,303,105,115,+,12.616,94,-0.09935334324836731,1.318780779838562,-1.4181341230869293
MET32,384,0,10,-,11.24,29,-0.26791733503341675,0.03410238027572632,-0.30201971530914307
MET32,386,279,289,+,11.147,82,0.3985874056816101,0.377850204706192,0.02073720097541809
MIG1,2,64,74,+,8.935,47,-0.3836916983127594,0.4191127419471741,-0.8028044402599335
MIG1,34,470,480,-,9.383,69,-1.3900995254516602,-0.5097618103027344,-0.8803377151489258
MIG1,55,204,214,+,9.984,80,-0.5298718214035034,-0.34595513343811035,-0.18391668796539307
MIG1,83,239,249,+,9.018,73,-0.1532481610774994,0.2892105281352997,-0.4424586892127991
MIG1,99,158,168,+,9.018,89,1.4075868129730225,-0.040503621101379395,1.4480904340744019
MIG1,116,22,32,-,9.267,48,-0.407880961894989,0.7578544616699219,-1.1657354235649109
MIG1,116,306,316,+,8.964,80,0.2991825044155121,-0.12743324041366577,0.42661574482917786
MIG1,117,148,158,+,9.267,44,-0.4735347330570221,-0.18298640847206116,-0.29054832458496094
MIG1,121,74,84,+,8.966,73,-0.5069862604141235,-0.003938034176826477,-0.5030482262372971
MIG1,121,335,345,+,9.164,78,0.017642736434936523,-0.5036919116973877,0.5213346481323242
MIG1,132,5,15,-,9.996,44,-0.2517031729221344,-0.19438093900680542,-0.05732223391532898
MIG1,170,95,105,-,9.019,81,0.056189075112342834,-0.033912062644958496,0.09010113775730133
MIG1,210,102,112,+,8.953,69,-0.06810256838798523,0.25186285376548767,-0.3199654221534729
MIG1,212,86,96,+,9.121,77,0.1605859398841858,-0.9177960157394409,1.0783819556236267
MIG1,220,238,248,+,9.019,76,0.39609426259994507,-0.1766863763332367,0.5727806389331818
MIG1,221,305,315,-,9.019,76,-0.15606337785720825,-0.11259349435567856,-0.043469883501529694
MIG1,227,64,74,-,9.069,67,-0.32007020711898804,-0.23310333490371704,-0.086966872215271
MIG1,242,127,137,-,8.954,84,-0.08003777265548706,0.16262872517108917,-0.24266649782657623
MIG1,242,291,301,+,9.142,76,-0.13699208199977875,0.04948616027832031,-0.18647824227809906
MIG1,251,482,492,+,9.344,51,-0.06546623259782791,-0.18518686294555664,0.11972063034772873
MIG1,252,280,290,-,9.344,83,-0.8217493295669556,-0.33219605684280396,-0.4895532727241516
MIG1,302,27,37,-,9.123,76,0.4009174406528473,0.3289187252521515,0.0719987154006958
MIG1,315,243,253,-,9.121,79,0.3008100688457489,-0.28658199310302734,0.5873920619487762
MIG1,371,424,434,-,9.459,75,0.3855937123298645,-0.6441763639450073,1.0297700762748718
MIG1,388,4,14,+,9.67,33,-0.1741258203983307,-0.13140347599983215,-0.042722344398498535
MIG2,2,64,74,+,9.518,47,-0.3836916983127594,0.4191127419471741,-0.8028044402599335
MIG2,15,10,20,+,10.036,53,-0.018098950386047363,0.0158807635307312,-0.033979713916778564
MIG2,34,470,480,-,10.297,69,-1.3900995254516602,-0.5097618103027344,-0.8803377151489258
MIG2,39,460,470,-,9.597,80,-0.6828097701072693,-0.07177981734275818,-0.6110299527645111
MIG2,55,204,214,+,10.712,80,-0.5298718214035034,-0.34595513343811035,-0.18391668796539307
MIG2,85,268,278,-,9.68,59,0.16796691715717316,-0.11497145891189575,0.2829383760690689
MIG2,116,22,32,-,10.654,48,-0.407880961894989,0.7578544616699219,-1.1657354235649109
MIG2,117,148,158,+,10.654,44,-0.4735347330570221,-0.18298640847206116,-0.29054832458496094
MIG2,118,220,230,+,10.036,66,0.06158509850502014,-0.22116699814796448,0.2827520966529846
MIG2,121,335,345,+,9.962,78,0.017642736434936523,-0.5036919116973877,0.5213346481323242
MIG2,132,5,15,-,10.407,44,-0.2517031729221344,-0.19438093900680542,-0.05732223391532898
MIG2,141,163,173,+,9.585,94,-0.24672207236289978,1.266806960105896,-1.5135290324687958
MIG2,178,124,134,+,9.823,90,-0.5836252570152283,-0.2078319787979126,-0.3757932782173157
MIG2,233,436,446,-,9.487,86,0.5696966648101807,-0.15264950692653656,0.7223461717367172
MIG2,288,290,300,+,9.901,92,-0.38045865297317505,0.17177045345306396,-0.552229106426239
MIG2,289,46,56,+,9.901,88,-0.4981617331504822,-0.1735886037349701,-0.3245731294155121
MIG2,302,27,37,-,10.065,76,0.4009174406528473,0.3289187252521515,0.0719987154006958
MIG2,369,299,309,+,9.703,83,0.09459440410137177,0.19112876057624817,-0.0965343564748764
MIG2,371,424,434,-,9.582,75,0.3855937123298645,-0.6441763639450073,1.0297700762748718
MIG3,34,469,479,-,9.082,70,-1.2967889308929443,-0.4144858121871948,-0.8823031187057495
MIG3,55,205,215,+,9.082,80,-0.4120780825614929,-0.24623426795005798,-0.16584381461143494
MIG3,60,127,137,+,8.735,66,-0.5160253047943115,-0.2170259952545166,-0.2989993095397949
MIG3,99,159,169,+,8.817,89,1.6177525520324707,-0.00408625602722168,1.6218388080596924
MIG3,116,21,31,-,9.082,48,-0.4387013912200928,0.6656538248062134,-1.1043552160263062
MIG3,117,149,159,+,9.082,45,-0.46221840381622314,-0.20562255382537842,-0.2565958499908447
MIG3,121,336,346,+,9.244,78,0.06075465679168701,-0.3070610761642456,0.3678157329559326
MIG3,132,4,14,-,8.93,43,-0.22398054599761963,-0.2689979672431946,0.04501742124557495
MIG3,141,164,174,+,8.939,94,-0.2777506113052368,1.2987829446792603,-1.576533555984497
MIG3,172,283,293,-,8.692,49,-0.19703859090805054,-0.2121768295764923,0.015138238668441772
MIG3,220,239,249,+,8.928,76,0.8606132864952087,-0.36530619859695435,1.225919485092163
MIG3,221,304,314,-,8.928,76,0.16087400913238525,-0.24610157310962677,0.406975582242012
MIG3,227,63,73,-,9.061,67,-0.2854892611503601,-0.3103627860546112,0.0248735249042511
MIG3,245,352,362,+,8.999,72,-0.2946127951145172,0.43704113364219666,-0.7316539287567139
MIG3,251,483,493,+,9.56,50,-0.037820965051651,-0.17777496576309204,0.13995400071144104
MIG3,252,279,289,-,9.56,83,-0.8182307481765747,-0.2941320836544037,-0.524098664522171
MIG3,271,387,397,-,9.06,91,0.10510137677192688,0.11673878133296967,-0.011637404561042786
MIG3,281,333,343,+,8.931,80,0.08743880689144135,-0.250798761844635,0.33823756873607635
MIG3,288,291,301,+,9.14,92,-0.2742604613304138,0.15868088603019714,-0.43294134736061096
MIG3,289,47,57,+,9.14,89,-0.38737577199935913,-0.1978016495704651,-0.18957412242889404
MIG3,302,26,36,-,9.06,75,0.4471902847290039,0.42535483837127686,0.02183544635772705
MIG3,315,242,252,-,9.265,79,0.3472362160682678,-0.28736981749534607,0.6346060335636139
MIG3,347,263,273,+,8.803,95,0.15450215339660645,0.15550170838832855,-0.000999554991722107
MIG3,371,423,433,-,9.488,74,0.4619438052177429,-0.5576158761978149,1.0195596814155579
MIG3,372,131,141,-,8.705,92,-0.08778873085975647,-0.027745960280299187,-0.06004277057945728
MSN1.1,29,42,50,+,12.388,67,0.18867474794387817,0.29163551330566406,-0.10296076536178589
MSN1.1,35,389,397,-,11.748,88,-0.10554315149784088,0.16737323999404907,-0.27291639149188995
MSN1.1,37,158,166,-,11.45,78,0.43395817279815674,-0.2076624631881714,0.6416206359863281
MSN1.1,69,204,212,+,12.686,91,0.33008134365081787,-0.03954601287841797,0.36962735652923584
MSN1.1,105,210,218,-,11.45,85,-0.005005653947591782,0.5054874420166016,-0.5104930959641933
MSN1.1,111,116,124,+,12.388,62,0.8777580261230469,-0.07060812413692474,0.9483661502599716
MSN1.1,115,9,17,-,12.388,28,-0.18098700046539307,-0.02700772136449814,-0.15397927910089493
MSN1.1,131,246,254,-,11.45,100,-0.13183334469795227,-0.8290104866027832,0.6971771419048309
MSN1.1,136,333,341,+,11.292,65,-0.44347381591796875,0.08986485004425049,-0.5333386659622192
MSN1.1,159,161,169,+,12.388,88,-0.02183443307876587,0.1343315839767456,-0.15616601705551147
MSN1.1,234,296,304,+,12.388,65,1.9948562383651733,-0.15871791541576385,2.153574153780937
MSN1.1,270,42,50,-,11.45,50,0.23778997361660004,0.3264186978340149,-0.08862872421741486
MSN1.1,359,475,483,-,12.388,61,-0.5275205969810486,-0.07031357288360596,-0.4572070240974426
MSN1.1,373,459,467,-,11.45,77,-0.04651343822479248,-0.025537192821502686,-0.020976245403289795
MSN1.1,374,342,350,+,11.45,94,-0.009595304727554321,0.2152397781610489,-0.2248350828886032
MSN1.2,22,314,322,+,12.562,95,-0.1137014776468277,0.1728312075138092,-0.2865326851606369
MSN1.2,39,316,324,+,11.812,96,0.33606600761413574,-0.09945579618215561,0.43552180379629135
MSN1.2,72,49,57,-,12.562,73,0.08848594129085541,0.5151036977767944,-0.426617756485939
MSN1.2,73,355,363,+,12.212,71,-0.17878884077072144,-0.407664954662323,0.22887611389160156
MSN1.2,122,324,332,+,11.508,95,0.039702147245407104,-0.14802849292755127,0.18773064017295837
MSN1.2,136,80,88,+,12.212,81,-0.20292162895202637,0.01158452033996582,-0.2145061492919922
MSN1.2,164,174,182,+,11.812,97,-0.24758639931678772,-0.1440069079399109,-0.10357949137687683
MSN1.2,175,197,205,+,11.508,78,-0.5767415761947632,-0.049175627529621124,-0.5275659486651421
MSN1.2,176,420,428,-,11.508,78,-0.2962462306022644,0.34517157077789307,-0.6414178013801575
MSN1.2,204,114,122,+,12.212,91,0.058019816875457764,-0.714423656463623,0.7724434733390808
MSN1.2,204,183,191,+,12.212,80,0.006537571549415588,-0.01795119047164917,0.02448876202106476
MSN1.2,205,458,466,-,12.212,64,-0.12375423312187195,-0.0806398093700409,-0.043114423751831055
MSN1.2,216,424,432,-,12.212,88,-0.46616554260253906,0.07375583052635193,-0.539921373128891
MSN1.2,218,61,69,-,12.562,92,0.37878769636154175,-0.5582416653633118,0.9370293617248535
MSN1.2,244,386,394,-,12.562,96,-0.2721795439720154,0.09911474585533142,-0.3712942898273468
MSN1.2,288,283,291,-,11.508,90,-0.8016582727432251,-0.20655184984207153,-0.5951064229011536
MSN1.2,289,39,47,-,11.508,79,-0.4687510132789612,-0.10776388645172119,-0.36098712682724
MSN1.2,292,12,20,-,12.212,34,0.016481667757034302,0.033063292503356934,-0.016581624746322632
MSN1.2,309,5,13,-,12.562,55,0.018574193120002747,-0.23447299003601074,0.2530471831560135
MSN1.2,326,356,364,-,11.812,100,0.12757240235805511,0.6907987594604492,-0.5632263571023941
MSN1.2,350,252,260,+,11.508,96,0.005045481026172638,-0.42904165387153625,0.4340871348977089
MSN2,15,361,368,-,9.645,80,0.01844935305416584,-0.29029354453086853,0.30874289758503437
MSN2,50,253,260,-,9.645,62,0.234372079372406,-0.4757328927516937,0.7101049721240997
MSN2,71,179,186,-,9.645,85,0.3560526669025421,-1.1045455932617188,1.4605982601642609
MSN2,84,191,198,-,9.645,89,0.01667357236146927,0.0026942789554595947,0.013979293406009674
MSN2,88,313,320,+,9.531,75,-0.5839456915855408,-0.5048767328262329,-0.07906895875930786
MSN2,167,67,74,+,9.531,68,-0.5313491821289062,-0.4129296541213989,-0.11841952800750732
MSN2,198,142,149,-,9.645,72,0.13398537039756775,-0.42517900466918945,0.5591643750667572
MSN2,199,67,74,+,9.645,72,0.40976548194885254,-0.029643923044204712,0.43940940499305725
MSN2,235,163,170,+,9.645,87,-0.08968821167945862,-0.6489537954330444,0.5592655837535858
MSN2,280,31,38,+,9.645,69,0.11404308676719666,0.05833946168422699,0.055703625082969666
MSN2,284,420,427,+,9.531,86,-0.2932151257991791,-0.23805052042007446,-0.055164605379104614
MSN2,290,259,266,-,9.645,83,-0.14430785179138184,-1.4665825366973877,1.3222746849060059
MSN2,291,289,296,+,9.645,83,-0.248357892036438,2.1274585723876953,-2.3758164644241333
MSN2,324,92,99,+,9.531,88,0.04999643564224243,-0.6125365495681763,0.6625329852104187
MSN2,332,343,350,+,9.645,100,-0.1533740758895874,-0.9955683350563049,0.8421942591667175
MSN2,349,296,303,+,9.645,62,0.9410731792449951,-0.15814551711082458,1.0992186963558197
MSN2,394,47,54,+,9.645,57,-0.28681841492652893,0.13343071937561035,-0.4202491343021393
MSN2,395,473,480,+,9.645,43,-0.22656625509262085,0.23024198412895203,-0.4568082392215729
MSN4,0,31,36,+,8.796,58,0.14739936590194702,0.39472171664237976,-0.24732235074043274
MSN4,0,45,50,-,8.796,72,0.20919013023376465,-0.10727310180664062,0.3164632320404053
MSN4,1,129,134,-,8.796,90,-0.20639297366142273,-0.3138904869556427,0.10749751329421997
MSN4,1,150,155,+,8.796,90,-0.08270981907844543,-0.6508581042289734,0.568148285150528
MSN4,1,234,239,-,8.796,57,0.03257307410240173,-0.22046919167041779,0.2530422657728195
MSN4,1,251,256,-,8.796,57,0.00499454140663147,-0.4034651219844818,0.4084596633911133
MSN4,1,281,286,-,8.796,65,0.2817515730857849,0.04559096693992615,0.23616060614585876
MSN4,2,21,26,+,8.796,39,-0.1662575900554657,-0.08856046199798584,-0.07769712805747986
MSN4,2,48,53,+,8.796,45,0.8913500905036926,0.11673387885093689,0.7746162116527557
MSN4,2,118,123,+,8.796,62,-0.3839445412158966,-0.334004282951355,-0.049940258264541626
MSN4,2,125,130,+,8.796,64,-0.2578936219215393,-0.23616890609264374,-0.02172471582889557
MSN4,2,164,169,+,8.796,85,-0.06945566087961197,-0.389041543006897,0.319585882127285
MSN4,2,172,177,+,8.796,89,-0.3802151083946228,-0.07551532238721848,-0.3046997860074043
MSN4,3,75,80,+,8.796,90,-0.5843915939331055,0.5644014477729797,-1.1487930417060852
MSN4,3,94,99,-,8.796,90,-0.9325790405273438,-0.5922213792800903,-0.3403576612472534
MSN4,3,101,106,-,8.796,90,-0.665243923664093,-0.523139476776123,-0.14210444688796997
MSN4,3,405,410,+,8.796,83,-0.43580374121665955,0.30414533615112305,-0.7399490773677826
MSN4,3,445,450,-,8.796,89,0.247548446059227,-0.4212024211883545,0.6687508672475815
MSN4,4,27,32,-,8.796,72,-0.05684041976928711,-0.011020183563232422,-0.04582023620605469
MSN4,4,96,101,-,8.796,67,-0.04808533191680908,0.34043920040130615,-0.38852453231811523
MSN4,4,296,301,-,8.796,76,2.1887009143829346,0.43021488189697266,1.758486032485962
MSN4,4,306,311,+,8.796,74,0.6041094660758972,0.04618343710899353,0.5579260289669037
MSN4,4,316,321,-,8.796,74,0.49078115820884705,1.052111268043518,-0.561330109834671
MSN4,4,398,403,+,8.796,90,-0.1739417314529419,1.475832462310791,-1.649774193763733
MSN4,4,408,413,+,8.796,89,-0.1849389374256134,-0.17476709187030792,-0.010171845555305481
MSN4,5,216,221,-,8.796,90,1.4120464324951172,-0.45774173736572266,1.8697881698608398
MSN4,5,341,346,-,8.796,92,-0.4592605233192444,0.21800300478935242,-0.6772635281085968
MSN4,5,442,447,-,8.796,91,-0.490340918302536,-0.7497217059135437,0.2593807876110077
MSN4,6,50,55,+,8.796,86,-0.5268928408622742,0.3058815002441406,-0.8327743411064148
MSN4,6,67,72,+,8.796,86,0.1373704969882965,-0.467161625623703,0.6045321226119995
MSN4,7,32,37,-,8.796,77,0.004524588584899902,0.5089213848114014,-0.5043967962265015
MSN4,7,50,55,+,8.796,90,-0.06021398305892944,-0.0826108455657959,0.022396862506866455
MSN4,7,93,98,+,8.796,90,-0.15826839208602905,-0.1223292350769043,-0.035939157009124756
MSN4,7,120,125,+,8.796,95,-0.7661687135696411,0.06364622712135315,-0.8298149406909943
MSN4,7,175,180,+,8.796,100,-0.3079372048377991,0.15371090173721313,-0.4616481065750122
MSN4,7,262,267,-,8.796,73,-0.16910304129123688,0.2981811761856079,-0.4672842174768448
MSN4,7,341,346,-,8.796,86,0.7389479279518127,-0.8562267422676086,1.5951746702194214
MSN4,7,358,363,-,8.796,89,0.24420136213302612,-0.4894591271877289,0.733660489320755
MSN4,8,131,136,+,8.796,100,0.01825830340385437,-0.3093089461326599,0.3275672495365143
MSN4,8,254,259,+,8.796,95,-0.1546705812215805,-0.6839324831962585,0.529261901974678
MSN4,8,283,288,-,8.796,80,-0.650151252746582,-0.48993098735809326,-0.16022026538848877
MSN4,9,164,169,+,8.796,75,-0.12942950427532196,0.8545363545417786,-0.9839658588171005
MSN4,9,198,203,-,8.796,75,0.18575981259346008,0.18547183275222778,0.0002879798412322998
MSN4,10,226,231,+,8.796,100,0.06144469976425171,1.1669646501541138,-1.105519950389862
MSN4,11,120,125,-,8.796,80,-0.17483118176460266,0.4750056266784668,-0.6498368084430695
MSN4,12,48,53,-,8.796,98,0.28018835186958313,-0.055482447147369385,0.3356707990169525
MSN4,12,119,124,-,8.796,95,0.19743427634239197,-0.03550058603286743,0.2329348623752594
MSN4,12,135,140,+,8.796,83,-0.10865378379821777,-0.058551788330078125,-0.05010199546813965
MSN4,12,208,213,+,8.796,69,0.25781482458114624,-0.3346940577030182,0.5925088822841644
MSN4,12,260,265,+,8.796,63,0.4509373903274536,-0.2384358048439026,0.6893731951713562
MSN4,12,306,311,+,8.796,76,0.06599108874797821,-0.6032871603965759,0.6692782491445541
MSN4,13,53,58,-,8.796,80,-0.10816483199596405,0.5066849589347839,-0.614849790930748
MSN4,13,137,142,-,8.796,87,-0.2950786352157593,-0.32275259494781494,0.027673959732055664
MSN4,13,145,150,-,8.796,87,-0.6078529357910156,0.08258625864982605,-0.6904391944408417
MSN4,13,250,255,+,8.796,85,-0.41228601336479187,0.0689404159784317,-0.48122642934322357
MSN4,13,289,294,+,8.796,85,-0.25381219387054443,-0.05134481191635132,-0.20246738195419312
MSN4,13,372,377,-,8.796,91,-0.1630115956068039,-0.18547770380973816,0.022466108202934265
MSN4,14,209,214,-,8.796,91,-0.46662697196006775,0.034599050879478455,-0.5012260228395462
MSN4,14,388,393,+,8.796,95,-0.5905752182006836,2.3987410068511963,-2.98931622505188
MSN4,14,395,400,+,8.796,91,0.3145868480205536,-0.1406269669532776,0.4552138149738312
MSN4,15,244,249,+,8.796,88,-0.2795068025588989,-0.0421832799911499,-0.23732352256774902
MSN4,15,445,450,-,8.796,90,0.712031364440918,0.2931082248687744,0.41892313957214355
MSN4,16,80,85,-,8.796,58,-0.6112732291221619,-0.024725914001464844,-0.586547315120697
MSN4,16,101,106,-,8.796,52,0.06707726418972015,0.01984161138534546,0.047235652804374695
MSN4,16,118,123,-,8.796,53,-0.43134790658950806,-0.12609124183654785,-0.3052566647529602
MSN4,16,132,137,-,8.796,59,-0.07658642530441284,-0.3388371467590332,0.26225072145462036
MSN4,16,152,157,-,8.796,71,-0.144712895154953,-0.5094910860061646,0.36477819085121155
MSN4,16,163,168,+,8.796,64,0.7657291889190674,0.34934306144714355,0.41638612747192383
MSN4,16,420,425,-,8.796,83,-0.32776308059692383,0.45727968215942383,-0.7850427627563477
MSN4,17,97,102,-,8.796,59,0.29844748973846436,0.2278374433517456,0.07061004638671875
MSN4,17,108,113,+,8.796,66,0.04860152304172516,-0.025595813989639282,0.07419733703136444
MSN4,17,128,133,+,8.796,54,-0.1371569037437439,-0.14596772193908691,0.008810818195343018
MSN4,17,142,147,+,8.796,53,-0.27950572967529297,-0.060885459184646606,-0.21862027049064636
MSN4,17,159,164,+,8.796,52,0.05310111492872238,0.6964192390441895,-0.6433181241154671
MSN4,17,180,185,+,8.796,58,-0.8292521238327026,0.2850804924964905,-1.1143326163291931
MSN4,17,286,291,-,8.796,85,-0.1316090226173401,-0.20638248324394226,0.07477346062660217
MSN4,17,299,304,+,8.796,85,0.24489396810531616,0.39049074053764343,-0.14559677243232727
MSN4,17,341,346,-,8.796,87,-0.43517374992370605,0.164876326918602,-0.600050076842308
MSN4,17,413,418,-,8.796,82,-0.1495908498764038,-0.8308073878288269,0.6812165379524231
MSN4,18,11,16,-,8.796,48,0.011243224143981934,-0.6382657885551453,0.6495090126991272
MSN4,18,74,79,-,8.796,94,0.003422677516937256,-0.08543285727500916,0.08885553479194641
MSN4,18,275,280,+,8.796,80,-0.10541385412216187,-0.06253686547279358,-0.042876988649368286
MSN4,18,311,316,-,8.796,87,-0.07781025022268295,0.02794131636619568,-0.10575156658887863
MSN4,19,9,14,+,8.796,59,-0.3813113570213318,0.1334019899368286,-0.5147133469581604
MSN4,19,251,256,+,8.796,81,0.1371171772480011,0.2937315106391907,-0.15661433339118958
MSN4,19,265,270,+,8.796,86,-0.2613911032676697,0.5250604152679443,-0.786451518535614
MSN4,19,444,449,-,8.796,100,0.036119937896728516,-0.19676125049591064,0.23288118839263916
MSN4,20,172,177,-,8.796,90,0.42749345302581787,0.2422962784767151,0.18519717454910278
MSN4,20,178,183,+,8.796,90,0.6798882484436035,-0.06534186005592346,0.745230108499527
MSN4,20,210,215,+,8.796,90,-1.2889161109924316,0.08929502218961716,-1.3782111331820488
MSN4,20,325,330,-,8.796,48,0.28024035692214966,0.8223632574081421,-0.5421229004859924
MSN4,21,151,156,-,8.796,91,-0.16690361499786377,-0.06405050307512283,-0.10285311192274094
MSN4,21,312,317,+,8.796,78,-0.2772842049598694,0.10882802307605743,-0.3861122280359268
MSN4,21,327,332,-,8.796,73,0.04890640079975128,0.634576141834259,-0.5856697410345078
MSN4,21,333,338,+,8.796,75,0.6814871430397034,-0.36890560388565063,1.050392746925354
MSN4,21,375,380,-,8.796,86,0.4603961110115051,-0.6787920594215393,1.1391881704330444
MSN4,22,81,86,-,8.796,88,0.07971860468387604,0.14118674397468567,-0.06146813929080963
MSN4,22,94,99,+,8.796,90,-0.2676437497138977,0.07549974322319031,-0.343143492937088
MSN4,22,103,108,+,8.796,90,0.2598114609718323,-0.12160700559616089,0.38141846656799316
MSN4,22,173,178,-,8.796,80,0.20677289366722107,-0.30593493580818176,0.5127078294754028
MSN4,22,333,338,+,8.796,92,0.1782791018486023,-0.6017821431159973,0.7800612449645996
MSN4,22,423,428,-,8.796,87,-0.6305442452430725,-0.1459369957447052,-0.4846072494983673
MSN4,23,92,97,-,8.796,93,-0.08183541893959045,0.30031296610832214,-0.3821483850479126
MSN4,23,255,260,+,8.796,95,-0.5488977432250977,-0.472359836101532,-0.07653790712356567
MSN4,23,269,274,+,8.796,95,-0.43470972776412964,-0.007394731044769287,-0.42731499671936035
MSN4,24,199,204,-,8.796,76,0.06173592805862427,-0.23297959566116333,0.2947155237197876
MSN4,24,236,241,-,8.796,55,-0.015988647937774658,0.07829120755195618,-0.09427985548973083
MSN4,24,251,256,+,8.796,55,-0.7586879134178162,0.0017858147621154785,-0.7604737281799316
MSN4,24,257,262,+,8.796,54,-0.8854300379753113,0.10037115216255188,-0.9858011901378632
MSN4,24,266,271,+,8.796,58,-0.7552506923675537,-0.07977348566055298,-0.6754772067070007
MSN4,24,285,290,+,8.796,63,-0.2626889944076538,0.23974326252937317,-0.502432256937027
MSN4,25,189,194,+,8.796,66,-0.062276482582092285,0.39266371726989746,-0.45494019985198975
MSN4,25,237,242,-,8.796,48,0.6241268515586853,0.6382787227630615,-0.01415187120437622
MSN4,25,262,267,-,8.796,68,0.17703479528427124,0.13595257699489594,0.041082218289375305
MSN4,25,357,362,-,8.796,95,-0.9852346181869507,-0.20205551385879517,-0.7831791043281555
MSN4,26,6,11,-,8.796,56,0.0023226290941238403,-0.16142669320106506,0.1637493222951889
MSN4,26,71,76,+,8.796,81,0.22422188520431519,0.9107019901275635,-0.6864801049232483
MSN4,26,101,106,+,8.796,81,-0.27354803681373596,-0.29820144176483154,0.02465340495109558
MSN4,26,174,179,+,8.796,89,-0.3506380319595337,-0.16390585899353027,-0.18673217296600342
MSN4,26,189,194,+,8.796,89,0.5844902992248535,-0.1858654022216797,0.7703557014465332
MSN4,26,249,254,+,8.796,93,0.4170486032962799,-0.16948270797729492,0.5865313112735748
MSN4,26,433,438,-,8.796,100,1.1157755851745605,-0.0377105176448822,1.1534861028194427
MSN4,27,156,161,-,8.796,88,-0.41719961166381836,0.2487270087003708,-0.6659266203641891
MSN4,28,59,64,+,8.796,80,0.4710468053817749,-0.30610382556915283,0.7771506309509277
MSN4,28,108,113,+,8.796,73,-0.13694307208061218,-0.46417030692100525,0.32722723484039307
MSN4,28,164,169,+,8.796,91,2.020317554473877,0.20427305996418,1.816044494509697
MSN4,28,413,418,-,8.796,100,0.004024840891361237,-0.13641437888145447,0.1404392197728157
MSN4,29,164,169,-,8.796,100,-0.5728087425231934,-0.1846551150083542,-0.3881536275148392
MSN4,29,268,273,+,8.796,90,-0.5024861693382263,-0.944942057132721,0.44245588779449463
MSN4,30,252,257,-,8.796,72,-0.052188143134117126,0.08109420537948608,-0.1332823485136032
MSN4,30,265,270,-,8.796,67,-0.18045379221439362,-0.46208274364471436,0.28162895143032074
MSN4,30,315,320,-,8.796,63,-0.2076789289712906,-0.7644348740577698,0.5567559450864792
MSN4,31,79,84,+,8.796,83,-0.05456164479255676,0.09780166298151016,-0.15236330777406693
MSN4,31,156,161,+,8.796,91,-0.3478909432888031,-0.3542657196521759,0.006374776363372803
MSN4,31,171,176,-,8.796,78,0.3393726646900177,0.20532353222370148,0.13404913246631622
MSN4,31,248,253,+,8.796,63,-0.14391957223415375,0.6673036813735962,-0.8112232536077499
MSN4,32,12,17,+,8.796,41,-0.15195611119270325,0.039090871810913086,-0.19104698300361633
MSN4,32,67,72,-,8.796,64,-0.12429219484329224,-0.07123804092407227,-0.05305415391921997
MSN4,32,151,156,+,8.796,69,0.3665056824684143,-0.07293634116649628,0.4394420236349106
MSN4,34,30,35,-,8.796,73,-0.15652012825012207,-0.06293165683746338,-0.09358847141265869
MSN4,34,112,117,+,8.796,81,-0.15640884637832642,-0.2290109097957611,0.07260206341743469
MSN4,34,334,339,+,8.796,100,-0.3024667501449585,0.1860056221485138,-0.4884723722934723
MSN4,35,74,79,+,8.796,100,-0.09051036834716797,-0.24394094944000244,0.15343058109283447
MSN4,35,177,182,+,8.796,95,-0.4654424488544464,0.06337682157754898,-0.5288192704319954
MSN4,35,202,207,+,8.796,95,-0.22630847990512848,-0.2321714162826538,0.00586293637752533
MSN4,35,444,449,-,8.796,88,-0.29537564516067505,-0.7169992923736572,0.4216236472129822
MSN4,36,29,34,-,8.796,79,-0.1659567505121231,0.01649527996778488,-0.182452030479908
MSN4,36,295,300,+,8.796,84,0.2968887388706207,-0.07558669149875641,0.37247543036937714
MSN4,36,471,476,+,8.796,51,-0.12774884700775146,1.5073364973068237,-1.6350853443145752
MSN4,37,30,35,-,8.796,80,0.3923489451408386,0.033272743225097656,0.35907620191574097
MSN4,38,101,106,-,8.796,74,-0.0848889946937561,0.01900780200958252,-0.10389679670333862
MSN4,38,143,148,+,8.796,71,-0.9767327904701233,-0.11837728321552277,-0.8583555072546005
MSN4,38,196,201,+,8.796,73,-0.8233855366706848,-0.33615830540657043,-0.4872272312641144
MSN4,38,243,248,-,8.796,70,0.6813445687294006,0.7570210099220276,-0.07567644119262695
MSN4,38,269,274,-,8.796,68,0.4196116328239441,-0.13813190162181854,0.5577435344457626
MSN4,38,306,311,+,8.796,72,0.5508062839508057,0.3155769407749176,0.23522934317588806
MSN4,38,403,408,+,8.796,89,-0.7873960733413696,0.7466513514518738,-1.5340474247932434
MSN4,39,138,143,+,8.796,54,0.9431710839271545,0.3144766688346863,0.6286944150924683
MSN4,39,143,148,-,8.796,59,0.8497920632362366,-0.2641637921333313,1.1139558553695679
MSN4,39,255,260,-,8.796,92,1.257330298423767,-0.3161614239215851,1.5734917223453522
MSN4,40,70,75,-,8.796,93,0.2878796458244324,-0.2514346241950989,0.5393142700195312
MSN4,40,129,134,+,8.796,72,0.05851900577545166,0.3097648322582245,-0.2512458264827728
MSN4,40,175,180,+,8.796,53,0.1573363095521927,-0.0530431866645813,0.210379496216774
MSN4,40,205,210,+,8.796,71,-0.7277867794036865,0.12768706679344177,-0.8554738461971283
MSN4,40,214,219,-,8.796,71,0.5842205286026001,-0.33584898710250854,0.9200695157051086
MSN4,41,191,196,+,8.796,89,-0.2836987376213074,-0.26813578605651855,-0.015562951564788818
MSN4,41,207,212,+,8.796,89,-0.018037989735603333,-0.41928720474243164,0.4012492150068283
MSN4,42,144,149,-,8.796,90,-0.03562238812446594,-0.2417786419391632,0.20615625381469727
MSN4,42,230,235,+,8.796,80,-0.2303214967250824,-0.19687265157699585,-0.03344884514808655
MSN4,42,264,269,+,8.796,76,0.0886613130569458,0.05889296531677246,0.02976834774017334
MSN4,42,331,336,+,8.796,84,0.12040382623672485,-0.13314659893512726,0.2535504251718521
MSN4,43,129,134,-,8.796,83,0.2105947881937027,-0.20964694023132324,0.42024172842502594
MSN4,43,213,218,+,8.796,41,-0.07196956872940063,-0.07433779537677765,0.002368226647377014
MSN4,43,231,236,+,8.796,40,-0.26683077216148376,0.12043178826570511,-0.3872625604271889
MSN4,43,240,245,+,8.796,48,-0.2751031517982483,-0.24882540106773376,-0.026277750730514526
MSN4,43,281,286,+,8.796,60,0.12141049653291702,0.23312689363956451,-0.11171639710664749
MSN4,43,294,299,+,8.796,69,-0.05318814516067505,0.30770179629325867,-0.3608899414539337
MSN4,43,315,320,+,8.796,88,-0.46784597635269165,0.2752531170845032,-0.7430990934371948
MSN4,43,389,394,+,8.796,100,-0.5108640193939209,0.7909407615661621,-1.301804780960083
MSN4,44,249,254,+,8.796,81,0.15667109191417694,-0.604977011680603,0.76164810359478
MSN4,45,10,15,-,8.796,54,0.9290700554847717,-0.20542742311954498,1.1344974786043167
MSN4,45,43,48,-,8.796,83,0.026431724429130554,-0.19631385803222656,0.22274558246135712
MSN4,45,64,69,-,8.796,86,-0.523165225982666,-0.678078293800354,0.154913067817688
MSN4,46,137,142,+,8.796,86,-0.4948670566082001,0.8578498363494873,-1.3527168929576874
MSN4,46,158,163,+,8.796,79,-0.21872088313102722,-0.4433216452598572,0.22460076212882996
MSN4,46,191,196,+,8.796,70,0.4219188094139099,-0.44550469517707825,0.8674235045909882
MSN4,46,202,207,+,8.796,71,0.2122890055179596,0.2890051007270813,-0.0767160952091217
MSN4,46,267,272,+,8.796,84,0.45757371187210083,0.36386266350746155,0.09371104836463928
MSN4,47,421,426,-,8.796,94,-0.5547918677330017,0.021853506565093994,-0.5766453742980957
MSN4,48,35,40,+,8.796,66,-0.12986207008361816,0.12447389960289001,-0.2543359696865082
MSN4,48,207,212,+,8.796,78,0.888910710811615,0.6074186563491821,0.28149205446243286
MSN4,48,251,256,+,8.796,87,0.14317844808101654,-0.46434053778648376,0.6075189858675003
MSN4,49,98,103,+,8.796,94,0.21847188472747803,-0.3309629559516907,0.5494348406791687
MSN4,49,179,184,+,8.796,100,-0.39379674196243286,-0.14296622574329376,-0.2508305162191391
MSN4,49,246,251,+,8.796,92,-0.9593099355697632,-0.25482437014579773,-0.7044855654239655
MSN4,50,36,41,+,8.796,86,-0.5696505308151245,0.16370552778244019,-0.7333560585975647
MSN4,51,34,39,-,8.796,76,-0.21183955669403076,-0.09091770648956299,-0.12092185020446777
MSN4,51,119,124,+,8.796,94,-0.36190879344940186,-0.17071861028671265,-0.1911901831626892
MSN4,52,421,426,-,8.796,73,-0.3358496427536011,0.17611706256866455,-0.5119667053222656
MSN4,53,82,87,-,8.796,99,-0.010682284832000732,-0.39342427253723145,0.3827419877052307
MSN4,53,205,210,-,8.796,90,-0.06902971863746643,-0.01651906967163086,-0.05251064896583557
MSN4,53,244,249,+,8.796,75,-0.29863864183425903,-0.21417662501335144,-0.08446201682090759
MSN4,53,251,256,+,8.796,68,0.1405625343322754,-0.19520506262779236,0.33576759696006775
MSN4,53,260,265,+,8.796,64,-0.5485190749168396,-0.22144123911857605,-0.32707783579826355
MSN4,53,268,273,+,8.796,56,-0.41678306460380554,0.1812741756439209,-0.5980572402477264
MSN4,53,288,293,-,8.796,54,1.0702731609344482,-0.07309296727180481,1.143366128206253
MSN4,53,317,322,-,8.796,61,0.14296837151050568,0.18840593099594116,-0.045437559485435486
MSN4,54,4,9,-,8.796,49,0.17981889843940735,0.23650550842285156,-0.056686609983444214
MSN4,54,35,40,-,8.796,80,0.18144351243972778,-0.3950970768928528,0.5765405893325806
MSN4,54,146,151,-,8.796,94,-0.2500656247138977,0.0055886805057525635,-0.25565430521965027
MSN4,54,201,206,+,8.796,83,0.5337867140769958,-0.28807055950164795,0.8218572735786438
MSN4,54,225,230,-,8.796,83,-0.48130378127098083,-0.254696786403656,-0.22660699486732483
MSN4,54,287,292,-,8.796,93,-0.04422834515571594,-0.43841153383255005,0.3941831886768341
MSN4,54,467,472,-,8.796,69,-0.3699518144130707,-0.7897824048995972,0.4198305904865265
MSN4,55,225,230,+,8.796,75,-0.439105749130249,0.043477192521095276,-0.4825829416513443
MSN4,55,283,288,+,8.796,79,1.6294761896133423,-0.34565937519073486,1.9751355648040771
MSN4,55,321,326,+,8.796,90,0.15942521393299103,-0.04438126087188721,0.20380647480487823
MSN4,55,336,341,-,8.796,93,-0.19659239053726196,-0.169784277677536,-0.026808112859725952
MSN4,56,88,93,+,8.796,93,-0.35529670119285583,-0.5214027166366577,0.16610601544380188
MSN4,56,315,320,+,8.796,88,-0.38601458072662354,-0.9034919738769531,0.5174773931503296
MSN4,56,442,447,-,8.796,95,-0.6474031805992126,-0.3640606701374054,-0.28334251046180725
MSN4,56,490,495,+,8.796,50,-1.106999158859253,-0.24195596575737,-0.8650431931018829
MSN4,57,22,27,+,8.796,61,-0.33216381072998047,-0.08221209049224854,-0.24995172023773193
MSN4,57,51,56,-,8.796,84,0.05863870680332184,-0.0786612331867218,0.13729993999004364
MSN4,57,91,96,-,8.796,89,-0.20217210054397583,-0.16153593361377716,-0.04063616693019867
MSN4,57,409,414,-,8.796,91,-0.9192310571670532,0.709143340587616,-1.6283743977546692
MSN4,58,25,30,+,8.796,75,-0.1309344470500946,-0.07464399933815002,-0.05629044771194458
MSN4,58,103,108,-,8.796,100,-0.056884199380874634,-0.18213480710983276,0.12525060772895813
MSN4,58,394,399,+,8.796,95,-0.2465137392282486,0.06785663962364197,-0.31437037885189056
MSN4,59,36,41,+,8.796,54,0.7027524709701538,-0.07180207967758179,0.7745545506477356
MSN4,59,45,50,+,8.796,63,0.822860598564148,-0.025319218635559082,0.848179817199707
MSN4,59,74,79,+,8.796,71,1.1250073909759521,-0.6223766207695007,1.7473840117454529
MSN4,59,106,111,+,8.796,79,1.2600288391113281,-0.3753182888031006,1.6353471279144287
MSN4,59,396,401,+,8.796,95,0.01878032088279724,0.39580047130584717,-0.3770201504230499
MSN4,60,8,13,+,8.796,42,-0.8322725296020508,-0.44566062092781067,-0.3866119086742401
MSN4,60,30,35,+,8.796,63,-0.1985710859298706,-0.13827049732208252,-0.060300588607788086
MSN4,60,119,124,+,8.796,74,0.11761631071567535,0.8284763693809509,-0.7108600586652756
MSN4,60,164,169,-,8.796,39,-0.2880641222000122,-0.39051276445388794,0.10244864225387573
MSN4,60,245,250,+,8.796,69,0.19112256169319153,-0.026781219989061356,0.21790378168225288
MSN4,60,486,491,+,8.796,59,-0.3895353078842163,-0.26265260577201843,-0.12688270211219788
MSN4,61,76,81,+,8.796,87,0.43586358428001404,0.07514888048171997,0.36071470379829407
MSN4,61,101,106,+,8.796,88,0.23113465309143066,0.014869391918182373,0.2162652611732483
MSN4,61,165,170,-,8.796,64,0.54387366771698,-0.34992286562919617,0.8937965333461761
MSN4,61,419,424,-,8.796,95,-0.6673334836959839,-0.4292650520801544,-0.23806843161582947
MSN4,61,446,451,-,8.796,87,1.3313418626785278,0.08451399207115173,1.246827870607376
MSN4,62,34,39,-,8.796,68,0.073188915848732,-0.5989282131195068,0.6721171289682388
MSN4,62,384,389,+,8.796,88,-0.06128557771444321,0.7394047379493713,-0.8006903156638145
MSN4,63,8,13,+,8.796,58,-0.019460245966911316,-0.10761351883411407,0.08815327286720276
MSN4,64,22,27,+,8.796,70,-0.4007807970046997,0.9647660255432129,-1.3655468225479126
MSN4,64,110,115,-,8.796,81,0.04972940683364868,-0.2786359190940857,0.3283653259277344
MSN4,64,145,150,-,8.796,80,0.939468264579773,-0.11708449572324753,1.0565527603030205
MSN4,65,69,74,-,8.796,76,-0.14840030670166016,1.5735069513320923,-1.7219072580337524
MSN4,65,189,194,+,8.796,89,0.29553544521331787,-0.45787519216537476,0.7534106373786926
MSN4,65,202,207,+,8.796,84,0.45083823800086975,-0.6671629548072815,1.1180011928081512
MSN4,65,262,267,-,8.796,76,-0.18050281703472137,-0.04913961887359619,-0.13136319816112518
MSN4,65,274,279,-,8.796,82,-0.6065770387649536,0.018690913915634155,-0.6252679526805878
MSN4,65,310,315,-,8.796,87,0.09279046952724457,-0.3403475880622864,0.43313805758953094
MSN4,65,409,414,-,8.796,94,-0.005337651818990707,-0.3566877841949463,0.3513501323759556
MSN4,66,131,136,-,8.796,79,-0.11654049158096313,0.3895719647407532,-0.5061124563217163
MSN4,66,150,155,-,8.796,82,0.44751548767089844,-0.15842020511627197,0.6059356927871704
MSN4,66,242,247,-,8.796,94,-0.3307763934135437,-0.6761236190795898,0.34534722566604614
MSN4,67,22,27,+,8.796,72,-0.07463645935058594,-0.284334659576416,0.20969820022583008
MSN4,67,114,119,+,8.796,88,0.5151370167732239,-0.6898667216300964,1.2050037384033203
MSN4,67,133,138,+,8.796,79,-0.39781898260116577,0.578101396560669,-0.9759203791618347
MSN4,67,406,411,-,8.796,75,-0.15866991877555847,0.05480027198791504,-0.2134701907634735
MSN4,67,414,419,-,8.796,75,-0.37336188554763794,0.5151196122169495,-0.8884814977645874
MSN4,68,162,167,+,8.796,89,0.17054302990436554,-0.3573879897594452,0.5279310196638107
MSN4,69,65,70,-,8.796,76,-0.3259471356868744,-0.009608268737792969,-0.3163388669490814
MSN4,69,453,458,-,8.796,84,-0.374671995639801,0.3738917112350464,-0.7485637068748474
MSN4,70,3,8,+,8.796,35,-0.30873867869377136,0.3428925573825836,-0.651631236076355
MSN4,70,11,16,+,8.796,43,0.6344478726387024,-0.310629665851593,0.9450775384902954
MSN4,70,286,291,-,8.796,84,0.020702870562672615,-0.1347513645887375,0.1554542351514101
MSN4,70,336,341,-,8.796,81,0.08351558446884155,-0.2917901873588562,0.37530577182769775
MSN4,71,23,28,+,8.796,64,-0.20829832553863525,-0.7189558744430542,0.510657548904419
MSN4,71,54,59,+,8.796,85,-0.1418408751487732,0.22657635807991028,-0.36841723322868347
MSN4,71,117,122,+,8.796,83,0.41597723960876465,-0.6379899978637695,1.0539672374725342
MSN4,71,415,420,-,8.796,100,-0.7087581753730774,-0.20723795890808105,-0.5015202164649963
MSN4,72,34,39,+,8.796,55,-0.35234394669532776,-0.2592613101005554,-0.09308263659477234
MSN4,72,114,119,+,8.796,70,-0.21676380932331085,1.0103517770767212,-1.227115586400032
MSN4,72,133,138,+,8.796,71,-0.07002094388008118,-0.40353304147720337,0.3335120975971222
MSN4,72,149,154,+,8.796,71,-0.15329158306121826,-0.6240252256393433,0.470733642578125
MSN4,72,162,167,+,8.796,67,-0.4241328537464142,-0.23843416571617126,-0.18569868803024292
MSN4,72,411,416,+,8.796,94,-0.884821891784668,1.722111463546753,-2.606933355331421
MSN4,73,53,58,+,8.796,100,-0.26221954822540283,-0.7233783006668091,0.46115875244140625
MSN4,73,132,137,-,8.796,77,-0.3194810152053833,-0.390678346157074,0.07119733095169067
MSN4,73,177,182,-,8.796,76,-0.114090695977211,-0.21154910326004028,0.09745840728282928
MSN4,73,216,221,-,8.796,86,0.14241325855255127,-0.8327620029449463,0.9751752614974976
MSN4,73,388,393,+,8.796,58,-1.0690116882324219,-0.30211901664733887,-0.766892671585083
MSN4,74,51,56,-,8.796,78,-0.7087053656578064,-0.3244359493255615,-0.3842694163322449
MSN4,74,69,74,-,8.796,84,-0.31810858845710754,-0.24187587201595306,-0.07623271644115448
MSN4,74,80,85,+,8.796,79,-0.5547693371772766,-0.27692243456840515,-0.27784690260887146
MSN4,74,288,293,-,8.796,100,0.4064299464225769,-0.19578921794891357,0.6022191643714905
MSN4,75,121,126,+,8.796,71,0.19900305569171906,-0.37659743428230286,0.5756004899740219
MSN4,75,178,183,-,8.796,78,-0.1803191602230072,0.2404222935438156,-0.4207414537668228
MSN4,75,223,228,+,8.796,80,-0.03565290570259094,-0.017024606466293335,-0.018628299236297607
MSN4,75,343,348,-,8.796,92,-0.42154160141944885,0.053891152143478394,-0.47543275356292725
MSN4,75,432,437,-,8.796,99,0.1895594596862793,-0.29104191064834595,0.48060137033462524
MSN4,76,61,66,-,8.796,73,-0.17560774087905884,0.13565291464328766,-0.3112606555223465
MSN4,76,239,244,-,8.796,85,-0.7035526037216187,-0.285625696182251,-0.4179269075393677
MSN4,76,246,251,-,8.796,85,-0.20923888683319092,0.0503489151597023,-0.2595878019928932
MSN4,76,267,272,+,8.796,85,-0.7779443264007568,0.18803735077381134,-0.9659816771745682
MSN4,76,286,291,-,8.796,85,-0.2544233202934265,-0.5563052892684937,0.30188196897506714
MSN4,76,341,346,-,8.796,100,-0.33689719438552856,-0.3216094970703125,-0.015287697315216064
MSN4,76,452,457,-,8.796,79,-0.31499984860420227,-0.6815599799156189,0.3665601313114166
MSN4,77,250,255,+,8.796,95,-0.5858523845672607,0.31547364592552185,-0.9013260304927826
MSN4,77,259,264,+,8.796,95,-0.34814417362213135,-0.35888034105300903,0.010736167430877686
MSN4,77,409,414,+,8.796,76,-0.4428560435771942,0.28046128153800964,-0.7233173251152039
MSN4,78,148,153,+,8.796,81,-0.39353930950164795,0.03300899267196655,-0.4265483021736145
MSN4,78,187,192,+,8.796,79,-0.2829263210296631,-0.5009417533874512,0.21801543235778809
MSN4,78,195,200,+,8.796,77,-0.07095327228307724,0.42251914739608765,-0.4934724196791649
MSN4,78,304,309,+,8.796,90,-0.4694194793701172,-0.14328579604625702,-0.32613368332386017
MSN4,78,414,419,+,8.796,79,-0.1877281367778778,-0.4013534486293793,0.21362531185150146
MSN4,78,444,449,-,8.796,70,-0.6152225136756897,-0.9004608392715454,0.2852383255958557
MSN4,79,244,249,+,8.796,85,-0.3787696957588196,-0.17857298254966736,-0.20019671320915222
MSN4,79,275,280,+,8.796,84,1.142457127571106,-0.3960486352443695,1.5385057628154755
MSN4,79,294,299,+,8.796,84,1.2233449220657349,-0.27538394927978516,1.49872887134552
MSN4,79,420,425,-,8.796,86,-1.0405775308609009,-0.21161958575248718,-0.8289579451084137
MSN4,80,123,128,+,8.796,74,-0.1506367027759552,-0.6468755006790161,0.4962387979030609
MSN4,80,138,143,-,8.796,72,0.21579448878765106,-0.12219084799289703,0.3379853367805481
MSN4,80,368,373,-,8.796,93,0.3959059715270996,-0.4964020252227783,0.8923079967498779
MSN4,81,246,251,+,8.796,83,-0.7168451547622681,-0.09195279330015182,-0.6248923614621162
MSN4,81,278,283,-,8.796,77,-0.4002138674259186,-0.8970894813537598,0.4968756139278412
MSN4,82,86,91,+,8.796,63,-0.0755026638507843,0.16446450352668762,-0.23996716737747192
MSN4,82,110,115,+,8.796,63,0.21420088410377502,0.38191497325897217,-0.16771408915519714
MSN4,82,126,131,-,8.796,69,-0.14572474360466003,-0.09584274888038635,-0.04988199472427368
MSN4,82,192,197,+,8.796,84,-0.0704798698425293,0.042054206132888794,-0.11253407597541809
MSN4,82,236,241,+,8.796,84,0.056694477796554565,-0.4005376696586609,0.45723214745521545
MSN4,82,246,251,+,8.796,89,0.4169531464576721,-0.3022061288356781,0.7191592752933502
MSN4,82,292,297,+,8.796,76,0.13550527393817902,0.2514338791370392,-0.11592860519886017
MSN4,83,258,263,+,8.796,68,0.9052824378013611,-0.18180561065673828,1.0870880484580994
MSN4,83,286,291,-,8.796,66,-0.6194555759429932,-0.2596372067928314,-0.35981836915016174
MSN4,83,456,461,+,8.796,71,-0.8059090971946716,-0.9319131374359131,0.12600404024124146
MSN4,84,18,23,+,8.796,63,-0.45503926277160645,-0.36171016097068787,-0.09332910180091858
MSN4,84,34,39,+,8.796,79,-0.5217412114143372,0.18594609200954437,-0.7076873034238815
MSN4,84,107,112,+,8.796,79,-0.9030686020851135,0.4374215602874756,-1.3404901623725891
MSN4,85,116,121,-,8.796,86,-0.05919581651687622,-0.00845019519329071,-0.05074562132358551
MSN4,85,227,232,+,8.796,73,0.12173613905906677,-0.35134536027908325,0.47308149933815
MSN4,85,306,311,+,8.796,70,0.03197507560253143,0.2365831881761551,-0.20460811257362366
MSN4,85,316,321,+,8.796,73,-0.3107024133205414,-0.21042442321777344,-0.10027799010276794
MSN4,86,69,74,-,8.796,80,-0.4511716663837433,0.4730202853679657,-0.924191951751709
MSN4,86,272,277,+,8.796,46,-1.2969322204589844,0.009846508502960205,-1.3067787289619446
MSN4,86,279,284,+,8.796,42,-1.2363560199737549,0.004431962966918945,-1.2407879829406738
MSN4,86,289,294,-,8.796,42,-0.9007444381713867,0.02948734164237976,-0.9302317798137665
MSN4,86,326,331,-,8.796,64,-0.3187085688114166,0.09728279709815979,-0.4159913659095764
MSN4,86,485,490,-,8.796,58,0.645735502243042,-0.2397404909133911,0.8854759931564331
MSN4,87,36,41,-,8.796,69,-0.08329254388809204,0.06781530380249023,-0.15110784769058228
MSN4,87,143,148,+,8.796,76,-0.5872276425361633,-0.19852489233016968,-0.38870275020599365
MSN4,87,155,160,-,8.796,71,-0.47353553771972656,0.0006611347198486328,-0.4741966724395752
MSN4,87,172,177,+,8.796,77,0.15479014813899994,-0.04995077848434448,0.20474092662334442
MSN4,87,205,210,-,8.796,77,-0.5099263787269592,-0.13530993461608887,-0.37461644411087036
MSN4,87,234,239,-,8.796,74,0.2201438546180725,-0.0224381685256958,0.2425820231437683
MSN4,87,268,273,-,8.796,84,-0.14385265111923218,-0.28577491641044617,0.141922265291214
MSN4,87,283,288,+,8.796,84,-0.09330075979232788,0.5283198952674866,-0.6216206550598145
MSN4,87,367,372,+,8.796,100,-0.3316112160682678,-0.17614701390266418,-0.15546420216560364
MSN4,87,445,450,-,8.796,87,-0.8275262117385864,-0.9124374985694885,0.0849112868309021
MSN4,89,218,223,-,8.796,77,-0.8932399153709412,0.0960012674331665,-0.9892411828041077
MSN4,89,243,248,-,8.796,72,-0.4286248981952667,-0.08489516377449036,-0.34372973442077637
MSN4,89,291,296,-,8.796,95,-0.21003484725952148,0.343799352645874,-0.5538341999053955
MSN4,89,362,367,+,8.796,91,-0.4653230607509613,-0.37843838334083557,-0.08688467741012573
MSN4,89,464,469,-,8.796,81,-0.37479981780052185,-0.6271357536315918,0.25233593583106995
MSN4,90,168,173,+,8.796,93,0.0015974938869476318,-0.39593571424484253,0.39753320813179016
MSN4,90,215,220,+,8.796,90,-0.12892337143421173,0.049143970012664795,-0.17806734144687653
MSN4,90,221,226,-,8.796,93,0.3668662905693054,-0.8068314790725708,1.1736977696418762
MSN4,91,171,176,+,8.796,78,0.5824882388114929,0.5143015384674072,0.0681867003440857
MSN4,91,262,267,+,8.796,94,0.3908400535583496,-0.06399466097354889,0.4548347145318985
MSN4,91,298,303,+,8.796,85,-1.3075631856918335,-0.3465341031551361,-0.9610290825366974
MSN4,91,316,321,+,8.796,89,-0.5630402565002441,-0.10175618529319763,-0.4612840712070465
MSN4,91,336,341,+,8.796,90,-0.2967528998851776,0.575507640838623,-0.8722605407238007
MSN4,91,491,496,-,8.796,54,-0.23061560094356537,-0.11289864778518677,-0.1177169531583786
MSN4,92,180,185,+,8.796,67,-0.4370531737804413,0.10572100430727005,-0.5427741780877113
MSN4,92,229,234,-,8.796,80,1.4526711702346802,-0.2159106284379959,1.668581798672676
MSN4,92,325,330,-,8.796,74,0.3424980342388153,0.19808852672576904,0.14440950751304626
MSN4,92,395,400,+,8.796,91,-0.039655089378356934,0.3901110887527466,-0.4297661781311035
MSN4,93,56,61,+,8.796,94,-0.1165727972984314,-0.014143943786621094,-0.1024288535118103
MSN4,93,446,451,-,8.796,70,0.47638940811157227,-0.7118692398071289,1.1882586479187012
MSN4,94,2,7,+,8.796,40,-0.10231900215148926,0.12415710091590881,-0.22647610306739807
MSN4,94,57,62,+,8.796,81,-0.10004812479019165,0.09142276644706726,-0.1914708912372589
MSN4,94,168,173,+,8.796,81,-0.18571898341178894,-0.09226855635643005,-0.09345042705535889
MSN4,94,238,243,+,8.796,86,-0.10230886936187744,-0.6257013082504272,0.5233924388885498
MSN4,94,250,255,-,8.796,86,0.030949264764785767,-0.3946218490600586,0.42557111382484436
MSN4,95,28,33,+,8.796,76,-0.5699377059936523,-0.2025001496076584,-0.36743755638599396
MSN4,95,377,382,+,8.796,100,-0.456096351146698,-1.0008678436279297,0.5447714924812317
MSN4,96,135,140,+,8.796,90,1.1238394975662231,-0.38399842381477356,1.5078379213809967
MSN4,96,147,152,+,8.796,84,1.0343995094299316,-1.2544057369232178,2.2888052463531494
MSN4,96,165,170,-,8.796,72,-0.36145198345184326,-0.15275713801383972,-0.20869484543800354
MSN4,97,7,12,+,8.796,51,-0.33131879568099976,0.0021383464336395264,-0.3334571421146393
MSN4,97,141,146,-,8.796,86,0.6077890992164612,-0.19454947113990784,0.802338570356369
MSN4,98,112,117,-,8.796,89,-0.31038615107536316,0.0905228853225708,-0.40090903639793396
MSN4,98,121,126,-,8.796,89,-0.590752899646759,-0.036992788314819336,-0.5537601113319397
MSN4,98,342,347,-,8.796,94,-0.6326897144317627,-0.2169782817363739,-0.4157114326953888
MSN4,98,404,409,-,8.796,95,-0.19331875443458557,1.3812843561172485,-1.574603110551834
MSN4,98,420,425,-,8.796,95,-0.44485151767730713,1.495179533958435,-1.9400310516357422
MSN4,99,20,25,+,8.796,63,-0.4942430555820465,-0.07892882823944092,-0.4153142273426056
MSN4,99,80,85,+,8.796,93,1.7230103015899658,0.05088973045349121,1.6721205711364746
MSN4,99,128,133,+,8.796,84,-0.41327813267707825,-0.07835924625396729,-0.33491888642311096
MSN4,99,415,420,-,8.796,100,0.07251833379268646,0.6968528032302856,-0.6243344694375992
MSN4,100,7,12,-,8.796,37,-0.00509113073348999,-0.24054154753684998,0.23545041680335999
MSN4,100,177,182,+,8.796,82,-0.13955411314964294,-0.10664570331573486,-0.03290840983390808
MSN4,100,299,304,-,8.796,90,-0.10178500413894653,0.5914558172225952,-0.6932408213615417
MSN4,100,328,333,+,8.796,73,-0.41892069578170776,-0.5506246089935303,0.1317039132118225
MSN4,100,337,342,+,8.796,70,-0.684908926486969,-0.2678636610507965,-0.4170452654361725
MSN4,101,1,6,+,8.796,45,-1.2932019233703613,0.11833307147026062,-1.411534994840622
MSN4,101,80,85,-,8.796,82,-1.191660761833191,-0.09586048126220703,-1.0958002805709839
MSN4,101,88,93,+,8.796,82,-0.8638345003128052,-0.21583548188209534,-0.6479990184307098
MSN4,101,423,428,-,8.796,98,-0.3662099540233612,-0.4681653380393982,0.10195538401603699
MSN4,102,86,91,-,8.796,82,-0.47077664732933044,-0.536697268486023,0.0659206211566925
MSN4,102,94,99,+,8.796,82,-0.6711471676826477,-0.47573739290237427,-0.19540977478027344
MSN4,102,173,178,-,8.796,74,-0.7104769945144653,1.0376559495925903,-1.7481329441070557
MSN4,102,217,222,-,8.796,75,0.7818044424057007,0.16175693273544312,0.6200475096702576
MSN4,102,237,242,+,8.796,76,0.5320151448249817,-0.6473610997200012,1.179376244544983
MSN4,102,478,483,+,8.796,67,0.5900610089302063,0.11789765954017639,0.4721633493900299
MSN4,103,149,154,-,8.796,67,0.05783700942993164,-0.1735558807849884,0.23139289021492004
MSN4,103,163,168,+,8.796,68,-0.12032480537891388,0.3729931116104126,-0.4933179169893265
MSN4,104,98,103,+,8.796,86,-0.06862655282020569,0.046269070357084274,-0.11489562317728996
MSN4,104,278,283,+,8.796,69,-0.19720986485481262,0.4239293038845062,-0.6211391687393188
MSN4,104,333,338,+,8.796,100,0.49986371397972107,-0.03257188946008682,0.5324356034398079
MSN4,104,419,424,-,8.796,100,-0.2339639514684677,1.0196446180343628,-1.2536085695028305
MSN4,105,134,139,+,8.796,78,0.3691003918647766,0.21785928308963776,0.15124110877513885
MSN4,105,432,437,-,8.796,85,0.31516700983047485,-0.042218565940856934,0.3573855757713318
MSN4,105,445,450,-,8.796,94,-0.4300104081630707,0.939530611038208,-1.3695410192012787
MSN4,106,35,40,+,8.796,69,-0.7457761764526367,0.3461158871650696,-1.0918920636177063
MSN4,106,47,52,+,8.796,77,-0.4640154242515564,-0.3544198274612427,-0.10959559679031372
MSN4,106,114,119,+,8.796,67,-0.15777483582496643,-0.36418282985687256,0.20640799403190613
MSN4,107,64,69,+,8.796,79,0.32831311225891113,-0.002898573875427246,0.3312116861343384
MSN4,107,111,116,+,8.796,81,0.09264624118804932,-0.28834235668182373,0.38098859786987305
MSN4,107,320,325,-,8.796,75,1.097437858581543,-0.29120227694511414,1.388640135526657
MSN4,107,335,340,+,8.796,82,0.2568818926811218,0.07823961973190308,0.17864227294921875
MSN4,107,417,422,-,8.796,95,2.243006706237793,0.5075832605361938,1.7354234457015991
MSN4,107,434,439,-,8.796,95,0.9087473154067993,0.008937180042266846,0.8998101353645325
MSN4,108,107,112,+,8.796,77,0.2315036654472351,-0.11901077628135681,0.3505144417285919
MSN4,108,125,130,+,8.796,83,0.11681246757507324,-0.1341092884540558,0.25092175602912903
MSN4,108,243,248,-,8.796,70,-0.5230876803398132,-0.3009042739868164,-0.22218340635299683
MSN4,108,253,258,+,8.796,67,0.104312464594841,-0.07488024234771729,0.1791927069425583
MSN4,108,258,263,+,8.796,62,-0.1360902190208435,-0.12173923850059509,-0.014350980520248413
MSN4,108,308,313,+,8.796,68,0.34036922454833984,0.11654292047023773,0.2238263040781021
MSN4,108,347,352,+,8.796,86,-0.8008041381835938,-0.4136675000190735,-0.38713663816452026
MSN4,108,420,425,-,8.796,75,-1.092765212059021,-0.7753137946128845,-0.3174514174461365
MSN4,108,469,474,-,8.796,51,0.13301467895507812,-1.1415451765060425,1.2745598554611206
MSN4,109,41,46,+,8.796,85,-0.7253745794296265,-0.6442897319793701,-0.08108484745025635
MSN4,109,145,150,+,8.796,89,0.0844600573182106,-0.7419835329055786,0.8264435902237892
MSN4,109,426,431,-,8.796,94,-0.48235368728637695,0.3983497619628906,-0.8807034492492676
MSN4,110,90,95,-,8.796,84,-0.2633518576622009,0.7065811157226562,-0.9699329733848572
MSN4,110,119,124,+,8.796,84,-0.12549376487731934,-0.039027854800224304,-0.08646591007709503
MSN4,110,188,193,-,8.796,87,-0.23739585280418396,0.5019311308860779,-0.7393269836902618
MSN4,111,11,16,+,8.796,61,-0.7425763010978699,-0.8185243606567383,0.07594805955886841
MSN4,111,97,102,-,8.796,79,-0.4292324483394623,0.5830807089805603,-1.0123131573200226
MSN4,111,135,140,-,8.796,46,2.8138086795806885,-0.15837305784225464,2.972181737422943
MSN4,111,229,234,+,8.796,62,0.8163443803787231,1.3940250873565674,-0.5776807069778442
MSN4,111,342,347,-,8.796,87,-0.29037874937057495,0.05229988694190979,-0.34267863631248474
MSN4,112,62,67,-,8.796,95,-0.05029904842376709,-0.4561365246772766,0.4058374762535095
MSN4,112,71,76,+,8.796,95,0.14446312189102173,-0.2381899654865265,0.3826530873775482
MSN4,112,251,256,+,8.796,75,-0.7587158679962158,0.6875794529914856,-1.4462953209877014
MSN4,112,289,294,-,8.796,80,-0.19882634282112122,0.6702224016189575,-0.8690487444400787
MSN4,112,296,301,-,8.796,77,0.4116370677947998,1.376846194267273,-0.9652091264724731
MSN4,112,324,329,-,8.796,82,0.9547383785247803,0.04085627943277359,0.9138820990920067
MSN4,112,393,398,+,8.796,91,-0.16551470756530762,-0.657522439956665,0.4920077323913574
MSN4,113,118,123,-,8.796,66,0.13964179158210754,-0.1540871262550354,0.29372891783714294
MSN4,113,270,275,+,8.796,88,0.12448570132255554,-0.38061463832855225,0.5051003396511078
MSN4,113,400,405,+,8.796,89,0.8491988778114319,-0.055970966815948486,0.9051698446273804
MSN4,113,415,420,-,8.796,81,-0.7527823448181152,0.5690569877624512,-1.3218393325805664
MSN4,113,491,496,-,8.796,40,-1.1616517305374146,-0.5168721079826355,-0.644779622554779
MSN4,114,100,105,-,8.796,88,-0.16849470138549805,0.04994243383407593,-0.21843713521957397
MSN4,114,126,131,+,8.796,88,-0.394845187664032,-0.19962462782859802,-0.19522055983543396
MSN4,114,288,293,+,8.796,57,0.2183849960565567,0.002776920795440674,0.21560807526111603
MSN4,114,359,364,-,8.796,78,-0.1473197638988495,0.5476354956626892,-0.6949552595615387
MSN4,115,151,156,+,8.796,83,-0.0990670919418335,0.10737709701061249,-0.20644418895244598
MSN4,115,235,240,+,8.796,78,-0.4129725694656372,0.2934170365333557,-0.7063896059989929
MSN4,115,258,263,+,8.796,86,-0.5035440921783447,-0.3748340606689453,-0.12871003150939941
MSN4,116,162,167,+,8.796,100,-0.36323702335357666,-0.5059354305267334,0.14269840717315674
MSN4,116,369,374,+,8.796,72,-0.33430215716362,-0.17225340008735657,-0.16204875707626343
MSN4,117,13,18,-,8.796,63,-0.38616278767585754,-0.6355090141296387,0.24934622645378113
MSN4,117,330,335,+,8.796,76,-0.0867571234703064,-0.10389380156993866,0.017136678099632263
MSN4,117,379,384,+,8.796,83,0.029605507850646973,0.1533215045928955,-0.12371599674224854
MSN4,117,401,406,+,8.796,88,-0.24197140336036682,-0.5545282363891602,0.31255683302879333
MSN4,118,231,236,+,8.796,60,-0.4598168432712555,-0.2695126533508301,-0.19030418992042542
MSN4,118,255,260,+,8.796,41,0.9032977819442749,0.34306254982948303,0.5602352321147919
MSN4,118,276,281,+,8.796,46,1.3543117046356201,0.16701531410217285,1.1872963905334473
MSN4,118,297,302,-,8.796,60,0.32130420207977295,-0.019074156880378723,0.3403783589601517
MSN4,118,306,311,+,8.796,69,1.016402006149292,0.05056719481945038,0.9658348113298416
MSN4,119,6,11,-,8.796,51,0.21514993906021118,-0.1904279589653015,0.4055778980255127
MSN4,119,42,47,-,8.796,87,0.03619697690010071,-0.3202992081642151,0.3564961850643158
MSN4,119,374,379,-,8.796,100,-0.029342204332351685,0.2662881016731262,-0.2956303060054779
MSN4,120,120,125,-,8.796,85,-0.24202024936676025,0.7682625651359558,-1.010282814502716
MSN4,120,190,195,+,8.796,97,-0.5345664620399475,-0.32881903648376465,-0.20574742555618286
MSN4,120,264,269,+,8.796,70,0.0979706346988678,0.7793176174163818,-0.681346982717514
MSN4,120,324,329,+,8.796,77,-0.48374032974243164,-0.21522179245948792,-0.2685185372829437
MSN4,120,355,360,-,8.796,93,-0.06511501222848892,0.28441110253334045,-0.3495261147618294
MSN4,120,409,414,+,8.796,88,-0.7730687856674194,0.3184102177619934,-1.0914790034294128
MSN4,120,431,436,-,8.796,86,0.15133190155029297,0.3076056241989136,-0.1562737226486206
MSN4,121,32,37,-,8.796,52,-0.5990836024284363,0.19890964031219482,-0.7979932427406311
MSN4,121,204,209,+,8.796,75,-0.35999882221221924,0.37137550115585327,-0.7313743233680725
MSN4,121,250,255,+,8.796,75,0.01530677080154419,0.10483267903327942,-0.08952590823173523
MSN4,121,321,326,+,8.796,73,-0.2592138648033142,-0.21429747343063354,-0.044916391372680664
MSN4,122,195,200,+,8.796,83,0.07320412993431091,0.06942597031593323,0.0037781596183776855
MSN4,122,356,361,-,8.796,87,0.21430720388889313,-0.5170627236366272,0.7313699275255203
MSN4,122,388,393,-,8.796,95,0.045121148228645325,-0.017104625701904297,0.06222577393054962
MSN4,123,81,86,+,8.796,73,1.1749510765075684,-0.017087388783693314,1.1920384652912617
MSN4,123,129,134,+,8.796,59,1.3044710159301758,-0.08628308773040771,1.3907541036605835
MSN4,124,79,84,+,8.796,91,-0.7710816860198975,-0.2616412341594696,-0.5094404518604279
MSN4,124,192,197,-,8.796,77,1.4028998613357544,0.4554413855075836,0.9474584758281708
MSN4,124,298,303,+,8.796,85,-0.0033855289220809937,-0.5447952747344971,0.5414097458124161
MSN4,124,445,450,-,8.796,92,0.8969836235046387,-0.4882561266422272,1.3852397501468658
MSN4,125,218,223,+,8.796,100,-0.4081166088581085,0.16044747829437256,-0.5685640871524811
MSN4,125,360,365,+,8.796,100,0.13468413054943085,0.8475986123085022,-0.7129144817590714
MSN4,125,445,450,-,8.796,100,-0.42411941289901733,-0.49046584963798523,0.0663464367389679
MSN4,126,131,136,+,8.796,84,-0.10121297836303711,-0.5975244641304016,0.4963114857673645
MSN4,126,247,252,+,8.796,59,1.364182710647583,-0.5860825777053833,1.9502652883529663
MSN4,127,134,139,-,8.796,94,0.22275352478027344,-0.3657994866371155,0.5885530114173889
MSN4,127,307,312,+,8.796,85,-0.35145044326782227,0.46379297971725464,-0.8152434229850769
MSN4,127,352,357,+,8.796,95,-0.04724875092506409,-0.4952565133571625,0.4480077624320984
MSN4,128,122,127,+,8.796,74,0.02917960286140442,-0.35476943850517273,0.38394904136657715
MSN4,128,143,148,+,8.796,70,-0.25942662358283997,0.7093055248260498,-0.9687321484088898
MSN4,128,189,194,+,8.796,87,-0.7634750604629517,1.002894639968872,-1.7663697004318237
MSN4,128,269,274,+,8.796,81,-0.818100094795227,-0.311603844165802,-0.506496250629425
MSN4,128,329,334,-,8.796,68,-0.397877037525177,0.5154174566268921,-0.9132944941520691
MSN4,128,374,379,+,8.796,87,0.26199477910995483,-0.08321329951286316,0.345208078622818
MSN4,129,7,12,-,8.796,47,-0.1222514808177948,0.9938977360725403,-1.116149216890335
MSN4,129,59,64,+,8.796,83,-0.553374707698822,-0.6653319001197815,0.11195719242095947
MSN4,129,124,129,+,8.796,93,-0.6096016764640808,-0.38107267022132874,-0.22852900624275208
MSN4,129,255,260,+,8.796,79,-0.2653110921382904,0.4981369078159332,-0.7634479999542236
MSN4,129,444,449,-,8.796,100,-0.14379343390464783,-0.08194977045059204,-0.061843663454055786
MSN4,130,81,86,+,8.796,84,-0.011448502540588379,0.39506450295448303,-0.4065130054950714
MSN4,130,136,141,+,8.796,74,-0.38145968317985535,0.6966687440872192,-1.0781284272670746
MSN4,130,216,221,+,8.796,85,0.01270308718085289,-0.26118138432502747,0.27388447150588036
MSN4,130,229,234,+,8.796,85,-0.7070114612579346,-0.5426650047302246,-0.16434645652770996
MSN4,130,266,271,-,8.796,72,0.47790443897247314,0.09012874960899353,0.3877756893634796
MSN4,130,322,327,-,8.796,82,0.7986947894096375,1.7295174598693848,-0.9308226704597473
MSN4,130,342,347,-,8.796,82,0.49355068802833557,1.5899540185928345,-1.096403330564499
MSN4,130,399,404,+,8.796,80,-0.1465064436197281,-0.20283490419387817,0.056328460574150085
MSN4,131,54,59,+,8.796,100,0.304833322763443,0.5168606042861938,-0.21202728152275085
MSN4,132,237,242,+,8.796,82,-0.6306828856468201,0.08793774247169495,-0.718620628118515
MSN4,132,242,247,+,8.796,85,-0.6955339312553406,0.22894418239593506,-0.9244781136512756
MSN4,132,253,258,+,8.796,77,-0.8107150793075562,0.4770165681838989,-1.287731647491455
MSN4,132,274,279,+,8.796,67,1.182838797569275,-0.5241551995277405,1.7069939970970154
MSN4,132,312,317,+,8.796,71,3.158639669418335,0.6179249286651611,2.540714740753174
MSN4,132,349,354,+,8.796,76,-0.24213741719722748,-0.18741291761398315,-0.054724499583244324
MSN4,132,410,415,-,8.796,90,0.23573775589466095,-0.08311563730239868,0.31885339319705963
MSN4,133,2,7,-,8.796,52,0.02024543285369873,-0.3873603940010071,0.4076058268547058
MSN4,133,159,164,+,8.796,66,-0.7915588617324829,0.08532007038593292,-0.8768789321184158
MSN4,133,232,237,-,8.796,90,-0.8232319951057434,0.24602830410003662,-1.06926029920578
MSN4,133,395,400,-,8.796,100,-0.2110920399427414,-0.2934853732585907,0.0823933333158493
MSN4,133,483,488,-,8.796,62,-0.6975444555282593,-0.08635729551315308,-0.6111871600151062
MSN4,134,216,221,+,8.796,83,-0.7595369815826416,0.1399921476840973,-0.8995291292667389
MSN4,134,251,256,+,8.796,73,-0.4241372346878052,-0.4188128709793091,-0.005324363708496094
MSN4,134,277,282,+,8.796,72,-0.24721898138523102,0.43076449632644653,-0.6779834777116776
MSN4,134,295,300,+,8.796,72,-0.030584990978240967,-0.46822720766067505,0.4376422166824341
MSN4,135,14,19,+,8.796,56,0.06271138787269592,-0.18151161074638367,0.2442229986190796
MSN4,135,142,147,-,8.796,74,-0.22801372408866882,0.41997215151786804,-0.6479858756065369
MSN4,135,248,253,+,8.796,88,-0.18526920676231384,-1.1890366077423096,1.0037674009799957
MSN4,135,401,406,+,8.796,94,0.5800206661224365,0.03958922624588013,0.5404314398765564
MSN4,135,492,497,-,8.796,44,-0.7448854446411133,-0.04447084665298462,-0.7004145979881287
MSN4,136,176,181,+,8.796,40,-0.24100041389465332,0.054063111543655396,-0.2950635254383087
MSN4,136,346,351,+,8.796,62,-0.5960241556167603,-0.6185428500175476,0.022518694400787354
MSN4,136,443,448,-,8.796,72,-0.8325252532958984,-0.36453568935394287,-0.46798956394195557
MSN4,137,131,136,+,8.796,94,-0.24432101845741272,0.023981362581253052,-0.26830238103866577
MSN4,137,199,204,-,8.796,84,-0.7855166792869568,0.022084474563598633,-0.8076011538505554
MSN4,138,180,185,+,8.796,76,-0.11976200342178345,0.596383810043335,-0.7161458134651184
MSN4,139,273,278,+,8.796,80,-0.44877374172210693,-0.607195258140564,0.15842151641845703
MSN4,141,142,147,-,8.796,77,-0.1660432517528534,-0.8279837965965271,0.6619405448436737
MSN4,142,52,57,-,8.796,82,-0.7704460620880127,-0.17784982919692993,-0.5925962328910828
MSN4,142,169,174,-,8.796,89,1.4406362771987915,0.3039562404155731,1.1366800367832184
MSN4,142,299,304,-,8.796,86,-0.5463865995407104,-0.5099483132362366,-0.03643828630447388
MSN4,142,424,429,+,8.796,85,-0.011686325073242188,-0.4084661900997162,0.396779865026474
MSN4,143,86,91,-,8.796,100,-0.7468414902687073,-0.9644346237182617,0.21759313344955444
MSN4,143,153,158,+,8.796,72,-0.06565861403942108,-0.04958507418632507,-0.01607353985309601
MSN4,143,162,167,-,8.796,66,0.008145079016685486,-0.3961579203605652,0.40430299937725067
MSN4,143,301,306,+,8.796,94,-0.392957478761673,-0.001028597354888916,-0.39192888140678406
MSN4,143,418,423,+,8.796,79,0.01233944296836853,0.2632097005844116,-0.2508702576160431
MSN4,144,23,28,-,8.796,73,-0.08098530769348145,0.2812604010105133,-0.36224570870399475
MSN4,144,123,128,+,8.796,76,0.13271157443523407,-0.18603968620300293,0.318751260638237
MSN4,144,129,134,+,8.796,76,0.2719267010688782,0.0812847912311554,0.19064190983772278
MSN4,144,166,171,-,8.796,76,-0.11227050423622131,-0.20703238248825073,0.09476187825202942
MSN4,144,253,258,+,8.796,88,1.3168965578079224,0.23485180735588074,1.0820447504520416
MSN4,145,78,83,+,8.796,93,0.4696890711784363,-0.1756555438041687,0.645344614982605
MSN4,145,84,89,+,8.796,89,1.6587413549423218,0.44098883867263794,1.2177525162696838
MSN4,145,132,137,-,8.796,93,0.5312365293502808,-0.49169081449508667,1.0229273438453674
MSN4,145,238,243,-,8.796,91,-0.39650842547416687,-0.14955371618270874,-0.24695470929145813
MSN4,145,424,429,-,8.796,70,0.09504204988479614,-0.08769925683736801,0.18274130672216415
MSN4,145,429,434,-,8.796,75,-1.0237774848937988,-0.11687725782394409,-0.9069002270698547
MSN4,147,53,58,+,8.796,77,-0.3855263590812683,-0.4075204133987427,0.021994054317474365
MSN4,147,174,179,+,8.796,91,1.3986071348190308,0.37908121943473816,1.0195259153842926
MSN4,147,205,210,+,8.796,91,0.2551878094673157,-0.4704411029815674,0.7256289124488831
MSN4,147,284,289,-,8.796,79,2.4970247745513916,0.023918867111206055,2.4731059074401855
MSN4,147,407,412,-,8.796,87,0.05407381057739258,-0.07458764314651489,0.12866145372390747
MSN4,148,157,162,-,8.796,89,-0.17956644296646118,-0.5216077566146851,0.3420413136482239
MSN4,148,301,306,+,8.796,78,-0.4614473879337311,-0.20988169312477112,-0.25156569480895996
MSN4,148,369,374,+,8.796,82,-0.028236597776412964,-0.24462592601776123,0.21638932824134827
MSN4,148,382,387,+,8.796,82,-0.18245071172714233,-0.13501080870628357,-0.047439903020858765
MSN4,148,411,416,-,8.796,62,0.20096760988235474,0.03153163194656372,0.16943597793579102
MSN4,148,479,484,+,8.796,38,0.1286746859550476,0.12480047345161438,0.0038742125034332275
MSN4,149,14,19,+,8.796,52,1.312362551689148,-0.07795943319797516,1.390321984887123
MSN4,149,20,25,+,8.796,54,2.2503535747528076,-0.01570381224155426,2.266057386994362
MSN4,149,42,47,-,8.796,74,0.32052791118621826,-0.1972065269947052,0.5177344381809235
MSN4,149,68,73,+,8.796,82,-0.07885988056659698,-0.22182849049568176,0.14296860992908478
MSN4,149,161,166,-,8.796,96,0.04225832596421242,-0.16590616106987,0.2081644870340824
MSN4,149,212,217,-,8.796,81,1.526847243309021,0.4703844487667084,1.0564627945423126
MSN4,149,217,222,+,8.796,85,0.4134264886379242,1.659071683883667,-1.2456451952457428
MSN4,149,330,335,+,8.796,95,0.2661861181259155,-0.33056405186653137,0.5967501699924469
MSN4,150,19,24,-,8.796,69,-0.043895870447158813,-0.05709713697433472,0.013201266527175903
MSN4,150,132,137,-,8.796,85,-0.6430114507675171,0.28066563606262207,-0.9236770868301392
MSN4,150,137,142,+,8.796,81,-0.4477911591529846,-0.4754315912723541,0.027640432119369507
MSN4,150,188,193,+,8.796,96,0.877467155456543,-0.6533663868904114,1.5308335423469543
MSN4,150,281,286,-,8.796,82,-0.537356972694397,-0.3054373860359192,-0.23191958665847778
MSN4,150,307,312,+,8.796,76,0.9345808625221252,-0.715352475643158,1.6499333381652832
MSN4,150,329,334,-,8.796,73,2.6302971839904785,0.9131303429603577,1.7171668410301208
MSN4,150,335,340,-,8.796,77,1.7899558544158936,-0.16234898567199707,1.9523048400878906
MSN4,150,356,361,-,8.796,70,0.44436487555503845,0.8604066371917725,-0.416041761636734
MSN4,150,455,460,+,8.796,63,-0.46382004022598267,0.07507751882076263,-0.5388975590467453
MSN4,151,305,310,+,8.796,90,1.7533451318740845,-0.4368119239807129,2.1901570558547974
MSN4,151,334,339,-,8.796,90,-0.34675464034080505,-0.5816588997840881,0.23490425944328308
MSN4,152,58,63,-,8.796,86,-0.09330421686172485,-0.2933989465236664,0.20009472966194153
MSN4,152,158,163,-,8.796,95,0.1072339415550232,-0.5193741321563721,0.6266080737113953
MSN4,152,348,353,+,8.796,90,-0.4528777599334717,-1.047341227531433,0.5944634675979614
MSN4,152,377,382,-,8.796,90,1.7441977262496948,-0.5015704035758972,2.245768129825592
MSN4,153,137,142,-,8.796,83,-0.06666940450668335,-0.27028173208236694,0.2036123275756836
MSN4,153,146,151,+,8.796,83,-0.0761462152004242,-0.35367152094841003,0.27752530574798584
MSN4,153,182,187,+,8.796,83,-0.439214289188385,0.3947718143463135,-0.8339861035346985
MSN4,153,357,362,-,8.796,90,-0.3809249997138977,0.04131197929382324,-0.42223697900772095
MSN4,154,167,172,+,8.796,88,0.45286232233047485,0.4451376795768738,0.007724642753601074
MSN4,154,192,197,-,8.796,88,-0.2717924118041992,-0.3061405122280121,0.034348100423812866
MSN4,154,387,392,+,8.796,93,0.03669048100709915,-0.17888087034225464,0.2155713513493538
MSN4,155,122,127,+,8.796,88,-0.21282194554805756,0.3529086410999298,-0.5657305866479874
MSN4,155,140,145,+,8.796,79,-0.3467465937137604,-0.37165287137031555,0.024906277656555176
MSN4,155,147,152,+,8.796,74,-0.17330434918403625,0.24412891268730164,-0.4174332618713379
MSN4,155,197,202,+,8.796,81,-0.49274033308029175,-0.600325345993042,0.10758501291275024
MSN4,155,234,239,-,8.796,89,-0.4297357201576233,-0.10490265488624573,-0.32483306527137756
MSN4,155,326,331,-,8.796,83,-0.49794232845306396,0.9872509837150574,-1.4851933121681213
MSN4,156,103,108,-,8.796,100,-0.3327799439430237,0.023311149328947067,-0.35609109327197075
MSN4,156,211,216,-,8.796,87,-0.30968761444091797,0.3581015169620514,-0.6677891314029694
MSN4,156,336,341,+,8.796,90,1.0243347883224487,0.2920961081981659,0.7322386801242828
MSN4,156,455,460,-,8.796,84,-0.2141607105731964,-0.4723045825958252,0.2581438720226288
MSN4,157,315,320,+,8.796,82,2.5015480518341064,-0.29041382670402527,2.7919618785381317
MSN4,157,404,409,+,8.796,96,-0.9801791906356812,0.06581070274114609,-1.0459898933768272
MSN4,158,24,29,-,8.796,74,1.717207670211792,-0.6366725564002991,2.353880226612091
MSN4,159,197,202,-,8.796,80,-0.37018468976020813,-0.17140313982963562,-0.1987815499305725
MSN4,159,222,227,+,8.796,83,0.4139525294303894,-0.06252682209014893,0.47647935152053833
MSN4,159,402,407,-,8.796,84,-0.877640962600708,-0.47189444303512573,-0.4057465195655823
MSN4,161,336,341,+,8.796,78,-0.12041038274765015,0.025082528591156006,-0.14549291133880615
MSN4,162,426,431,-,8.796,78,-0.24249672889709473,-0.039328545331954956,-0.20316818356513977
MSN4,163,153,158,-,8.796,83,0.0232657790184021,-0.2265554815530777,0.2498212605714798
MSN4,163,270,275,-,8.796,91,0.2923740744590759,-0.2797382175922394,0.5721122920513153
MSN4,165,280,285,+,8.796,83,-0.16057807207107544,0.10526395589113235,-0.2658420279622078
MSN4,165,332,337,+,8.796,69,0.21758824586868286,0.15373609960079193,0.06385214626789093
MSN4,165,451,456,-,8.796,94,0.29132750630378723,0.9679263830184937,-0.6765988767147064
MSN4,166,180,185,+,8.796,93,0.1956038475036621,-0.38526567816734314,0.5808695256710052
MSN4,166,299,304,-,8.796,69,-0.44115525484085083,-0.3150818645954132,-0.12607339024543762
MSN4,166,351,356,-,8.796,83,-0.6962919235229492,-0.2646290063858032,-0.431662917137146
MSN4,167,34,39,-,8.796,54,-0.3159511089324951,0.06050035357475281,-0.3764514625072479
MSN4,167,62,67,+,8.796,66,-0.29899120330810547,-0.7568116188049316,0.45782041549682617
MSN4,167,200,205,-,8.796,100,0.17303530871868134,0.10118845105171204,0.0718468576669693
MSN4,168,0,5,+,8.796,33,-0.25487056374549866,-0.14520633220672607,-0.10966423153877258
MSN4,168,318,323,-,8.796,84,0.6437504887580872,-0.281522661447525,0.9252731502056122
MSN4,169,63,68,+,8.796,93,0.27183207869529724,0.2574384808540344,0.014393597841262817
MSN4,169,105,110,+,8.796,95,1.9052494764328003,0.8668051958084106,1.0384442806243896
MSN4,169,216,221,+,8.796,72,-0.3609243929386139,-0.2080194503068924,-0.1529049426317215
MSN4,169,229,234,+,8.796,74,1.5689345598220825,-0.9995559453964233,2.568490505218506
MSN4,169,234,239,+,8.796,79,2.208040475845337,-0.21854658424854279,2.4265870600938797
MSN4,169,247,252,+,8.796,75,-0.8214053511619568,-0.5674536824226379,-0.25395166873931885
MSN4,169,364,369,+,8.796,100,1.0234184265136719,1.0972161293029785,-0.07379770278930664
MSN4,170,147,152,-,8.796,77,-0.7532872557640076,-0.21451961994171143,-0.5387676358222961
MSN4,170,248,253,+,8.796,57,-0.6117113828659058,-0.2409375011920929,-0.37077388167381287
MSN4,170,257,262,+,8.796,48,1.252549648284912,-0.25432324409484863,1.5068728923797607
MSN4,170,263,268,+,8.796,47,1.1098781824111938,0.23640477657318115,0.8734734058380127
MSN4,170,268,273,+,8.796,47,1.513838291168213,0.465445339679718,1.0483929514884949
MSN4,170,294,299,+,8.796,54,-0.7175581455230713,-0.2257903516292572,-0.4917677938938141
MSN4,170,303,308,+,8.796,63,-0.5997447967529297,-0.1214907318353653,-0.4782540649175644
MSN4,170,308,313,+,8.796,64,-0.5329741835594177,0.05153404176235199,-0.5845082253217697
MSN4,171,22,27,+,8.796,62,-0.10337591171264648,0.368925005197525,-0.4723009169101715
MSN4,171,106,111,+,8.796,100,0.5168519020080566,-0.17328554391860962,0.6901374459266663
MSN4,171,240,245,+,8.796,79,-0.24854879081249237,-0.5325088500976562,0.2839600592851639
MSN4,171,270,275,+,8.796,79,-0.007401309907436371,0.2041449248790741,-0.21154623478651047
MSN4,171,292,297,+,8.796,76,1.2311593294143677,0.10168039798736572,1.129478931427002
MSN4,171,338,343,+,8.796,85,0.26167160272598267,-0.5302258133888245,0.7918974161148071
MSN4,171,354,359,+,8.796,75,-0.35848698019981384,-0.42506036162376404,0.0665733814239502
MSN4,172,108,113,-,8.796,100,-0.11595213413238525,-0.011381357908248901,-0.10457077622413635
MSN4,172,379,384,-,8.796,73,-0.9926834106445312,0.19993992149829865,-1.19262333214283
MSN4,172,384,389,-,8.796,75,-0.247303307056427,0.35456788539886475,-0.6018711924552917
MSN4,173,19,24,+,8.796,56,-0.27704739570617676,0.06775164604187012,-0.3447990417480469
MSN4,173,40,45,+,8.796,70,-0.07510016858577728,0.024663805961608887,-0.09976397454738617
MSN4,173,81,86,-,8.796,80,0.18865816295146942,0.13883870840072632,0.0498194545507431
MSN4,173,326,331,-,8.796,100,-0.22329379618167877,-0.018630459904670715,-0.20466333627700806
MSN4,174,67,72,+,8.796,100,0.20772962272167206,-0.46208709478378296,0.669816717505455
MSN4,174,312,317,+,8.796,80,-0.8316687345504761,-1.0782538652420044,0.24658513069152832
MSN4,174,353,358,-,8.796,80,-1.2196705341339111,-0.4083729684352875,-0.8112975656986237
MSN4,174,374,379,-,8.796,87,-0.7244023680686951,-0.4447469115257263,-0.27965545654296875
MSN4,175,155,160,+,8.796,74,-0.03730860352516174,-0.017237959429621696,-0.020070644095540047
MSN4,175,277,282,-,8.796,48,-0.6610148549079895,-0.622461199760437,-0.03855365514755249
MSN4,175,300,305,-,8.796,48,1.320859670639038,0.3971153497695923,0.9237443208694458
MSN4,175,331,336,-,8.796,55,0.10465356707572937,-0.3465120196342468,0.4511655867099762
MSN4,175,339,344,+,8.796,60,-0.332161545753479,-0.2328171283006668,-0.0993444174528122
MSN4,175,454,459,-,8.796,65,-0.3734206557273865,-0.07796084880828857,-0.2954598069190979
MSN4,176,166,171,+,8.796,74,0.12726576626300812,-0.21824470162391663,0.34551046788692474
MSN4,176,281,286,-,8.796,60,-0.13576604425907135,0.2572147250175476,-0.39298076927661896
MSN4,176,289,294,+,8.796,55,-0.6312559843063354,0.4233298897743225,-1.054585874080658
MSN4,176,320,325,+,8.796,48,0.8500199317932129,-0.321773499250412,1.1717934310436249
MSN4,176,343,348,+,8.796,48,-0.5936110019683838,0.03687813878059387,-0.6304891407489777
MSN4,176,465,470,-,8.796,54,-0.4209796190261841,-0.4102061986923218,-0.010773420333862305
MSN4,177,150,155,+,8.796,91,-0.7236340045928955,-0.7130166292190552,-0.010617375373840332
MSN4,177,282,287,+,8.796,92,-0.5975069403648376,0.45149141550064087,-1.0489983558654785
MSN4,178,37,42,+,8.796,87,0.3286755681037903,-0.0600239634513855,0.3886995315551758
MSN4,178,118,123,+,8.796,85,-0.07778256386518478,-0.3225317597389221,0.24474919587373734
MSN4,178,136,141,+,8.796,85,-0.08595001697540283,-0.6810683608055115,0.5951183438301086
MSN4,178,208,213,+,8.796,100,-0.23626108467578888,-0.7195641994476318,0.48330311477184296
MSN4,178,354,359,+,8.796,86,-0.3508373200893402,-0.32814547419548035,-0.022691845893859863
MSN4,178,444,449,+,8.796,100,0.2294018566608429,-0.2660585939884186,0.4954604506492615
MSN4,179,474,479,-,8.796,59,0.12541846930980682,-0.03576359152793884,0.16118206083774567
MSN4,180,143,148,+,8.796,30,-0.4415234327316284,-0.14415867626667023,-0.2973647564649582
MSN4,180,162,167,-,8.796,44,0.16664692759513855,-0.32879838347435,0.4954453110694885
MSN4,180,196,201,+,8.796,49,-1.023843765258789,-0.21619537472724915,-0.8076483905315399
MSN4,180,231,236,+,8.796,76,-0.5295366048812866,0.32838982343673706,-0.8579264283180237
MSN4,180,309,314,+,8.796,87,1.283921480178833,0.08031156659126282,1.2036099135875702
MSN4,180,375,380,-,8.796,95,0.08447128534317017,-0.2524074912071228,0.33687877655029297
MSN4,180,389,394,+,8.796,95,-0.1374206393957138,-0.2605072259902954,0.1230865865945816
MSN4,181,351,356,-,8.796,100,1.2274246215820312,0.18818369507789612,1.0392409265041351
MSN4,181,488,493,+,8.796,36,-0.05999960005283356,-0.13289451599121094,0.07289491593837738
MSN4,182,39,44,-,8.796,79,-0.132123202085495,-0.234203040599823,0.102079838514328
MSN4,182,68,73,-,8.796,92,-0.13037222623825073,-0.3051086664199829,0.17473644018173218
MSN4,182,212,217,-,8.796,78,-0.09593325853347778,0.10577916353940964,-0.20171242207288742
MSN4,182,349,354,+,8.796,100,2.221581220626831,0.3331019878387451,1.888479232788086
MSN4,183,5,10,+,8.796,55,-0.04453960061073303,-0.43943578004837036,0.39489617943763733
MSN4,183,171,176,+,8.796,94,-0.27048900723457336,0.7069117426872253,-0.9774007499217987
MSN4,183,403,408,-,8.796,100,-0.29837384819984436,1.3952479362487793,-1.6936217844486237
MSN4,184,237,242,+,8.796,95,0.008923284709453583,-0.7037798166275024,0.712703101336956
MSN4,184,469,474,-,8.796,70,-0.10617373883724213,-0.1894782930612564,0.08330455422401428
MSN4,185,105,110,-,8.796,80,0.6814233660697937,-1.000672698020935,1.6820960640907288
MSN4,185,118,123,-,8.796,80,-0.4732019901275635,-0.39438772201538086,-0.07881426811218262
MSN4,185,127,132,-,8.796,80,0.6840041875839233,-0.0866549089550972,0.7706590965390205
MSN4,185,136,141,-,8.796,77,-0.05847150459885597,0.060638561844825745,-0.11911006644368172
MSN4,185,188,193,-,8.796,97,-0.040211424231529236,-0.17800605297088623,0.137794628739357
MSN4,185,302,307,+,8.796,88,-0.062070779502391815,0.21511241793632507,-0.2771831974387169
MSN4,185,321,326,-,8.796,79,-0.2814076542854309,0.08873826265335083,-0.37014591693878174
MSN4,185,355,360,+,8.796,72,0.11100476235151291,0.08310627937316895,0.027898482978343964
MSN4,186,77,82,+,8.796,97,-0.14526283740997314,-0.29902660846710205,0.1537637710571289
MSN4,186,129,134,+,8.796,77,0.45500853657722473,0.358842670917511,0.09616586565971375
MSN4,186,138,143,+,8.796,80,1.7312836647033691,-0.01903611421585083,1.75031977891922
MSN4,186,147,152,+,8.796,80,-0.49643248319625854,0.1784675270318985,-0.674900010228157
MSN4,186,160,165,+,8.796,80,0.5186372399330139,-0.32879048585891724,0.8474277257919312
MSN4,186,272,277,+,8.796,100,-0.3386947512626648,-0.12112553417682648,-0.21756921708583832
MSN4,187,35,40,-,8.796,77,-0.26590222120285034,-0.7454776167869568,0.47957539558410645
MSN4,187,89,94,-,8.796,92,0.3648362457752228,-0.7154640555381775,1.0803003013134003
MSN4,187,287,292,+,8.796,84,1.7662854194641113,0.18263670802116394,1.5836487114429474
MSN4,187,358,363,-,8.796,75,-0.04839883744716644,0.5802682638168335,-0.6286671012639999
MSN4,187,378,383,-,8.796,75,0.10162524878978729,-0.02033369243144989,0.12195894122123718
MSN4,187,444,449,-,8.796,100,-0.42892807722091675,-0.575893759727478,0.14696568250656128
MSN4,188,235,240,+,8.796,93,1.1851404905319214,-1.0069061517715454,2.192046642303467
MSN4,188,382,387,-,8.796,59,0.298974871635437,-0.057309746742248535,0.35628461837768555
MSN4,188,404,409,+,8.796,69,0.23674693703651428,1.1879897117614746,-0.9512427747249603
MSN4,188,431,436,-,8.796,69,-0.7059236764907837,0.670496940612793,-1.3764206171035767
MSN4,189,288,293,-,8.796,80,-0.6056855320930481,-0.6108568906784058,0.005171358585357666
MSN4,190,314,319,-,8.796,83,-1.1129885911941528,0.11436405777931213,-1.227352648973465
MSN4,190,320,325,+,8.796,83,-1.1967425346374512,0.06768813729286194,-1.264430671930313
MSN4,190,337,342,-,8.796,83,-0.4925292432308197,0.8542225360870361,-1.3467517793178558
MSN4,190,347,352,-,8.796,83,-0.4091148376464844,-0.22997711598873138,-0.179137721657753
MSN4,191,12,17,+,8.796,47,-0.00894838571548462,0.4417385458946228,-0.4506869316101074
MSN4,191,240,245,+,8.796,95,-0.10667422413825989,-0.10468506813049316,-0.0019891560077667236
MSN4,191,260,265,+,8.796,90,0.12825429439544678,-0.14770126342773438,0.27595555782318115
MSN4,191,301,306,-,8.796,89,0.925163984298706,0.31639885902404785,0.6087651252746582
MSN4,192,45,50,+,8.796,62,0.01926565170288086,-0.4230501055717468,0.4423157572746277
MSN4,192,242,247,-,8.796,60,-0.9804785847663879,-0.2308332473039627,-0.7496453374624252
MSN4,192,259,264,-,8.796,60,0.19074444472789764,-0.3051394820213318,0.49588392674922943
MSN4,192,270,275,-,8.796,71,0.19815917313098907,-0.2349846065044403,0.4331437796354294
MSN4,193,147,152,+,8.796,82,0.6497583389282227,-0.2984413504600525,0.9481996893882751
MSN4,193,161,166,+,8.796,85,0.777794599533081,0.17625267803668976,0.6015419214963913
MSN4,193,196,201,+,8.796,84,0.6137619614601135,-0.1515359878540039,0.7652979493141174
MSN4,193,344,349,-,8.796,94,1.711002230644226,0.0010781586170196533,1.7099240720272064
MSN4,193,350,355,-,8.796,94,0.8440992832183838,-0.03087294101715088,0.8749722242355347
MSN4,194,146,151,-,8.796,49,-0.04622375965118408,0.5523746609687805,-0.5985984206199646
MSN4,194,319,324,-,8.796,84,0.6474119424819946,-0.757969856262207,1.4053817987442017
MSN4,194,337,342,-,8.796,74,1.1865015029907227,0.12318623065948486,1.0633152723312378
MSN4,194,347,352,-,8.796,70,-0.4204084873199463,1.5596963167190552,-1.9801048040390015
MSN4,196,255,260,+,8.796,78,2.3309524059295654,-0.3835937976837158,2.7145462036132812
MSN4,196,265,270,+,8.796,69,2.2416601181030273,0.19310027360916138,2.048559844493866
MSN4,196,416,421,-,8.796,78,-0.6183573603630066,0.0026779770851135254,-0.6210353374481201
MSN4,196,426,431,-,8.796,78,-0.6128810048103333,0.7413290739059448,-1.354210078716278
MSN4,196,443,448,-,8.796,90,-0.3140382468700409,-0.08921605348587036,-0.22482219338417053
MSN4,197,148,153,+,8.796,90,-0.22688335180282593,0.5637181401252747,-0.7906014919281006
MSN4,197,165,170,+,8.796,78,-0.4335216283798218,0.34366872906684875,-0.7771903574466705
MSN4,197,175,180,+,8.796,78,-0.6543184518814087,-0.3208276331424713,-0.3334908187389374
MSN4,197,326,331,-,8.796,69,2.678147554397583,-0.2321617305278778,2.910309284925461
MSN4,197,336,341,-,8.796,78,1.370340347290039,-0.09258800745010376,1.4629283547401428
MSN4,198,48,53,-,8.796,93,-0.25955596566200256,-0.28292226791381836,0.023366302251815796
MSN4,198,67,72,-,8.796,90,0.08289408683776855,-0.0870995819568634,0.16999366879463196
MSN4,198,108,113,+,8.796,72,0.026460915803909302,0.07260643690824509,-0.046145521104335785
MSN4,198,343,348,-,8.796,84,-0.577932596206665,-0.29605287313461304,-0.281879723072052
MSN4,198,370,375,+,8.796,84,-0.26010850071907043,-0.35874396562576294,0.0986354649066925
MSN4,199,103,108,-,8.796,72,-0.0654536709189415,-0.2922418713569641,0.2267882004380226
MSN4,199,144,149,+,8.796,90,-0.3084588944911957,-0.059227824211120605,-0.24923107028007507
MSN4,199,163,168,+,8.796,88,-0.32311466336250305,-0.0005881786346435547,-0.3225264847278595
MSN4,199,353,358,+,8.796,95,-0.3674333989620209,-0.1615588366985321,-0.20587456226348877
MSN4,199,366,371,+,8.796,95,0.6835272312164307,-0.2760937213897705,0.9596209526062012
MSN4,200,215,220,+,8.796,84,0.5212298631668091,-0.06235857680439949,0.5835884399712086
MSN4,200,399,404,+,8.796,94,-0.36296889185905457,-0.19276653230190277,-0.1702023595571518
MSN4,201,10,15,+,8.796,54,0.3986918032169342,-0.8565927743911743,1.2552845776081085
MSN4,201,107,112,-,8.796,87,-0.3839794099330902,-0.07705453038215637,-0.30692487955093384
MSN4,201,135,140,-,8.796,87,-0.19075576961040497,0.7080615758895874,-0.8988173454999924
MSN4,201,240,245,+,8.796,82,-0.1347140222787857,-0.8851984739303589,0.7504844516515732
MSN4,201,335,340,+,8.796,91,-0.4555946886539459,0.12167879939079285,-0.5772734880447388
MSN4,201,463,468,+,8.796,73,0.057710811495780945,-0.23988677561283112,0.29759758710861206
MSN4,202,109,114,-,8.796,94,-0.336946964263916,-0.01715695858001709,-0.3197900056838989
MSN4,202,293,298,-,8.796,84,0.6824581623077393,-0.11716926097869873,0.799627423286438
MSN4,203,151,156,-,8.796,92,-0.23732560873031616,-0.1960364133119583,-0.04128919541835785
MSN4,203,355,360,+,8.796,94,0.7649247646331787,-0.8295583724975586,1.5944831371307373
MSN4,203,361,366,+,8.796,94,0.6072946786880493,-0.25051772594451904,0.8578124046325684
MSN4,203,491,496,-,8.796,46,0.2352847456932068,0.3126581311225891,-0.07737338542938232
MSN4,204,257,262,+,8.796,80,-0.1863919198513031,0.09258303046226501,-0.2789749503135681
MSN4,205,387,392,-,8.796,80,-0.35735130310058594,0.11139008402824402,-0.46874138712882996
MSN4,206,268,273,+,8.796,54,0.10190922021865845,1.8427679538726807,-1.7408587336540222
MSN4,206,289,294,-,8.796,53,-0.8559874296188354,-0.26376500725746155,-0.5922224223613739
MSN4,206,294,299,-,8.796,48,-0.538480281829834,0.026092618703842163,-0.5645729005336761
MSN4,206,299,304,-,8.796,46,-0.20613056421279907,-0.1262156367301941,-0.07991492748260498
MSN4,207,359,364,+,8.796,92,-0.48680517077445984,-0.6284742951393127,0.1416691243648529
MSN4,208,76,81,-,8.796,85,-0.15336266160011292,0.25888311862945557,-0.4122457802295685
MSN4,208,288,293,+,8.796,80,-0.2782558798789978,0.3416250944137573,-0.6198809742927551
MSN4,208,387,392,-,8.796,92,0.42888781428337097,0.3143925070762634,0.11449530720710754
MSN4,209,109,114,-,8.796,91,0.10682910680770874,0.19356206059455872,-0.08673295378684998
MSN4,209,319,324,+,8.796,92,-0.46689215302467346,0.17161250114440918,-0.6385046541690826
MSN4,209,418,423,-,8.796,80,0.23301419615745544,0.4622341990470886,-0.22922000288963318
MSN4,210,291,296,-,8.796,63,0.14389276504516602,0.9490268230438232,-0.8051340579986572
MSN4,210,325,330,+,8.796,50,0.8555259108543396,-0.9008935689926147,1.7564194798469543
MSN4,210,342,347,-,8.796,45,-0.39348602294921875,-0.4914570152759552,0.09797099232673645
MSN4,211,0,5,-,8.796,50,-0.6504132747650146,-0.17602548003196716,-0.4743877947330475
MSN4,211,58,63,+,8.796,100,-0.41029608249664307,0.3147832751274109,-0.725079357624054
MSN4,211,136,141,+,8.796,95,-0.509225070476532,0.25039857625961304,-0.759623646736145
MSN4,211,162,167,-,8.796,95,-0.24749323725700378,0.3658786118030548,-0.6133718490600586
MSN4,211,258,263,+,8.796,85,-1.0218782424926758,-0.19163154065608978,-0.830246701836586
MSN4,211,283,288,-,8.796,80,2.5536301136016846,-0.16924306750297546,2.72287318110466
MSN4,211,322,327,-,8.796,87,0.1015145480632782,-0.25355809926986694,0.35507264733314514
MSN4,211,443,448,-,8.796,100,-0.2915368974208832,-0.4823950529098511,0.1908581554889679
MSN4,212,174,179,+,8.796,84,0.09014442563056946,-0.7243021726608276,0.8144465982913971
MSN4,213,58,63,+,8.796,57,0.13495126366615295,-0.16605231165885925,0.3010035753250122
MSN4,213,143,148,+,8.796,89,0.2894206643104553,-0.21385622024536133,0.5032768845558167
MSN4,213,187,192,+,8.796,80,-0.2409147322177887,-0.06520923972129822,-0.17570549249649048
MSN4,213,365,370,+,8.796,95,-0.49526581168174744,-0.5725436210632324,0.07727780938148499
MSN4,213,397,402,-,8.796,95,-0.6000499725341797,0.17499130964279175,-0.7750412821769714
MSN4,214,9,14,-,8.796,59,0.5015027523040771,-0.22830843925476074,0.7298111915588379
MSN4,214,94,99,-,8.796,52,-0.19297471642494202,0.6050581932067871,-0.7980329096317291
MSN4,214,156,161,+,8.796,41,-0.35529178380966187,0.23118925094604492,-0.5864810347557068
MSN4,214,171,176,+,8.796,47,-0.5369497537612915,-0.16470445692539215,-0.37224529683589935
MSN4,214,181,186,+,8.796,57,-0.4767876863479614,-0.08796484768390656,-0.38882283866405487
MSN4,214,201,206,+,8.796,73,-0.20952512323856354,-0.014165952801704407,-0.19535917043685913
MSN4,214,289,294,-,8.796,76,1.5147285461425781,-0.01385641098022461,1.5285849571228027
MSN4,214,297,302,+,8.796,76,1.5622180700302124,-0.21420890092849731,1.7764269709587097
MSN4,214,367,372,+,8.796,100,0.41967397928237915,-0.06673088669776917,0.4864048659801483
MSN4,215,40,45,+,8.796,82,-0.35147562623023987,-0.20091082155704498,-0.15056480467319489
MSN4,215,147,152,+,8.796,79,-0.24444395303726196,0.5095961093902588,-0.7540400624275208
MSN4,215,187,192,-,8.796,70,-0.30837035179138184,0.7050178647041321,-1.013388216495514
MSN4,215,223,228,+,8.796,75,-0.14054176211357117,-0.37353020906448364,0.23298844695091248
MSN4,215,238,243,-,8.796,76,-0.6300585269927979,-0.9248508810997009,0.2947923541069031
MSN4,215,244,249,-,8.796,82,-0.03815654665231705,0.39814502000808716,-0.4363015666604042
MSN4,215,317,322,-,8.796,95,-0.5799823999404907,0.8659787774085999,-1.4459611773490906
MSN4,215,362,367,-,8.796,89,-0.2779754400253296,-0.4498939514160156,0.17191851139068604
MSN4,216,19,24,-,8.796,58,-0.21020099520683289,0.2548142671585083,-0.4650152623653412
MSN4,216,46,51,-,8.796,85,-0.6027988791465759,-0.20119088888168335,-0.4016079902648926
MSN4,216,303,308,+,8.796,100,1.0576719045639038,0.03666245937347412,1.0210094451904297
MSN4,216,445,450,-,8.796,85,2.440342903137207,-1.0578649044036865,3.4982078075408936
MSN4,217,69,74,+,8.796,79,0.1821262240409851,0.3255945146083832,-0.14346829056739807
MSN4,217,161,166,+,8.796,86,-0.4074249267578125,0.015862971544265747,-0.42328789830207825
MSN4,217,228,233,-,8.796,87,-0.4727243185043335,0.16884751617908478,-0.6415718346834183
MSN4,217,290,295,+,8.796,90,1.898533821105957,-0.28566691279411316,2.18420073390007
MSN4,217,323,328,+,8.796,90,0.19361865520477295,-0.29161524772644043,0.4852339029312134
MSN4,217,334,339,-,8.796,90,-0.7277827262878418,0.27283716201782227,-1.000619888305664
MSN4,218,201,206,+,8.796,92,-0.6552757024765015,0.45821258425712585,-1.1134882867336273
MSN4,218,269,274,+,8.796,100,1.3865673542022705,-0.086151123046875,1.4727184772491455
MSN4,218,441,446,+,8.796,74,-0.07903259992599487,-0.4544927775859833,0.3754601776599884
MSN4,219,173,178,-,8.796,74,0.19260857999324799,-0.10072000324726105,0.29332858324050903
MSN4,219,345,350,-,8.796,94,1.8391213417053223,0.4884037673473358,1.3507175743579865
MSN4,219,413,418,-,8.796,86,-0.2533428966999054,0.694056510925293,-0.9473994076251984
MSN4,220,69,74,-,8.796,95,-0.5137545466423035,-0.5746170282363892,0.06086248159408569
MSN4,220,273,278,+,8.796,71,1.0614497661590576,0.2279950976371765,0.8334546685218811
MSN4,221,275,280,-,8.796,71,0.6500015258789062,-0.03415024280548096,0.6841517686843872
MSN4,221,479,484,+,8.796,61,-0.602238118648529,-0.2617700695991516,-0.34046804904937744
MSN4,222,207,212,+,8.796,95,1.4593777656555176,-0.7066206336021423,2.16599839925766
MSN4,222,221,226,-,8.796,95,-0.027740657329559326,-0.5534296035766602,0.5256889462471008
MSN4,222,312,317,+,8.796,66,0.7469548583030701,0.3527376353740692,0.39421722292900085
MSN4,223,79,84,-,8.796,66,0.34591144323349,0.22320181131362915,0.12270963191986084
MSN4,223,170,175,+,8.796,95,-0.2826042175292969,0.2041081190109253,-0.48671233654022217
MSN4,223,184,189,-,8.796,95,0.5628234148025513,1.1259006261825562,-0.5630772113800049
MSN4,224,34,39,-,8.796,74,-0.17234671115875244,-0.3556899428367615,0.18334323167800903
MSN4,224,51,56,-,8.796,90,-0.1180751621723175,-0.19781279563903809,0.07973763346672058
MSN4,224,63,68,-,8.796,90,0.09347683191299438,0.2218213677406311,-0.12834453582763672
MSN4,224,125,130,+,8.796,85,-0.3268883228302002,-0.21477636694908142,-0.11211195588111877
MSN4,224,130,135,+,8.796,85,-0.39063459634780884,-0.11649829149246216,-0.2741363048553467
MSN4,224,141,146,+,8.796,85,0.0816260278224945,0.20007526874542236,-0.11844924092292786
MSN4,224,301,306,+,8.796,95,1.3173143863677979,-0.3084898293018341,1.625804215669632
MSN4,224,346,351,+,8.796,85,0.25942403078079224,-0.12702494859695435,0.3864489793777466
MSN4,224,376,381,-,8.796,87,0.4182257652282715,0.26224735379219055,0.15597841143608093
MSN4,224,466,471,+,8.796,73,-0.4315745234489441,1.292130470275879,-1.723704993724823
MSN4,225,214,219,+,8.796,80,-0.8393728137016296,0.3562367558479309,-1.1956095695495605
MSN4,225,225,230,+,8.796,79,0.17121797800064087,0.211821049451828,-0.040603071451187134
MSN4,225,314,319,+,8.796,94,-0.3384242355823517,-0.6111192107200623,0.27269497513771057
MSN4,225,408,413,+,8.796,100,0.3361368477344513,-0.30926504731178284,0.6454018950462341
MSN4,226,30,35,-,8.796,48,-0.22132286429405212,0.16217079758644104,-0.38349366188049316
MSN4,226,63,68,+,8.796,75,-0.23157283663749695,0.13219043612480164,-0.3637632727622986
MSN4,226,205,210,-,8.796,100,-0.23810938000679016,-0.44384288787841797,0.2057335078716278
MSN4,226,327,332,+,8.796,78,0.1295965015888214,-0.25771409273147583,0.38731059432029724
MSN4,226,429,434,+,8.796,87,-0.21372395753860474,-1.027662754058838,0.8139387965202332
MSN4,227,1,6,-,8.796,38,-0.23558318614959717,0.1530008316040039,-0.3885840177536011
MSN4,227,131,136,+,8.796,88,-0.05762815475463867,-0.11742067337036133,0.059792518615722656
MSN4,227,390,395,+,8.796,77,-0.3899240493774414,0.447620153427124,-0.8375442028045654
MSN4,228,53,58,+,8.796,94,-0.2637445628643036,-0.5437042713165283,0.27995970845222473
MSN4,228,122,127,-,8.796,80,0.31851768493652344,0.01288975402712822,0.3056279309093952
MSN4,228,144,149,-,8.796,80,0.8552166223526001,-0.2513066530227661,1.1065232753753662
MSN4,228,153,158,-,8.796,76,0.7050275802612305,-0.110698401927948,0.8157259821891785
MSN4,228,199,204,+,8.796,95,-0.7363362908363342,-0.5490335822105408,-0.18730270862579346
MSN4,229,178,183,+,8.796,86,-0.1731267273426056,0.8521313667297363,-1.025258094072342
MSN4,229,279,284,-,8.796,83,2.215674638748169,-0.1180044412612915,2.3336790800094604
MSN4,229,299,304,-,8.796,76,1.3433418273925781,-0.3369775712490082,1.6803193986415863
MSN4,229,464,469,-,8.796,66,-0.6343487501144409,-0.9320245385169983,0.2976757884025574
MSN4,230,283,288,+,8.796,95,0.40565428137779236,-0.12691710889339447,0.5325713902711868
MSN4,230,327,332,-,8.796,90,1.8777261972427368,-0.1733185052871704,2.0510447025299072
MSN4,230,464,469,-,8.796,71,-0.3415791094303131,0.5198519229888916,-0.8614310324192047
MSN4,231,338,343,+,8.796,95,0.2203466147184372,-0.3673369288444519,0.5876835435628891
MSN4,232,11,16,+,8.796,61,0.649337887763977,1.1085245609283447,-0.4591866731643677
MSN4,232,66,71,-,8.796,100,0.11197660863399506,0.2390357255935669,-0.12705911695957184
MSN4,232,122,127,+,8.796,100,-0.1249200701713562,1.6857354640960693,-1.8106555342674255
MSN4,232,408,413,-,8.796,91,0.38024866580963135,0.28975093364715576,0.09049773216247559
MSN4,233,34,39,-,8.796,52,-0.016031265258789062,-0.6940988302230835,0.6780675649642944
MSN4,233,206,211,+,8.796,95,-0.3769718408584595,-0.31295156478881836,-0.06402027606964111
MSN4,233,239,244,-,8.796,89,-0.32563135027885437,0.3516489863395691,-0.6772803366184235
MSN4,233,377,382,+,8.796,95,1.5265518426895142,0.2818506062030792,1.244701236486435
MSN4,233,409,414,+,8.796,85,3.389507532119751,-0.8212533593177795,4.2107608914375305
MSN4,234,284,289,+,8.796,65,0.9679318070411682,-0.9120245575904846,1.8799563646316528
MSN4,234,305,310,-,8.796,63,1.2793588638305664,0.17655040323734283,1.1028084605932236
MSN4,234,319,324,-,8.796,66,1.0760325193405151,-0.07627339661121368,1.1523059159517288
MSN4,234,337,342,-,8.796,63,0.6987404823303223,-0.5425863265991211,1.2413268089294434
MSN4,235,173,178,-,8.796,85,-0.023399800062179565,0.5296328663825989,-0.5530326664447784
MSN4,236,178,183,-,8.796,84,0.03422344848513603,0.01905655860900879,0.015166889876127243
MSN4,236,306,311,-,8.796,87,-0.022863462567329407,-0.07158628851175308,0.048722825944423676
MSN4,236,314,319,-,8.796,87,0.33483827114105225,-0.09883943200111389,0.43367770314216614
MSN4,236,325,330,-,8.796,87,0.41656461358070374,-0.45767679810523987,0.8742414116859436
MSN4,236,404,409,-,8.796,73,0.6518470048904419,-0.12213823199272156,0.7739852368831635
MSN4,237,289,294,+,8.796,73,1.719167947769165,-0.18483547866344452,1.9040034264326096
MSN4,237,368,373,+,8.796,87,-0.4903324842453003,-0.5886712074279785,0.09833872318267822
MSN4,237,379,384,+,8.796,87,0.22174866497516632,-0.369558721780777,0.5913073867559433
MSN4,237,387,392,+,8.796,87,-0.39580750465393066,0.36281031370162964,-0.7586178183555603
MSN4,238,302,307,+,8.796,94,-0.17505142092704773,-0.1112668514251709,-0.06378456950187683
MSN4,238,482,487,+,8.796,53,1.462227463722229,-0.35710328817367554,1.8193307518959045
MSN4,239,337,342,-,8.796,94,-1.0021181106567383,-0.538113534450531,-0.4640045762062073
MSN4,240,133,138,+,8.796,100,-0.8693380355834961,-0.1276441216468811,-0.741693913936615
MSN4,240,240,245,-,8.796,95,1.226961612701416,0.2731850743293762,0.9537765383720398
MSN4,240,266,271,-,8.796,87,0.23941633105278015,-0.4169929027557373,0.6564092338085175
MSN4,240,306,311,-,8.796,83,1.025219202041626,1.1198347806930542,-0.09461557865142822
MSN4,240,475,480,-,8.796,65,-0.5360625982284546,-0.33249083161354065,-0.20357176661491394
MSN4,240,488,493,+,8.796,52,-0.34522971510887146,-0.4083482623100281,0.06311854720115662
MSN4,241,112,117,-,8.796,93,-0.3386845588684082,-0.4238709807395935,0.0851864218711853
MSN4,241,331,336,-,8.796,83,-0.2468464970588684,-0.5533175468444824,0.306471049785614
MSN4,241,421,426,-,8.796,84,-0.19783809781074524,-0.1433345377445221,-0.054503560066223145
MSN4,241,430,435,-,8.796,84,1.3149046897888184,-0.18172946572303772,1.496634155511856
MSN4,241,441,446,-,8.796,84,1.8919364213943481,-0.9394277334213257,2.831364154815674
MSN4,242,206,211,-,8.796,96,-0.43510523438453674,-0.4441934823989868,0.009088248014450073
MSN4,242,257,262,+,8.796,73,-0.876483142375946,-0.23406487703323364,-0.6424182653427124
MSN4,242,278,283,+,8.796,77,-0.3070835471153259,0.06594979763031006,-0.373033344745636
MSN4,242,393,398,-,8.796,100,-0.3987860083580017,0.9681894779205322,-1.366975486278534
MSN4,243,376,381,+,8.796,75,0.20968496799468994,0.11243709921836853,0.09724786877632141
MSN4,244,98,103,-,8.796,85,-0.5910014510154724,-0.4339256286621094,-0.15707582235336304
MSN4,244,203,208,-,8.796,89,0.4329802691936493,-0.2947348356246948,0.7277151048183441
MSN4,245,388,393,-,8.796,52,2.017449378967285,0.12192556262016296,1.8955238163471222
MSN4,245,408,413,-,8.796,48,0.27026131749153137,0.8665157556533813,-0.59625443816185
MSN4,246,56,61,+,8.796,84,0.40226686000823975,-0.7354021072387695,1.1376689672470093
MSN4,246,90,95,-,8.796,74,-0.7000601291656494,-0.022747337818145752,-0.6773127913475037
MSN4,246,139,144,-,8.796,63,-0.2897561192512512,0.028133295476436615,-0.31788941472768784
MSN4,246,268,273,-,8.796,85,-0.5379953384399414,-0.7643635272979736,0.22636818885803223
MSN4,246,458,463,-,8.796,55,-0.1740090548992157,-0.033302709460258484,-0.14070634543895721
MSN4,247,34,39,-,8.796,76,0.014834843575954437,-0.6909888982772827,0.7058237418532372
MSN4,247,112,117,-,8.796,86,1.3777157068252563,-0.3749515414237976,1.752667248249054
MSN4,247,125,130,-,8.796,86,-0.35786283016204834,0.36618342995643616,-0.7240462601184845
MSN4,247,405,410,-,8.796,96,-0.49348682165145874,-0.1969587504863739,-0.29652807116508484
MSN4,247,456,461,+,8.796,85,-0.03965437412261963,-0.07971960306167603,0.040065228939056396
MSN4,248,20,25,+,8.796,62,0.06885688751935959,-0.3635426461696625,0.43239953368902206
MSN4,248,227,232,-,8.796,94,0.26600462198257446,0.16909746825695038,0.09690715372562408
MSN4,249,155,160,-,8.796,100,-0.8403042554855347,0.6928651332855225,-1.5331693887710571
MSN4,249,301,306,+,8.796,93,0.1380889117717743,0.03596964478492737,0.10211926698684692
MSN4,250,32,37,-,8.796,75,-0.24267882108688354,-0.007999598979949951,-0.2346792221069336
MSN4,250,178,183,+,8.796,100,-0.3241039216518402,0.6471250653266907,-0.9712289869785309
MSN4,251,288,293,+,8.796,70,-0.2295946180820465,-0.9554838538169861,0.7258892357349396
MSN4,251,338,343,-,8.796,70,-0.4904504120349884,1.5126280784606934,-2.0030784904956818
MSN4,251,468,473,+,8.796,59,0.16836203634738922,-0.2795325815677643,0.4478946179151535
MSN4,252,137,142,+,8.796,79,-0.12089130282402039,-0.4924370050430298,0.3715457022190094
MSN4,252,208,213,+,8.796,84,-0.483399897813797,1.1857868432998657,-1.6691867411136627
MSN4,252,299,304,-,8.796,82,0.1549186408519745,-0.25117090344429016,0.40608954429626465
MSN4,252,429,434,+,8.796,70,-0.02312558889389038,0.7572743892669678,-0.7803999781608582
MSN4,252,479,484,-,8.796,36,0.25179141759872437,-0.08952495455741882,0.3413163721561432
MSN4,253,41,46,+,8.796,66,-0.02060335874557495,0.04639837145805359,-0.06700173020362854
MSN4,253,108,113,+,8.796,100,-0.32050323486328125,-0.09283344447612762,-0.22766979038715363
MSN4,253,238,243,+,8.796,80,-0.38551250100135803,1.212701439857483,-1.598213940858841
MSN4,253,301,306,-,8.796,72,-0.17590904235839844,-0.2646059989929199,0.08869695663452148
MSN4,253,306,311,-,8.796,70,-0.6079760193824768,0.1539243757724762,-0.761900395154953
MSN4,253,311,316,-,8.796,66,-0.768876314163208,-0.2911415100097656,-0.4777348041534424
MSN4,253,345,350,+,8.796,56,-0.36995840072631836,-0.5979536771774292,0.22799527645111084
MSN4,254,362,367,-,8.796,100,-0.6626654267311096,-0.08938629925251007,-0.5732791274785995
MSN4,255,74,79,-,8.796,86,-0.5963685512542725,0.22470414638519287,-0.8210726976394653
MSN4,255,120,125,-,8.796,95,-0.6165592074394226,-0.29723358154296875,-0.31932562589645386
MSN4,255,200,205,+,8.796,95,-0.26827672123908997,-0.12183511257171631,-0.14644160866737366
MSN4,255,280,285,+,8.796,87,-0.004883654415607452,0.1612701117992401,-0.16615376621484756
MSN4,255,328,333,+,8.796,89,1.3998926877975464,-0.8303895592689514,2.230282247066498
MSN4,255,443,448,-,8.796,92,-0.06168866157531738,-0.4195958077907562,0.35790714621543884
MSN4,256,114,119,+,8.796,95,0.14553040266036987,-0.4799998998641968,0.6255303025245667
MSN4,256,470,475,-,8.796,75,-0.18594196438789368,-0.07272544503211975,-0.11321651935577393
MSN4,257,6,11,-,8.796,35,-0.13153749704360962,0.11681225895881653,-0.24834975600242615
MSN4,257,76,81,+,8.796,79,-0.27175137400627136,-0.006534159183502197,-0.26521721482276917
MSN4,257,205,210,-,8.796,87,-0.4020511209964752,0.1666100174188614,-0.5686611384153366
MSN4,257,370,375,-,8.796,67,0.21769770979881287,0.21872955560684204,-0.0010318458080291748
MSN4,258,367,372,+,8.796,76,0.23270933330059052,-0.12570221722126007,0.3584115505218506
MSN4,258,430,435,+,8.796,59,-0.10535253584384918,-0.23136775195598602,0.12601521611213684
MSN4,259,161,166,-,8.796,76,0.12049603462219238,0.3727445602416992,-0.25224852561950684
MSN4,259,201,206,-,8.796,95,-0.200318843126297,-0.4364525079727173,0.2361336648464203
MSN4,259,270,275,-,8.796,64,-0.16446641087532043,-0.0769905149936676,-0.08747589588165283
MSN4,259,455,460,+,8.796,90,-0.1463046818971634,0.11163373291492462,-0.257938414812088
MSN4,260,123,128,+,8.796,75,1.2836332321166992,0.014624052681028843,1.2690091794356704
MSN4,260,137,142,-,8.796,71,0.084811270236969,0.5186693668365479,-0.43385809659957886
MSN4,260,241,246,+,8.796,85,0.7276380062103271,-0.15205058455467224,0.8796885907649994
MSN4,260,281,286,-,8.796,79,0.23611408472061157,-0.22722283005714417,0.46333691477775574
MSN4,260,430,435,-,8.796,86,0.18179427087306976,-0.1034437045454979,0.28523797541856766
MSN4,261,31,36,+,8.796,58,0.14932337403297424,0.3925619125366211,-0.24323853850364685
MSN4,261,45,50,-,8.796,72,0.20874395966529846,-0.11473435163497925,0.3234783113002777
MSN4,262,465,470,-,8.796,80,0.263971745967865,0.6206004619598389,-0.3566287159919739
MSN4,263,96,101,+,8.796,79,0.15839709341526031,-0.636933445930481,0.7953305393457413
MSN4,263,111,116,+,8.796,66,0.9511706233024597,-0.3541264832019806,1.3052971065044403
MSN4,263,230,235,+,8.796,84,-0.5023767948150635,-0.4646293818950653,-0.03774741291999817
MSN4,263,253,258,+,8.796,80,0.6176132559776306,1.1160588264465332,-0.4984455704689026
MSN4,263,360,365,-,8.796,91,1.341335415840149,-0.15746483206748962,1.4988002479076385
MSN4,264,338,343,+,8.796,91,1.6251338720321655,-0.1862574815750122,1.8113913536071777
MSN4,264,445,450,-,8.796,80,0.22465914487838745,1.325812816619873,-1.1011536717414856
MSN4,264,468,473,-,8.796,67,-0.31989786028862,0.23076742887496948,-0.5506652891635895
MSN4,265,7,12,-,8.796,53,-0.3401683568954468,0.5486472845077515,-0.8888156414031982
MSN4,265,264,269,+,8.796,70,-0.7238917350769043,-0.2222205400466919,-0.5016711950302124
MSN4,265,426,431,-,8.796,92,0.15582925081253052,-0.02416124939918518,0.1799905002117157
MSN4,266,59,64,+,8.796,92,-0.040877580642700195,0.22534941136837006,-0.26622699201107025
MSN4,266,126,131,-,8.796,100,0.06337308883666992,-0.09989029169082642,0.16326338052749634
MSN4,266,319,324,+,8.796,100,-0.26655590534210205,-0.15219536423683167,-0.11436054110527039
MSN4,266,403,408,-,8.796,95,0.02547907829284668,-0.6402093172073364,0.6656883955001831
MSN4,266,421,426,-,8.796,95,0.0064781904220581055,0.10451245307922363,-0.09803426265716553
MSN4,267,211,216,+,8.796,87,-0.7888929843902588,0.09564042091369629,-0.8845334053039551
MSN4,267,238,243,+,8.796,85,0.057143956422805786,0.37724608182907104,-0.32010212540626526
MSN4,267,256,261,+,8.796,85,-0.31313803791999817,-0.5931141376495361,0.27997609972953796
MSN4,267,263,268,-,8.796,87,0.14773941040039062,-0.6434572339057922,0.7911966443061829
MSN4,267,485,490,-,8.796,55,0.24349206686019897,0.1797243356704712,0.06376773118972778
MSN4,267,491,496,-,8.796,49,-0.2842298150062561,0.47391408681869507,-0.7581439018249512
MSN4,268,209,214,+,8.796,90,-0.9872884154319763,-0.3024357557296753,-0.684852659702301
MSN4,268,216,221,+,8.796,90,-1.3661723136901855,-0.2681909203529358,-1.0979813933372498
MSN4,268,235,240,-,8.796,90,-0.6960335373878479,-0.3340522348880768,-0.3619813024997711
MSN4,268,342,347,-,8.796,83,-0.16783764958381653,0.47398778796195984,-0.6418254375457764
MSN4,268,348,353,+,8.796,80,0.13777096569538116,0.4868305027484894,-0.3490595370531082
MSN4,269,75,80,+,8.796,90,-0.5845119953155518,0.5551692247390747,-1.1396812200546265
MSN4,269,94,99,-,8.796,90,-0.9337256550788879,-0.5821281671524048,-0.35159748792648315
MSN4,269,101,106,-,8.796,90,-0.6663658618927002,-0.5066989660263062,-0.15966689586639404
MSN4,269,405,410,+,8.796,83,-0.4333902895450592,0.31102070212364197,-0.7444109916687012
MSN4,269,445,450,-,8.796,89,0.24858617782592773,-0.420626699924469,0.6692128777503967
MSN4,270,120,125,-,8.796,89,-0.5955027937889099,-0.27565905451774597,-0.31984373927116394
MSN4,270,154,159,+,8.796,95,-0.7004756331443787,-0.30353057384490967,-0.396945059299469
MSN4,270,247,252,+,8.796,95,0.13640373945236206,-0.43039971590042114,0.5668034553527832
MSN4,270,285,290,+,8.796,83,-0.25825366377830505,0.6526117324829102,-0.9108653962612152
MSN4,270,334,339,-,8.796,83,-0.4875112473964691,-0.041772469878196716,-0.4457387775182724
MSN4,270,372,377,-,8.796,95,-0.5541158318519592,-0.12899336218833923,-0.42512246966362
MSN4,270,453,458,+,8.796,87,0.17038050293922424,0.6184991598129272,-0.448118656873703
MSN4,270,465,470,+,8.796,75,0.664682149887085,0.9620868563652039,-0.2974047064781189
MSN4,271,35,40,+,8.796,85,1.0383758544921875,-0.2403215765953064,1.278697431087494
MSN4,271,316,321,-,8.796,94,-0.4936291575431824,-0.11415815353393555,-0.3794710040092468
MSN4,271,445,450,-,8.796,85,-0.2690979838371277,0.33218133449554443,-0.6012793183326721
MSN4,272,156,161,+,8.796,68,-0.058197617530822754,1.171939492225647,-1.2301371097564697
MSN4,272,314,319,+,8.796,74,-1.1339929103851318,0.031334906816482544,-1.1653278172016144
MSN4,272,324,329,-,8.796,74,-0.6862595081329346,0.05215425789356232,-0.7384137660264969
MSN4,273,91,96,-,8.796,95,-0.33866217732429504,0.31252849102020264,-0.6511906683444977
MSN4,273,104,109,+,8.796,95,-0.5085251927375793,-0.6003774404525757,0.09185224771499634
MSN4,273,195,200,+,8.796,80,-0.48626580834388733,-0.4420340955257416,-0.04423171281814575
MSN4,273,296,301,-,8.796,83,0.2178024798631668,-0.3933510482311249,0.6111535280942917
MSN4,273,310,315,-,8.796,78,1.320748209953308,-0.27816689014434814,1.5989151000976562
MSN4,273,414,419,+,8.796,89,-0.48998120427131653,-0.0010356903076171875,-0.48894551396369934
MSN4,274,400,405,+,8.796,90,-0.6912077069282532,-0.04379966855049133,-0.6474080383777618
MSN4,274,411,416,+,8.796,84,-0.814774751663208,-0.2767021656036377,-0.5380725860595703
MSN4,274,429,434,-,8.796,81,1.0478426218032837,-0.7227345705032349,1.7705771923065186
MSN4,275,438,443,-,8.796,90,-0.02059934288263321,-0.5220027565956116,0.5014034137129784
MSN4,275,443,448,-,8.796,90,1.314581036567688,-0.39095351099967957,1.7055345475673676
MSN4,275,454,459,-,8.796,81,0.3984549045562744,-0.5562494993209839,0.9547044038772583
MSN4,276,48,53,-,8.796,92,-0.12670573592185974,-0.258220911026001,0.13151517510414124
MSN4,276,134,139,+,8.796,85,0.2833777070045471,-0.7907426357269287,1.0741203427314758
MSN4,276,145,150,+,8.796,85,1.0545448064804077,0.2800818085670471,0.7744629979133606
MSN4,276,150,155,+,8.796,85,0.1963607221841812,0.5746080875396729,-0.37824736535549164
MSN4,277,4,9,+,8.796,54,0.607128918170929,0.5927588939666748,0.01437002420425415
MSN4,277,367,372,-,8.796,92,1.169417142868042,-0.08586183935403824,1.2552789822220802
MSN4,277,422,427,-,8.796,77,-0.18790997564792633,0.38338589668273926,-0.5712958723306656
MSN4,277,461,466,-,8.796,69,0.37983351945877075,1.037906527519226,-0.6580730080604553
MSN4,278,30,35,-,8.796,75,0.10632398724555969,-0.0751999020576477,0.1815238893032074
MSN4,278,69,74,-,8.796,90,-0.318325400352478,0.95404452085495,-1.272369921207428
MSN4,278,118,123,+,8.796,83,-0.39954620599746704,-0.76507568359375,0.36552947759628296
MSN4,278,411,416,-,8.796,89,-0.03395000100135803,0.06395477056503296,-0.09790477156639099
MSN4,278,455,460,-,8.796,85,-0.301358699798584,-0.6468904614448547,0.34553176164627075
MSN4,279,167,172,+,8.796,90,0.41924038529396057,0.42854446172714233,-0.009304076433181763
MSN4,279,188,193,-,8.796,78,0.6000927686691284,0.006786048412322998,0.5933067202568054
MSN4,279,197,202,-,8.796,78,1.92771577835083,0.3544919192790985,1.5732238590717316
MSN4,279,341,346,+,8.796,89,-0.5760873556137085,0.007482379674911499,-0.58356973528862
MSN4,279,362,367,+,8.796,82,-0.49366357922554016,-0.14342254400253296,-0.3502410352230072
MSN4,279,414,419,-,8.796,80,-0.3149033188819885,0.09203895926475525,-0.4069422781467438
MSN4,280,306,311,-,8.796,94,-0.7559494376182556,0.008316650986671448,-0.7642660886049271
MSN4,280,377,382,+,8.796,97,0.3515768051147461,-0.2515413165092468,0.6031181216239929
MSN4,280,429,434,-,8.796,80,1.9619417190551758,-0.05204710364341736,2.013988822698593
MSN4,280,440,445,-,8.796,77,-0.49491629004478455,3.3610305786132812,-3.855946868658066
MSN4,281,42,47,-,8.796,72,0.4073309302330017,-0.24599258601665497,0.6533235162496567
MSN4,281,423,428,+,8.796,77,0.24938684701919556,0.502204179763794,-0.2528173327445984
MSN4,281,429,434,+,8.796,77,-0.33767902851104736,-0.003968443721532822,-0.33371058478951454
MSN4,282,26,31,+,8.796,48,-0.05419301986694336,0.2902147173881531,-0.34440773725509644
MSN4,282,50,55,+,8.796,68,0.03514347970485687,-0.10593584179878235,0.14107932150363922
MSN4,282,307,312,-,8.796,77,-0.07073342800140381,-0.6983962059020996,0.6276627779006958
MSN4,282,356,361,+,8.796,85,-0.06675606966018677,0.5263251066207886,-0.5930811762809753
MSN4,282,385,390,-,8.796,85,-0.12243346124887466,-0.5741277933120728,0.4516943320631981
MSN4,282,429,434,-,8.796,75,-0.11221688985824585,0.5525968670845032,-0.664813756942749
MSN4,283,41,46,-,8.796,74,0.09430769085884094,0.28300049901008606,-0.18869280815124512
MSN4,283,158,163,+,8.796,75,-0.2788701355457306,0.03767856955528259,-0.3165487051010132
MSN4,283,202,207,+,8.796,85,-0.17685717344284058,-0.33197081089019775,0.15511363744735718
MSN4,283,231,236,-,8.796,85,0.3314969837665558,0.02713330090045929,0.3043636828660965
MSN4,283,280,285,+,8.796,77,-0.4252561926841736,-0.04471758008003235,-0.38053861260414124
MSN4,284,130,135,-,8.796,65,-0.7303155064582825,-0.8045130968093872,0.07419759035110474
MSN4,284,152,157,-,8.796,65,0.049848902970552444,-0.3575417399406433,0.40739064291119576
MSN4,284,162,167,+,8.796,65,-0.637555718421936,-0.22449664771556854,-0.4130590707063675
MSN4,284,277,282,-,8.796,94,0.26068180799484253,-0.04757571965456009,0.3082575276494026
MSN4,284,283,288,-,8.796,94,-0.49290406703948975,-0.2657778859138489,-0.22712618112564087
MSN4,285,111,116,+,8.796,85,0.10139370709657669,-0.4984063506126404,0.5998000577092171
MSN4,286,104,109,+,8.796,95,-0.21964949369430542,-0.5956636667251587,0.37601417303085327
MSN4,286,122,127,-,8.796,95,-0.31463298201560974,-0.5519871711730957,0.23735418915748596
MSN4,286,229,234,+,8.796,93,-0.9254304766654968,-0.050261735916137695,-0.8751687407493591
MSN4,286,287,292,+,8.796,90,0.8876029849052429,-0.18514272570610046,1.0727457106113434
MSN4,286,339,344,-,8.796,92,-1.1066570281982422,0.5567219257354736,-1.6633789539337158
MSN4,286,346,351,-,8.796,95,0.3392866551876068,0.18717846274375916,0.15210819244384766
MSN4,286,445,450,-,8.796,79,0.8931484222412109,-0.7979812026023865,1.6911296248435974
MSN4,287,68,73,+,8.796,90,-0.013704955577850342,-0.1652190387248993,0.15151408314704895
MSN4,287,205,210,+,8.796,79,0.9371134042739868,0.2568884491920471,0.6802249550819397
MSN4,287,304,309,+,8.796,95,-0.008180856704711914,0.6594144701957703,-0.6675953269004822
MSN4,287,311,316,+,8.796,92,-0.12817616760730743,0.1954086720943451,-0.3235848397016525
MSN4,287,363,368,-,8.796,97,0.3896295428276062,-0.6973415613174438,1.08697110414505
MSN4,287,421,426,-,8.796,100,-0.7896767854690552,-0.44123268127441406,-0.3484441041946411
MSN4,288,133,138,-,8.796,77,-0.273271769285202,0.03601032495498657,-0.3092820942401886
MSN4,288,176,181,-,8.796,83,0.004199594259262085,1.0031511783599854,-0.9989515841007233
MSN4,288,194,199,+,8.796,95,0.11339159309864044,-0.4879031777381897,0.6012947708368301
MSN4,288,451,456,-,8.796,81,-0.313554048538208,0.3690824806690216,-0.6826365292072296
MSN4,288,492,497,+,8.796,40,0.3179951012134552,0.20718011260032654,0.11081498861312866
MSN4,289,207,212,-,8.796,86,-0.15395298600196838,-0.44920527935028076,0.2952522933483124
MSN4,289,248,253,+,8.796,82,0.01275596022605896,-0.22766314446926117,0.24041910469532013
MSN4,289,261,266,+,8.796,82,-0.11043903976678848,0.7102532386779785,-0.820692278444767
MSN4,289,495,500,-,8.796,50,-0.6901448369026184,-0.7289876937866211,0.038842856884002686
MSN4,290,218,223,+,8.796,81,-0.1121099442243576,1.4262908697128296,-1.5384008139371872
MSN4,290,409,414,+,8.796,76,0.02204415202140808,0.2386445552110672,-0.21660040318965912
MSN4,290,414,419,+,8.796,76,-0.20631806552410126,0.3643530607223511,-0.5706711262464523
MSN4,290,492,497,-,8.796,42,-0.08939749002456665,-0.09287133812904358,0.0034738481044769287
MSN4,291,58,63,+,8.796,82,-0.12963944673538208,0.11326330900192261,-0.2429027557373047
MSN4,291,136,141,-,8.796,76,0.05351802706718445,-0.5694350600242615,0.6229530870914459
MSN4,291,141,146,-,8.796,76,0.09140750765800476,-0.12869632244110107,0.22010383009910583
MSN4,291,332,337,-,8.796,81,-0.16417033970355988,-0.7956896424293518,0.6315193027257919
MSN4,292,50,55,+,8.796,69,-0.39019641280174255,-0.0887417197227478,-0.30145469307899475
MSN4,292,186,191,+,8.796,89,-0.6136201620101929,-0.1766175925731659,-0.437002569437027
MSN4,292,192,197,+,8.796,90,0.4790274500846863,-0.3490179479122162,0.8280453979969025
MSN4,292,428,433,+,8.796,72,0.023980915546417236,-1.0474153757095337,1.071396291255951
MSN4,293,43,48,+,8.796,80,-0.029950499534606934,0.796354353427887,-0.8263048529624939
MSN4,293,50,55,+,8.796,87,-0.21221214532852173,0.489536851644516,-0.7017489969730377
MSN4,293,126,131,-,8.796,72,0.020222395658493042,-0.05441480875015259,0.07463720440864563
MSN4,293,362,367,-,8.796,95,-0.5069519281387329,0.20175743103027344,-0.7087093591690063
MSN4,293,368,373,-,8.796,94,-0.11304771900177002,-0.1275375485420227,0.014489829540252686
MSN4,294,179,184,+,8.796,100,-0.6258759498596191,0.26030758023262024,-0.8861835300922394
MSN4,294,237,242,-,8.796,90,-1.1921247243881226,0.05229687690734863,-1.2444216012954712
MSN4,294,264,269,-,8.796,82,-0.7946314215660095,-0.07103003561496735,-0.7236013859510422
MSN4,294,287,292,-,8.796,75,0.585054337978363,-0.17839305102825165,0.7634473890066147
MSN4,295,49,54,-,8.796,76,-0.31319281458854675,-0.4464013874530792,0.13320857286453247
MSN4,295,196,201,+,8.796,80,0.5627779364585876,-0.27267327904701233,0.8354512155056
MSN4,295,321,326,+,8.796,80,-0.5888761281967163,0.016737639904022217,-0.6056137681007385
MSN4,295,351,356,+,8.796,80,-0.47373947501182556,1.0205918550491333,-1.4943313300609589
MSN4,296,146,151,+,8.796,77,-0.14571595191955566,0.7917981743812561,-0.9375141263008118
MSN4,296,202,207,-,8.796,88,0.1215076893568039,-0.5483223795890808,0.6698300689458847
MSN4,296,400,405,+,8.796,100,0.07197272777557373,-0.03133518248796463,0.10330791026353836
MSN4,296,464,469,-,8.796,54,0.15867489576339722,-0.4427602291107178,0.601435124874115
MSN4,296,494,499,-,8.796,24,-0.311312198638916,-0.14371024072170258,-0.16760195791721344
MSN4,297,77,82,+,8.796,95,-0.028628677129745483,0.13952302932739258,-0.16815170645713806
MSN4,297,111,116,-,8.796,91,-0.4160501956939697,1.0157005786895752,-1.431750774383545
MSN4,297,162,167,+,8.796,86,-0.4034007787704468,0.6414376497268677,-1.0448384284973145
MSN4,297,207,212,-,8.796,90,-0.34676849842071533,0.7482903599739075,-1.0950588583946228
MSN4,297,313,318,+,8.796,77,0.5672786235809326,-0.03635936975479126,0.6036379933357239
MSN4,297,326,331,-,8.796,83,2.568443775177002,-0.30434051156044006,2.872784286737442
MSN4,297,446,451,-,8.796,85,1.4862957000732422,-0.3414018154144287,1.827697515487671
MSN4,298,8,13,-,8.796,53,0.05337589979171753,0.21904730796813965,-0.16567140817642212
MSN4,298,41,46,+,8.796,80,0.06260490417480469,0.1517302393913269,-0.08912533521652222
MSN4,298,199,204,+,8.796,73,1.926573395729065,-1.186833143234253,3.113406538963318
MSN4,298,319,324,+,8.796,82,-0.48562154173851013,-0.39856797456741333,-0.0870535671710968
MSN4,298,373,378,+,8.796,87,0.513404369354248,-0.6254624724388123,1.1388668417930603
MSN4,299,144,149,-,8.796,92,0.12426720559597015,-0.019411832094192505,0.14367903769016266
MSN4,299,275,280,-,8.796,90,-0.12388664484024048,0.3184277415275574,-0.44231438636779785
MSN4,299,289,294,+,8.796,90,-0.517073392868042,-0.3328937888145447,-0.18417960405349731
MSN4,299,321,326,-,8.796,85,0.6018782258033752,-0.7024714946746826,1.3043497204780579
MSN4,299,395,400,+,8.796,95,-0.11372023075819016,-0.09068457782268524,-0.023035652935504913
MSN4,300,259,264,-,8.796,95,-0.8452832102775574,-0.29731181263923645,-0.5479713976383209
MSN4,300,333,338,+,8.796,85,0.046365976333618164,-0.6003011465072632,0.6466671228408813
MSN4,300,365,370,-,8.796,90,-0.3359680473804474,-0.023900896310806274,-0.3120671510696411
MSN4,300,379,384,+,8.796,90,0.41631531715393066,-0.4454038143157959,0.8617191314697266
MSN4,301,265,270,+,8.796,83,1.8078144788742065,-0.009340107440948486,1.817154586315155
MSN4,301,290,295,+,8.796,78,0.8861545920372009,0.4765775203704834,0.40957707166671753
MSN4,301,306,311,-,8.796,80,1.3046172857284546,-0.8406944870948792,2.1453117728233337
MSN4,301,333,338,+,8.796,85,-0.2925736606121063,-0.19771596789360046,-0.09485769271850586
MSN4,301,377,382,-,8.796,95,-0.13549791276454926,0.39870625734329224,-0.5342041701078415
MSN4,301,467,472,-,8.796,73,-0.05313991755247116,-0.3024468421936035,0.24930692464113235
MSN4,301,490,495,-,8.796,50,-0.5125566720962524,0.4506271183490753,-0.9631837904453278
MSN4,302,166,171,+,8.796,95,-0.08722898364067078,1.2572283744812012,-1.344457358121872
MSN4,302,189,194,+,8.796,95,0.27725499868392944,0.27846288681030273,-0.001207888126373291
MSN4,302,279,284,+,8.796,95,-0.008145004510879517,0.1642560511827469,-0.1724010556936264
MSN4,302,323,328,-,8.796,85,-0.8103540539741516,-0.3592357039451599,-0.4511183500289917
MSN4,302,350,355,+,8.796,80,0.7886742949485779,0.28775155544281006,0.5009227395057678
MSN4,302,366,371,-,8.796,78,2.5472664833068848,0.05526755377650261,2.491998929530382
MSN4,302,391,396,-,8.796,83,1.1059505939483643,-0.6766653060913086,1.7826159000396729
MSN4,303,221,226,-,8.796,78,0.26736485958099365,0.09972351789474487,0.16764134168624878
MSN4,303,402,407,-,8.796,93,0.16680452227592468,0.4432556927204132,-0.2764511704444885
MSN4,304,15,20,-,8.796,39,0.19001007080078125,-0.16257481276988983,0.3525848835706711
MSN4,304,316,321,+,8.796,89,-0.2515740394592285,-0.09624357521533966,-0.15533046424388885
MSN4,304,396,401,-,8.796,73,-0.45862841606140137,0.5431140065193176,-1.001742422580719
MSN4,304,405,410,-,8.796,76,-0.4073525369167328,-0.31993618607521057,-0.08741635084152222
MSN4,304,414,419,-,8.796,76,-0.13725650310516357,-0.34415191411972046,0.20689541101455688
MSN4,304,442,447,-,8.796,85,0.6540967226028442,0.7056653499603271,-0.05156862735748291
MSN4,305,34,39,-,8.796,84,-0.5250940918922424,-0.21811620891094208,-0.30697788298130035
MSN4,305,112,117,+,8.796,66,0.0901750773191452,-0.12820929288864136,0.21838437020778656
MSN4,305,141,146,+,8.796,57,3.462766408920288,0.1677539050579071,3.295012503862381
MSN4,305,189,194,-,8.796,73,-0.5853573083877563,0.28781357407569885,-0.8731708824634552
MSN4,305,234,239,-,8.796,83,-0.8607838153839111,-0.571914553642273,-0.2888692617416382
MSN4,306,79,84,-,8.796,79,0.024792224168777466,0.6566473245620728,-0.6318551003932953
MSN4,306,145,150,-,8.796,84,-0.17665737867355347,-0.6609544157981873,0.4842970371246338
MSN4,306,320,325,-,8.796,56,-0.5717169642448425,-0.22386541962623596,-0.34785154461860657
MSN4,306,336,341,+,8.796,68,0.35923826694488525,-0.13754260540008545,0.4967808723449707
MSN4,306,360,365,+,8.796,75,0.10963402688503265,-0.0825684666633606,0.19220249354839325
MSN4,307,103,108,+,8.796,84,-0.005171149969100952,-0.020493246614933014,0.015322096645832062
MSN4,307,169,174,+,8.796,84,-0.18363609910011292,-0.11551788449287415,-0.06811821460723877
MSN4,307,298,303,+,8.796,58,-0.3342190980911255,0.4007226526737213,-0.7349417507648468
MSN4,307,414,419,-,8.796,64,-0.6693530082702637,0.9112938642501831,-1.5806468725204468
MSN4,308,294,299,+,8.796,95,-0.6225075125694275,0.004420161247253418,-0.6269276738166809
MSN4,308,306,311,+,8.796,95,-0.4144247770309448,-1.0047032833099365,0.5902785062789917
MSN4,310,33,38,+,8.796,65,-0.615049421787262,-1.020559310913086,0.405509889125824
MSN4,310,232,237,+,8.796,90,-0.03440306335687637,-0.05372697114944458,0.019323907792568207
MSN4,310,377,382,+,8.796,87,-0.26803451776504517,-0.2300855815410614,-0.037948936223983765
MSN4,310,389,394,-,8.796,87,-0.029318243265151978,-0.03648275136947632,0.007164508104324341
MSN4,311,120,125,+,8.796,84,-0.5023015737533569,0.007215410470962524,-0.5095169842243195
MSN4,311,185,190,+,8.796,88,-0.5419746041297913,-0.08073747158050537,-0.4612371325492859
MSN4,311,296,301,-,8.796,88,1.6850484609603882,-0.0903857946395874,1.7754342555999756
MSN4,311,357,362,-,8.796,80,0.2704550325870514,0.20562441647052765,0.06483061611652374
MSN4,311,380,385,-,8.796,76,-0.24001017212867737,-0.6642075777053833,0.42419740557670593
MSN4,311,411,416,+,8.796,84,-0.07846418768167496,0.03780609369277954,-0.1162702813744545
MSN4,311,439,444,-,8.796,89,-0.3771432042121887,0.44693827629089355,-0.8240814805030823
MSN4,312,253,258,-,8.796,72,0.13896086812019348,0.0837894082069397,0.055171459913253784
MSN4,312,265,270,-,8.796,81,0.3025672435760498,0.07428163290023804,0.22828561067581177
MSN4,312,282,287,-,8.796,88,1.1864242553710938,-0.1060187816619873,1.292443037033081
MSN4,312,442,447,+,8.796,90,0.17303989827632904,-0.18617552518844604,0.3592154234647751
MSN4,312,468,473,+,8.796,72,0.02714468538761139,0.5294449329376221,-0.5023002475500107
MSN4,313,166,171,-,8.796,94,-0.07500636577606201,0.9053989052772522,-0.9804052710533142
MSN4,313,356,361,+,8.796,66,0.48647427558898926,0.8105084300041199,-0.3240341544151306
MSN4,314,36,41,-,8.796,72,-0.2163860946893692,0.21698057651519775,-0.43336667120456696
MSN4,314,135,140,+,8.796,90,-0.269558846950531,-0.029159128665924072,-0.24039971828460693
MSN4,314,272,277,+,8.796,95,-1.0303983688354492,0.32307565212249756,-1.3534740209579468
MSN4,314,281,286,+,8.796,94,-0.04717707633972168,-0.5132818818092346,0.46610480546951294
MSN4,314,336,341,-,8.796,91,0.2560362219810486,-0.2663307189941406,0.5223669409751892
MSN4,314,343,348,+,8.796,91,-0.23297050595283508,-0.41533493995666504,0.18236443400382996
MSN4,314,414,419,+,8.796,100,-0.23544512689113617,0.939841628074646,-1.1752867549657822
MSN4,315,37,42,-,8.796,71,0.651506245136261,-0.29284119606018066,0.9443474411964417
MSN4,315,51,56,-,8.796,79,0.08114872872829437,-0.881432831287384,0.9625815600156784
MSN4,315,105,110,+,8.796,90,-0.2228083610534668,0.24172908067703247,-0.46453744173049927
MSN4,315,205,210,+,8.796,82,0.7107864022254944,-0.08944278955459595,0.8002291917800903
MSN4,315,215,220,+,8.796,74,0.6454530358314514,-0.016315817832946777,0.6617688536643982
MSN4,315,320,325,-,8.796,94,-0.4511473774909973,0.006109654903411865,-0.4572570323944092
MSN4,315,471,476,+,8.796,74,-0.041614413261413574,-0.15037131309509277,0.1087568998336792
MSN4,316,68,73,+,8.796,72,-0.5245437622070312,0.1894824504852295,-0.7140262126922607
MSN4,316,435,440,-,8.796,82,-0.20873409509658813,-0.7192274332046509,0.5104933381080627
MSN4,317,158,163,-,8.796,72,0.3383948504924774,-0.8507211208343506,1.189115971326828
MSN4,317,312,317,-,8.796,89,0.12359488010406494,-0.3191147446632385,0.44270962476730347
MSN4,317,350,355,+,8.796,82,-0.19401755928993225,-0.12872754037380219,-0.06529001891613007
MSN4,317,437,442,-,8.796,98,0.46301281452178955,-0.022179313004016876,0.4851921275258064
MSN4,318,12,17,+,8.796,60,-0.16192704439163208,1.447934865951538,-1.6098619103431702
MSN4,318,104,109,-,8.796,62,-0.13667741417884827,0.006916821002960205,-0.14359423518180847
MSN4,318,118,123,-,8.796,65,0.7585567235946655,-0.5057568550109863,1.2643135786056519
MSN4,318,145,150,-,8.796,72,-0.2974851131439209,-0.3093568980693817,0.011871784925460815
MSN4,318,180,185,-,8.796,67,0.5467053651809692,-0.5085435509681702,1.0552489161491394
MSN4,318,205,210,-,8.796,72,2.045440673828125,-0.32446160912513733,2.3699022829532623
MSN4,318,211,216,+,8.796,72,1.764024257659912,-0.8134273886680603,2.5774516463279724
MSN4,318,289,294,+,8.796,90,0.22330573201179504,-0.04419735446572304,0.2675030864775181
MSN4,318,296,301,+,8.796,94,0.5203455686569214,0.0820745974779129,0.4382709711790085
MSN4,319,38,43,-,8.796,80,-0.15738528966903687,-0.04702002927660942,-0.11036526039242744
MSN4,319,98,103,+,8.796,87,-0.8226156234741211,0.25974395871162415,-1.0823595821857452
MSN4,319,106,111,+,8.796,87,-0.23069444298744202,0.37968361377716064,-0.6103780567646027
MSN4,319,304,309,-,8.796,88,1.74855637550354,-0.413961261510849,2.162517637014389
MSN4,319,391,396,-,8.796,86,0.06122290715575218,0.551211416721344,-0.4899885095655918
MSN4,320,211,216,-,8.796,67,0.10193648189306259,-0.41867607831954956,0.5206125602126122
MSN4,320,230,235,-,8.796,73,0.7267218232154846,-0.29514601826667786,1.0218678414821625
MSN4,320,403,408,+,8.796,97,0.06723447144031525,0.1555759608745575,-0.08834148943424225
MSN4,321,9,14,+,8.796,30,-0.04122692719101906,-0.32516273856163025,0.2839358113706112
MSN4,321,36,41,-,8.796,57,-0.35659441351890564,-0.8843748569488525,0.5277804434299469
MSN4,321,186,191,+,8.796,51,0.09912371635437012,-0.5018581748008728,0.6009818911552429
MSN4,321,248,253,+,8.796,58,0.06172965466976166,0.06560277938842773,-0.0038731247186660767
MSN4,321,288,293,-,8.796,72,-0.058604031801223755,-0.2522280514240265,0.19362401962280273
MSN4,321,465,470,-,8.796,64,-0.5942880511283875,0.5114536285400391,-1.1057416796684265
MSN4,322,32,37,-,8.796,67,0.135398268699646,-0.28459981083869934,0.41999807953834534
MSN4,322,193,198,+,8.796,67,-0.7366713881492615,-0.32795020937919617,-0.4087211787700653
MSN4,322,200,205,-,8.796,66,-0.49950161576271057,0.41526830196380615,-0.9147699177265167
MSN4,322,214,219,+,8.796,61,-0.6246969699859619,0.1973363161087036,-0.8220332860946655
MSN4,322,222,227,-,8.796,67,0.6735890507698059,-0.12231284379959106,0.795901894569397
MSN4,322,231,236,+,8.796,73,-0.6522528529167175,0.3706417381763458,-1.0228945910930634
MSN4,322,474,479,-,8.796,71,0.9765116572380066,-0.07743436843156815,1.0539460256695747
MSN4,324,113,118,+,8.796,85,0.07988795638084412,-0.6830859184265137,0.7629738748073578
MSN4,324,137,142,-,8.796,61,0.7564542293548584,-0.1231732964515686,0.879627525806427
MSN4,324,229,234,-,8.796,71,-0.08771198987960815,0.6140312552452087,-0.7017432451248169
MSN4,325,27,32,-,8.796,65,0.12158794701099396,1.7741934061050415,-1.6526054590940475
MSN4,325,135,140,+,8.796,86,0.4504109025001526,-0.21435841917991638,0.664769321680069
MSN4,325,255,260,-,8.796,89,0.34691309928894043,0.5606702566146851,-0.21375715732574463
MSN4,325,304,309,-,8.796,84,0.6379361152648926,-0.2861444056034088,0.9240805208683014
MSN4,325,339,344,-,8.796,81,0.16972023248672485,0.18670570850372314,-0.01698547601699829
MSN4,325,404,409,+,8.796,81,-0.08585327863693237,0.004461437463760376,-0.09031471610069275
MSN4,325,454,459,+,8.796,85,-0.48351389169692993,0.4729123115539551,-0.956426203250885
MSN4,326,10,15,+,8.796,55,-0.08238246291875839,0.251146137714386,-0.3335286006331444
MSN4,326,32,37,+,8.796,77,-0.3899058699607849,-0.06029653549194336,-0.32960933446884155
MSN4,326,196,201,+,8.796,100,-0.1585940718650818,-0.1497112363576889,-0.008882835507392883
MSN4,326,266,271,-,8.796,82,-0.6374730467796326,0.47101759910583496,-1.1084906458854675
MSN4,326,272,277,+,8.796,82,-0.2534354031085968,0.151327446103096,-0.4047628492116928
MSN4,326,293,298,-,8.796,82,-0.616910457611084,0.037138886749744415,-0.6540493443608284
MSN4,327,52,57,+,8.796,81,-0.9186933040618896,-0.8707488775253296,-0.04794442653656006
MSN4,327,73,78,-,8.796,81,0.16754329204559326,0.32072722911834717,-0.1531839370727539
MSN4,327,79,84,+,8.796,81,-0.9982399940490723,0.009846046566963196,-1.0080860406160355
MSN4,327,149,154,-,8.796,100,-0.3359721302986145,0.27537503838539124,-0.6113471686840057
MSN4,327,313,318,-,8.796,95,0.2559312582015991,-0.32202640175819397,0.5779576599597931
MSN4,327,335,340,-,8.796,95,-0.0903070867061615,0.36422300338745117,-0.45453009009361267
MSN4,328,27,32,-,8.796,72,-0.05426508188247681,-0.0031808018684387207,-0.051084280014038086
MSN4,328,96,101,-,8.796,67,-0.046750426292419434,0.3346092700958252,-0.38135969638824463
MSN4,328,296,301,-,8.796,76,2.186384916305542,0.4297134280204773,1.7566714882850647
MSN4,328,306,311,+,8.796,74,0.5993204116821289,0.04621395468711853,0.5531064569950104
MSN4,328,316,321,-,8.796,74,0.4879620671272278,1.0668344497680664,-0.5788723826408386
MSN4,328,398,403,+,8.796,90,-0.17023766040802002,1.4827371835708618,-1.6529748439788818
MSN4,328,408,413,+,8.796,89,-0.1803295612335205,-0.16923916339874268,-0.011090397834777832
MSN4,329,104,109,-,8.796,66,-0.8914869427680969,0.3196089267730713,-1.2110958695411682
MSN4,329,128,133,-,8.796,66,-0.5535998344421387,-1.067760705947876,0.5141608715057373
MSN4,329,156,161,+,8.796,68,-0.4852146506309509,0.34499260783195496,-0.8302072584629059
MSN4,329,377,382,+,8.796,82,0.18252617120742798,0.05663853883743286,0.12588763236999512
MSN4,330,255,260,-,8.796,100,-0.15554529428482056,-0.26698023080825806,0.1114349365234375
MSN4,331,111,116,-,8.796,79,0.25487229228019714,-0.6200771331787109,0.8749494254589081
MSN4,331,119,124,-,8.796,73,-0.4662232995033264,-0.9180183410644531,0.4517950415611267
MSN4,331,170,175,-,8.796,71,0.21467232704162598,0.9035674333572388,-0.6888951063156128
MSN4,331,215,220,+,8.796,80,-0.37086600065231323,-0.37529122829437256,0.004425227642059326
MSN4,331,287,292,-,8.796,69,0.5574178695678711,0.23844176530838013,0.31897610425949097
MSN4,331,296,301,-,8.796,70,-0.34617936611175537,0.21915829181671143,-0.5653376579284668
MSN4,331,328,333,-,8.796,69,1.3649132251739502,0.26153260469436646,1.1033806204795837
MSN4,331,335,340,+,8.796,69,-0.2932717800140381,0.16743779182434082,-0.4607095718383789
MSN4,331,443,448,-,8.796,90,0.49625056982040405,-0.13906756043434143,0.6353181302547455
MSN4,331,483,488,-,8.796,57,0.04653051495552063,-0.12344717979431152,0.16997769474983215
MSN4,332,10,15,+,8.796,34,-0.012786120176315308,-0.5174700617790222,0.5046839416027069
MSN4,332,171,176,+,8.796,84,0.12934061884880066,0.264714777469635,-0.13537415862083435
MSN4,332,446,451,-,8.796,70,0.6342613697052002,-0.3048405945301056,0.9391019642353058
MSN4,333,94,99,-,8.796,82,0.16176316142082214,-0.13411904871463776,0.2958822101354599
MSN4,333,304,309,-,8.796,88,1.2232918739318848,0.16325460374355316,1.0600372701883316
MSN4,333,382,387,+,8.796,100,-0.08278214931488037,-0.070412278175354,-0.012369871139526367
MSN4,333,471,476,+,8.796,74,-0.13132968544960022,1.318364143371582,-1.4496938288211823
MSN4,334,57,62,+,8.796,87,-0.5450240969657898,-0.7332647442817688,0.188240647315979
MSN4,334,280,285,+,8.796,83,-0.8721082210540771,-0.42069417238235474,-0.4514140486717224
MSN4,334,342,347,-,8.796,89,0.13537102937698364,0.11807835102081299,0.017292678356170654
MSN4,334,351,356,-,8.796,89,-0.37891000509262085,-0.541826069355011,0.16291606426239014
MSN4,334,426,431,-,8.796,89,0.3609514832496643,-0.5140969753265381,0.8750484585762024
MSN4,334,444,449,-,8.796,84,-0.12302494049072266,-0.46445170044898987,0.3414267599582672
MSN4,335,5,10,+,8.796,44,-0.09719610959291458,0.1517716646194458,-0.24896777421236038
MSN4,335,23,28,+,8.796,56,0.5766003727912903,0.06682366132736206,0.5097767114639282
MSN4,335,98,103,+,8.796,83,0.38580846786499023,0.04910939931869507,0.33669906854629517
MSN4,335,107,112,+,8.796,89,0.6061287522315979,0.016988039016723633,0.5891407132148743
MSN4,335,169,174,-,8.796,83,-0.46900060772895813,0.4590606689453125,-0.9280612766742706
MSN4,335,392,397,-,8.796,87,-0.3746181130409241,0.23700553178787231,-0.6116236448287964
MSN4,336,73,78,+,8.796,100,-0.20216158032417297,-0.2921249270439148,0.08996334671974182
MSN4,337,100,105,-,8.796,96,-0.2605307698249817,-0.605842113494873,0.34531134366989136
MSN4,337,210,215,+,8.796,100,-0.1572035551071167,0.47955524921417236,-0.6367588043212891
MSN4,337,289,294,-,8.796,95,0.2345145046710968,0.025137826800346375,0.20937667787075043
MSN4,337,295,300,-,8.796,95,-0.26780566573143005,1.2171787023544312,-1.4849843680858612
MSN4,338,118,123,-,8.796,94,0.031135767698287964,0.7084387540817261,-0.6773029863834381
MSN4,338,206,211,-,8.796,92,0.1857365518808365,-0.20402957499027252,0.389766126871109
MSN4,338,295,300,+,8.796,67,2.083186388015747,-0.34488120675086975,2.428067594766617
MSN4,338,387,392,-,8.796,87,-0.18073439598083496,-0.02576562389731407,-0.1549687720835209
MSN4,338,489,494,+,8.796,38,-0.49606868624687195,0.19373995065689087,-0.6898086369037628
MSN4,339,117,122,-,8.796,97,-0.31068629026412964,0.057437360286712646,-0.3681236505508423
MSN4,339,216,221,+,8.796,84,-0.19249297678470612,-0.3081405460834503,0.1156475692987442
MSN4,339,230,235,+,8.796,89,-0.32309019565582275,0.22814017534255981,-0.5512303709983826
MSN4,339,330,335,-,8.796,69,0.3874620199203491,-0.04038470983505249,0.4278467297554016
MSN4,339,343,348,-,8.796,69,0.500257134437561,0.09832781553268433,0.4019293189048767
MSN4,339,481,486,-,8.796,58,0.40359026193618774,-0.4679673910140991,0.8715576529502869
MSN4,340,189,194,-,8.796,87,2.025047779083252,0.2550773024559021,1.7699704766273499
MSN4,340,202,207,+,8.796,87,2.636047124862671,-0.607485830783844,3.243532955646515
MSN4,340,366,371,-,8.796,100,-0.21036699414253235,0.07371968030929565,-0.284086674451828
MSN4,341,51,56,+,8.796,73,0.15910044312477112,0.3813849687576294,-0.22228452563285828
MSN4,341,267,272,-,8.796,92,0.5621438026428223,-0.6003613471984863,1.1625051498413086
MSN4,341,400,405,+,8.796,73,1.476338267326355,0.18621182441711426,1.2901264429092407
MSN4,342,82,87,+,8.796,89,0.07576539367437363,0.17220234870910645,-0.09643695503473282
MSN4,342,148,153,+,8.796,95,-0.6189948320388794,-0.08953109383583069,-0.5294637382030487
MSN4,342,156,161,+,8.796,95,-0.0916973128914833,-0.11062473058700562,0.01892741769552231
MSN4,342,327,332,-,8.796,69,0.04115240275859833,-0.30527591705322266,0.346428319811821
MSN4,342,353,358,+,8.796,68,0.31647607684135437,0.017338499426841736,0.29913757741451263
MSN4,342,494,499,-,8.796,51,-1.146345615386963,1.2628663778305054,-2.4092119932174683
MSN4,343,429,434,-,8.796,93,1.0779573917388916,-0.053008660674095154,1.1309660524129868
MSN4,343,491,496,+,8.796,47,-0.2453373670578003,-0.018282800912857056,-0.22705456614494324
MSN4,344,82,87,-,8.796,78,-0.11138325929641724,0.8335354328155518,-0.944918692111969
MSN4,344,144,149,+,8.796,93,0.8255724906921387,0.481462687253952,0.34410980343818665
MSN4,345,216,221,-,8.796,90,1.4146795272827148,-0.46413174271583557,1.8788112699985504
MSN4,345,341,346,-,8.796,92,-0.45594727993011475,0.2055957019329071,-0.6615429818630219
MSN4,345,442,447,-,8.796,91,-0.4885063171386719,-0.7393410801887512,0.25083476305007935
MSN4,346,32,37,-,8.796,76,-0.18961939215660095,-0.970581591129303,0.780962198972702
MSN4,346,125,130,+,8.796,79,-0.18111330270767212,0.15952838957309723,-0.34064169228076935
MSN4,346,146,151,-,8.796,84,-0.4696389436721802,0.05955895781517029,-0.5291979014873505
MSN4,347,281,286,+,8.796,90,0.42135289311408997,-0.11208707094192505,0.533439964056015
MSN4,347,426,431,+,8.796,90,-0.5451550483703613,0.07965612411499023,-0.6248111724853516
MSN4,347,459,464,+,8.796,76,-0.7545313239097595,-0.38501855731010437,-0.36951276659965515
MSN4,347,471,476,+,8.796,64,-0.4172741174697876,0.21735182404518127,-0.6346259415149689
MSN4,348,76,81,+,8.796,75,-0.1490580290555954,0.5662171840667725,-0.7152752131223679
MSN4,348,416,421,-,8.796,100,2.1471025943756104,-0.3433958888053894,2.4904984831809998
MSN4,349,330,335,-,8.796,51,0.003205209970474243,-0.4945751428604126,0.49778035283088684
MSN4,349,335,340,-,8.796,51,0.5756063461303711,-0.17246228456497192,0.748068630695343
MSN4,349,372,377,+,8.796,67,0.2616294026374817,-0.4070964455604553,0.668725848197937
MSN4,350,88,93,-,8.796,89,-0.327888548374176,-0.573550820350647,0.24566227197647095
MSN4,350,126,131,+,8.796,89,0.07820498198270798,0.31292593479156494,-0.23472095280885696
MSN4,350,201,206,+,8.796,96,-0.35974714159965515,-0.16834203898906708,-0.19140510261058807
MSN4,350,440,445,+,8.796,94,-0.07536253333091736,-0.04685603082180023,-0.028506502509117126
MSN4,351,0,5,-,8.796,44,0.24514499306678772,-0.2546285390853882,0.4997735321521759
MSN4,351,62,67,+,8.796,78,0.6632310152053833,-0.001044243574142456,0.6642752587795258
MSN4,351,72,77,+,8.796,81,0.4179970622062683,-0.0029182732105255127,0.4209153354167938
MSN4,351,85,90,+,8.796,75,0.27500683069229126,-0.23762139678001404,0.5126282274723053
MSN4,351,110,115,+,8.796,50,-0.24033045768737793,0.10872557759284973,-0.34905603528022766
MSN4,351,179,184,-,8.796,52,-0.3251902461051941,0.21120233833789825,-0.5363925844430923
MSN4,351,250,255,+,8.796,95,0.5069075226783752,-0.19472670555114746,0.7016342282295227
MSN4,351,319,324,+,8.796,100,-0.31877967715263367,-0.5240497589111328,0.20527008175849915
MSN4,351,401,406,+,8.796,100,-0.7458125948905945,0.48382672667503357,-1.229639321565628
MSN4,351,472,477,-,8.796,66,0.0472140908241272,0.4090028405189514,-0.3617887496948242
MSN4,352,39,44,-,8.796,88,-0.11966580152511597,0.1497168391942978,-0.26938264071941376
MSN4,352,166,171,+,8.796,93,0.02289043366909027,-0.12257707118988037,0.14546750485897064
MSN4,352,382,387,-,8.796,76,-0.1639009714126587,-0.1804530918598175,0.016552120447158813
MSN4,352,393,398,-,8.796,73,-0.32249680161476135,-0.26596391201019287,-0.05653288960456848
MSN4,352,434,439,-,8.796,66,-0.24774780869483948,-0.5064022541046143,0.2586544454097748
MSN4,353,151,156,-,8.796,93,-0.12737950682640076,-0.3875974416732788,0.26021793484687805
MSN4,353,278,283,+,8.796,95,0.952678918838501,-0.31917768716812134,1.2718566060066223
MSN4,353,356,361,+,8.796,95,-0.5041356086730957,-0.32143062353134155,-0.18270498514175415
MSN4,353,494,499,-,8.796,51,-0.5288915038108826,-0.13876274228096008,-0.3901287615299225
MSN4,354,107,112,+,8.796,89,0.7848080396652222,-0.09135154634714127,0.8761595860123634
MSN4,354,306,311,+,8.796,89,-0.5547667741775513,-0.6802453994750977,0.1254786252975464
MSN4,354,317,322,-,8.796,89,0.5274350643157959,0.27924591302871704,0.24818915128707886
MSN4,355,26,31,-,8.796,65,-0.2955675423145294,-0.15800181031227112,-0.1375657320022583
MSN4,355,321,326,-,8.796,70,-0.41062310338020325,0.02298014983534813,-0.4336032532155514
MSN4,355,391,396,-,8.796,80,-0.556449294090271,-0.026789307594299316,-0.5296599864959717
MSN4,356,32,37,-,8.796,69,0.2800214886665344,-0.2606753706932068,0.5406968593597412
MSN4,356,241,246,+,8.796,95,-0.7152589559555054,-0.28738632798194885,-0.4278726279735565
MSN4,356,298,303,-,8.796,97,-0.9389444589614868,-0.44563981890678406,-0.49330464005470276
MSN4,357,6,11,-,8.796,50,-0.1920195370912552,-0.09041601419448853,-0.10160352289676666
MSN4,357,86,91,+,8.796,95,-0.30915865302085876,-0.21913647651672363,-0.09002217650413513
MSN4,357,97,102,+,8.796,94,-0.2460528314113617,0.08849829435348511,-0.3345511257648468
MSN4,357,201,206,-,8.796,61,-0.08596283197402954,-0.5980793833732605,0.512116551399231
MSN4,357,314,319,-,8.796,82,-0.979788601398468,0.24950917065143585,-1.2292977720499039
MSN4,357,369,374,-,8.796,100,0.4423345923423767,-0.3354371190071106,0.7777717113494873
MSN4,357,468,473,-,8.796,77,-0.10940253734588623,0.5851496458053589,-0.6945521831512451
MSN4,358,16,21,-,8.796,42,0.04102259874343872,-0.665353000164032,0.7063755989074707
MSN4,358,113,118,-,8.796,88,-0.0764603316783905,-0.24309517443180084,0.16663484275341034
MSN4,358,127,132,+,8.796,89,-0.2984737753868103,0.7255843281745911,-1.0240581035614014
MSN4,359,106,111,-,8.796,95,-0.5019266605377197,0.17590254545211792,-0.6778292059898376
MSN4,359,129,134,-,8.796,90,-0.22236423194408417,-0.12798869609832764,-0.09437553584575653
MSN4,359,161,166,+,8.796,78,0.12422534823417664,0.4317691922187805,-0.3075438439846039
MSN4,359,194,199,-,8.796,78,0.4750291407108307,-0.5435683727264404,1.0185975134372711
MSN4,359,223,228,-,8.796,74,1.586654543876648,-0.1504325270652771,1.737087070941925
MSN4,359,388,393,+,8.796,75,-0.26110804080963135,-0.01573657989501953,-0.24537146091461182
MSN4,359,404,409,+,8.796,75,-0.3531287908554077,0.011021137237548828,-0.36414992809295654
MSN4,359,426,431,+,8.796,69,-0.3610163629055023,-0.12532252073287964,-0.23569384217262268
MSN4,360,224,229,-,8.796,71,1.2985416650772095,0.011583849787712097,1.2869578152894974
MSN4,360,230,235,+,8.796,71,3.296328067779541,0.3815946578979492,2.914733409881592
MSN4,361,366,371,-,8.796,81,2.11633563041687,0.6610358953475952,1.455299735069275
MSN4,361,371,376,+,8.796,81,1.6112360954284668,-0.8460728526115417,2.4573089480400085
MSN4,361,490,495,-,8.796,54,-0.7745623588562012,0.4735729694366455,-1.2481353282928467
MSN4,362,107,112,-,8.796,95,-0.32292571663856506,0.42659991979599,-0.749525636434555
MSN4,362,137,142,-,8.796,80,-0.17280270159244537,-0.2210717499256134,0.04826904833316803
MSN4,362,283,288,+,8.796,85,0.17483162879943848,0.006229139864444733,0.16860248893499374
MSN4,363,140,145,+,8.796,89,0.4771875739097595,-0.2153511643409729,0.6925387382507324
MSN4,363,299,304,+,8.796,100,-0.07843994349241257,0.2072778344154358,-0.28571777790784836
MSN4,364,62,67,-,8.796,100,-0.1591506004333496,-0.038723502308130264,-0.12042709812521935
MSN4,364,422,427,+,8.796,93,0.7536222338676453,0.09575322270393372,0.6578690111637115
MSN4,364,476,481,+,8.796,68,-0.35732343792915344,-0.14792662858963013,-0.20939680933952332
MSN4,365,55,60,-,8.796,100,-0.024029210209846497,0.9925892353057861,-1.0166184455156326
MSN4,365,423,428,-,8.796,100,-0.4687858819961548,0.26668450236320496,-0.7354703843593597
MSN4,366,25,30,+,8.796,56,-0.07095666974782944,1.9154715538024902,-1.9864282235503197
MSN4,366,50,55,-,8.796,78,0.16426312923431396,-0.13772040605545044,0.3019835352897644
MSN4,366,102,107,+,8.796,73,0.13600541651248932,-0.15983036160469055,0.29583577811717987
MSN4,366,117,122,+,8.796,85,-0.3150138854980469,-0.1819923371076584,-0.1330215483903885
MSN4,366,150,155,-,8.796,90,-0.450526624917984,0.5099300146102905,-0.9604566395282745
MSN4,367,40,45,+,8.796,72,-0.08721375465393066,-0.045347124338150024,-0.04186663031578064
MSN4,367,48,53,+,8.796,80,-0.06542903184890747,-0.16895997524261475,0.10353094339370728
MSN4,367,59,64,+,8.796,82,-0.10350620746612549,-0.5404202938079834,0.4369140863418579
MSN4,367,177,182,+,8.796,73,0.5116852521896362,-0.515133798122406,1.0268190503120422
MSN4,367,195,200,+,8.796,69,1.0602684020996094,0.38692402839660645,0.6733443737030029
MSN4,367,231,236,-,8.796,74,1.0351067781448364,0.3758559823036194,0.659250795841217
MSN4,368,213,218,-,8.796,74,-0.45372313261032104,-0.5204513669013977,0.06672823429107666
MSN4,368,252,257,-,8.796,80,1.7706968784332275,0.9629749059677124,0.8077219724655151
MSN4,368,258,263,-,8.796,80,1.83488130569458,-0.0807376503944397,1.9156189560890198
MSN4,368,397,402,+,8.796,100,-0.1639300137758255,-0.17711254954338074,0.013182535767555237
MSN4,368,482,487,-,8.796,63,-0.22250133752822876,0.042147181928157806,-0.26464851945638657
MSN4,369,121,126,+,8.796,52,2.1789169311523438,0.17161893844604492,2.007297992706299
MSN4,369,154,159,-,8.796,65,-1.0388211011886597,-0.20602306723594666,-0.832798033952713
MSN4,369,159,164,-,8.796,65,-0.6130594611167908,0.12484182417392731,-0.7379012852907181
MSN4,369,210,215,+,8.796,96,0.596298098564148,-0.20487141609191895,0.8011695146560669
MSN4,369,282,287,+,8.796,85,-0.4437514543533325,-0.32321906089782715,-0.12053239345550537
MSN4,369,321,326,+,8.796,78,-0.5541068911552429,0.4903150200843811,-1.044421911239624
MSN4,370,205,210,+,8.796,88,-0.11993464827537537,1.285035252571106,-1.4049699008464813
MSN4,370,452,457,-,8.796,80,-0.09243687987327576,-0.428859680891037,0.33642280101776123
MSN4,371,213,218,-,8.796,88,-0.20352619886398315,-0.1441999077796936,-0.05932629108428955
MSN4,372,76,81,+,8.796,81,-0.2912822365760803,0.596807599067688,-0.8880898356437683
MSN4,372,273,278,+,8.796,86,-0.4592905044555664,0.4121714234352112,-0.8714619278907776
MSN4,373,362,367,-,8.796,79,0.56792151927948,-0.36750537157058716,0.9354268908500671
MSN4,373,402,407,-,8.796,78,-0.32476818561553955,-0.05279195308685303,-0.2719762325286865
MSN4,374,49,54,+,8.796,99,-0.024303972721099854,-0.3163921535015106,0.29208818078041077
MSN4,374,116,121,+,8.796,95,0.004024088382720947,-0.202861487865448,0.20688557624816895
MSN4,374,402,407,+,8.796,78,1.0467005968093872,0.2839616537094116,0.7627389430999756
MSN4,374,442,447,+,8.796,79,1.9917881488800049,0.08588755130767822,1.9059005975723267
MSN4,375,297,302,+,8.796,93,-0.4993555545806885,-0.2796727120876312,-0.21968284249305725
MSN4,375,396,401,-,8.796,100,1.4171425104141235,-0.5074453353881836,1.9245878458023071
MSN4,375,490,495,-,8.796,50,-1.2041622400283813,-0.025657758116722107,-1.1785044819116592
MSN4,376,262,267,-,8.796,74,0.13339856266975403,-0.44217780232429504,0.5755763649940491
MSN4,376,274,279,-,8.796,69,-0.07316064834594727,-0.42683812975883484,0.3536774814128876
MSN4,376,466,471,+,8.796,72,-0.012492895126342773,-0.6132680177688599,0.6007751226425171
MSN4,377,23,28,-,8.796,65,0.06431472301483154,-0.4888368844985962,0.5531516075134277
MSN4,377,294,299,+,8.796,72,-0.5995856523513794,-0.5134590268135071,-0.08612662553787231
MSN4,377,321,326,-,8.796,74,-0.45329153537750244,0.2062920182943344,-0.6595835536718369
MSN4,377,356,361,+,8.796,79,-0.17970527708530426,0.05197225511074066,-0.23167753219604492
MSN4,377,486,491,+,8.796,51,-0.20629718899726868,0.0643106997013092,-0.2706078886985779
MSN4,378,165,170,+,8.796,54,0.3957303464412689,-0.004613414406776428,0.40034376084804535
MSN4,378,320,325,-,8.796,75,0.23226302862167358,-0.049712687730789185,0.28197571635246277
MSN4,378,326,331,-,8.796,75,0.2628375291824341,0.036180928349494934,0.22665660083293915
MSN4,378,396,401,-,8.796,98,0.689848005771637,-0.24846190214157104,0.938309907913208
MSN4,378,489,494,-,8.796,52,-0.3254919648170471,-0.07340037822723389,-0.25209158658981323
MSN4,379,90,95,-,8.796,64,-0.1757686734199524,-0.3759004771709442,0.20013180375099182
MSN4,379,96,101,+,8.796,64,-0.013836801052093506,-0.06695301830768585,0.053116217255592346
MSN4,379,150,155,+,8.796,84,-0.6157116293907166,0.6139944195747375,-1.229706048965454
MSN4,379,214,219,+,8.796,95,-0.7279219627380371,0.05193142592906952,-0.7798533886671066
MSN4,379,242,247,+,8.796,95,-0.016706466674804688,-0.247065007686615,0.2303585410118103
MSN4,379,299,304,-,8.796,100,-0.5383095145225525,0.051753804087638855,-0.5900633186101913
MSN4,379,354,359,+,8.796,89,-0.09207959473133087,-0.44320064783096313,0.35112105309963226
MSN4,379,362,367,+,8.796,89,-0.2345118671655655,-0.31993624567985535,0.08542437851428986
MSN4,380,125,130,+,8.796,86,0.5910335183143616,0.2546931207180023,0.33634039759635925
MSN4,380,317,322,+,8.796,57,0.5897912979125977,-0.23378217220306396,0.8235734701156616
MSN4,380,352,357,-,8.796,65,0.11780855059623718,-0.17351213097572327,0.29132068157196045
MSN4,380,359,364,+,8.796,67,-0.16531121730804443,0.8696701526641846,-1.034981369972229
MSN4,380,474,479,-,8.796,52,-0.07919767498970032,0.4934094548225403,-0.5726071298122406
MSN4,381,255,260,+,8.796,94,0.46089842915534973,-0.42189833521842957,0.8827967643737793
MSN4,381,472,477,-,8.796,65,0.06323663145303726,0.42803311347961426,-0.364796482026577
MSN4,382,96,101,-,8.796,100,-0.15562963485717773,-0.6260998249053955,0.4704701900482178
MSN4,382,243,248,-,8.796,80,0.9210350513458252,-0.3457547724246979,1.266789823770523
MSN4,382,293,298,-,8.796,95,-0.3411833643913269,0.12916141748428345,-0.47034478187561035
MSN4,382,369,374,+,8.796,95,1.4679927825927734,0.2831980586051941,1.1847947239875793
MSN4,382,394,399,-,8.796,95,0.2754295766353607,-0.1327749490737915,0.4082045257091522
MSN4,383,137,142,+,8.796,70,1.0605850219726562,0.04676581174135208,1.0138192102313042
MSN4,383,173,178,-,8.796,83,0.19110563397407532,0.03449583053588867,0.15660980343818665
MSN4,383,209,214,+,8.796,90,0.5506194829940796,-0.7492789626121521,1.2998984456062317
MSN4,383,222,227,-,8.796,79,-0.16541363298892975,0.42603665590286255,-0.5914502888917923
MSN4,383,266,271,+,8.796,73,0.08750645071268082,-0.24380943179130554,0.33131588250398636
MSN4,383,273,278,+,8.796,74,0.9079054594039917,-0.06338292360305786,0.9712883830070496
MSN4,383,293,298,+,8.796,78,1.040831208229065,-0.05084385350346565,1.0916750617325306
MSN4,383,309,314,+,8.796,73,-0.6854810118675232,0.21939663589000702,-0.9048776477575302
MSN4,383,349,354,-,8.796,82,0.7592364549636841,-0.1835588812828064,0.9427953362464905
MSN4,383,375,380,-,8.796,81,-0.24931581318378448,0.37015464901924133,-0.6194704622030258
MSN4,384,236,241,-,8.796,67,-0.21251991391181946,-0.030348122119903564,-0.1821717917919159
MSN4,384,331,336,+,8.796,87,-0.273497611284256,0.06344819068908691,-0.3369458019733429
MSN4,385,274,279,+,8.796,52,0.19360485672950745,-0.15897038578987122,0.35257524251937866
MSN4,385,300,305,+,8.796,68,0.21861767768859863,-0.3064400553703308,0.5250577330589294
MSN4,385,306,311,+,8.796,74,-0.3046915829181671,-0.33285659551620483,0.02816501259803772
MSN4,386,50,55,+,8.796,86,-0.5322888493537903,0.31431394815444946,-0.8466027975082397
MSN4,386,67,72,+,8.796,86,0.1319296509027481,-0.4646270275115967,0.5965566784143448
MSN4,387,106,111,-,8.796,86,0.45149922370910645,-0.5940481424331665,1.045547366142273
MSN4,387,123,128,-,8.796,86,-0.7091789245605469,0.8756532073020935,-1.5848321318626404
MSN4,387,225,230,+,8.796,72,-0.3075619637966156,-0.4348840117454529,0.12732204794883728
MSN4,387,244,249,+,8.796,71,-0.1768185794353485,-0.4178842008113861,0.2410656213760376
MSN4,387,250,255,+,8.796,67,-0.31044214963912964,0.0004789978265762329,-0.31092114746570587
MSN4,387,301,306,+,8.796,77,-0.40800851583480835,0.18145637214183807,-0.5894648879766464
MSN4,387,314,319,+,8.796,85,-0.1259879618883133,-0.0449499785900116,-0.0810379832983017
MSN4,388,215,220,+,8.796,78,-0.2882051467895508,0.008695095777511597,-0.2969002425670624
MSN4,388,253,258,+,8.796,80,0.13383910059928894,0.0986403077840805,0.035198792815208435
MSN4,388,297,302,+,8.796,71,-0.28835922479629517,-0.09849593788385391,-0.18986328691244125
MSN4,389,5,10,+,8.796,36,-0.3545856773853302,-0.2719862759113312,-0.08259940147399902
MSN4,389,20,25,+,8.796,39,0.6434362530708313,-0.22121694684028625,0.8646531999111176
MSN4,389,49,54,+,8.796,56,0.7003603577613831,0.02344319224357605,0.676917165517807
MSN4,389,65,70,-,8.796,56,1.745823621749878,1.0669280290603638,0.6788955926895142
MSN4,389,100,105,+,8.796,71,-0.1721174567937851,0.8839038610458374,-1.0560213178396225
MSN4,389,112,117,+,8.796,75,-0.20875686407089233,0.24896612763404846,-0.4577229917049408
MSN4,389,192,197,+,8.796,85,-0.006305232644081116,-0.23608726263046265,0.22978202998638153
MSN4,389,201,206,-,8.796,84,0.25036606192588806,1.8725051879882812,-1.6221391260623932
MSN4,389,210,215,+,8.796,80,-0.18780866265296936,-0.1891527622938156,0.0013440996408462524
MSN4,389,255,260,+,8.796,75,0.16628536581993103,1.0731006860733032,-0.9068153202533722
MSN4,389,305,310,-,8.796,86,0.48760920763015747,-0.12842638790607452,0.616035595536232
MSN4,389,412,417,-,8.796,95,-0.2004067599773407,-0.17032882571220398,-0.03007793426513672
MSN4,390,59,64,-,8.796,75,-0.6828038692474365,-0.24340054392814636,-0.43940332531929016
MSN4,390,71,76,-,8.796,71,-0.44720950722694397,-0.6324496269226074,0.18524011969566345
MSN4,390,106,111,+,8.796,56,1.4673420190811157,-0.38255512714385986,1.8498971462249756
MSN4,390,122,127,-,8.796,48,1.0942847728729248,-0.10043933987617493,1.1947241127490997
MSN4,390,151,156,-,8.796,49,0.12626491487026215,-0.11543109267950058,0.24169600754976273
MSN4,390,166,171,-,8.796,61,-0.1516568660736084,-0.14426925778388977,-0.007387608289718628
MSN4,390,323,328,+,8.796,76,0.6519535779953003,-0.15094779431819916,0.8029013723134995
MSN4,390,398,403,+,8.796,72,-0.598039984703064,-0.2891418933868408,-0.30889809131622314
MSN4,391,164,169,+,8.796,95,-0.44731268286705017,0.005513250827789307,-0.4528259336948395
MSN4,391,180,185,+,8.796,95,-0.09174907207489014,0.04205918312072754,-0.13380825519561768
MSN4,391,286,291,-,8.796,100,0.7028181552886963,-0.17350739240646362,0.8763255476951599
MSN4,392,151,156,+,8.796,88,-0.4513329267501831,-0.19793516397476196,-0.25339776277542114
MSN4,392,175,180,+,8.796,83,-0.03677612543106079,-0.1454758644104004,0.1086997389793396
MSN4,392,222,227,+,8.796,95,-0.15239134430885315,1.1059330701828003,-1.2583244144916534
MSN4,392,291,296,+,8.796,93,0.24455438554286957,-0.4681980013847351,0.7127523869276047
MSN4,392,393,398,+,8.796,96,-0.22787359356880188,0.2551563084125519,-0.48302990198135376
MSN4,392,444,449,-,8.796,91,0.07680065929889679,1.4510555267333984,-1.3742548674345016
MSN4,392,481,486,+,8.796,59,-0.285096138715744,1.3026676177978516,-1.5877637565135956
MSN4,393,429,434,-,8.796,95,0.7230619788169861,0.27590981125831604,0.44715216755867004
MSN4,393,440,445,+,8.796,95,0.007990896701812744,-0.22131451964378357,0.2293054163455963
MSN4,394,17,22,-,8.796,39,-0.4907609522342682,-0.543046236038208,0.05228528380393982
MSN4,395,108,113,-,8.796,67,1.3178128004074097,-0.1583775132894516,1.4761903136968613
MSN4,395,340,345,-,8.796,88,-0.41842901706695557,-0.179174542427063,-0.23925447463989258
MSN4,395,345,350,-,8.796,89,-0.06651854515075684,-0.41484004259109497,0.34832149744033813
MSN4,395,443,448,-,8.796,72,-0.5668842792510986,0.23147451877593994,-0.7983587980270386
MSN4,396,255,260,-,8.796,95,0.49089059233665466,0.0015986710786819458,0.4892919212579727
MSN4,396,271,276,-,8.796,95,0.13685260713100433,-0.5707728266716003,0.7076254338026047
NDT80,29,251,261,-,10.549,95,-0.9229292869567871,0.32253825664520264,-1.2454675436019897
NDT80,77,397,407,-,10.624,80,1.063450574874878,-0.21234464645385742,1.2757952213287354
NDT80,83,339,349,-,10.061,91,0.015521049499511719,-0.06708633899688721,0.08260738849639893
NDT80,125,120,130,+,11.672,71,-0.4349048435688019,-0.28178665041923523,-0.15311819314956665
NDT80,180,166,176,-,10.201,53,0.332256555557251,-0.3344888687133789,0.6667454242706299
NDT80,183,90,100,-,11.672,100,-0.00731995701789856,-0.8831456899642944,0.8758257329463959
NDT80,187,259,269,-,10.774,89,0.4842014014720917,0.14976340532302856,0.3344379961490631
NDT80,191,103,113,-,10.549,88,-0.5341577529907227,-0.09356570243835449,-0.44059205055236816
NDT80,218,423,433,-,10.468,70,0.06986728310585022,0.06667615473270416,0.003191128373146057
NDT80,219,186,196,+,10.468,70,0.29319247603416443,-0.23230989277362823,0.5255023688077927
NDT80,244,109,119,+,10.093,90,0.5998828411102295,0.554561972618103,0.045320868492126465
NDT80,256,199,209,+,10.317,93,-0.0291479229927063,-0.44972342252731323,0.42057549953460693
NDT80,259,123,133,+,10.242,66,0.11149752140045166,0.27395662665367126,-0.1624591052532196
NDT80,282,276,286,-,11.25,87,-0.3709634244441986,1.436841607093811,-1.8078050315380096
NDT80,283,306,316,+,11.25,87,-0.36641424894332886,0.26511645317077637,-0.6315307021141052
NDT80,296,307,317,-,10.624,88,0.030131250619888306,-0.40548956394195557,0.43562081456184387
NDT80,332,28,38,+,11.672,56,0.03065948188304901,-0.14084503054618835,0.17150451242923737
NDT80,346,161,171,+,10.846,77,0.13991595804691315,-0.7790139317512512,0.9189298897981644
NDT80,349,359,369,-,11.672,68,-0.2460041046142578,-0.2691026031970978,0.023098498582839966
NDT80,352,411,421,+,10.093,78,-0.31049251556396484,0.3482590913772583,-0.6587516069412231
NDT80,362,267,277,+,10.317,95,0.40863731503486633,0.256051629781723,0.1525856852531433
NSI1,3,411,417,-,11.564,84,-0.4534050226211548,-0.28792116045951843,-0.16548386216163635
NSI1,7,397,403,+,11.564,95,-0.2016485631465912,0.010369181632995605,-0.2120177447795868
NSI1,7,470,476,-,11.564,74,-0.9887099862098694,-0.016208261251449585,-0.9725017249584198
NSI1,13,433,439,-,11.564,91,-0.3430105447769165,-0.514439582824707,0.17142903804779053
NSI1,14,446,452,-,11.564,88,1.1774348020553589,-0.38899075984954834,1.5664255619049072
NSI1,15,38,44,-,11.564,71,-0.18881401419639587,-0.09094887971878052,-0.09786513447761536
NSI1,15,331,337,-,11.564,71,0.066020667552948,-0.5122625827789307,0.5782832503318787
NSI1,24,261,267,-,11.564,55,-0.7802292704582214,-0.13652366399765015,-0.6437056064605713
NSI1,24,304,310,+,11.564,72,0.46716755628585815,-0.2274712324142456,0.6946387887001038
NSI1,25,467,473,-,11.564,67,0.3794078230857849,1.4952983856201172,-1.1158905625343323
NSI1,30,269,275,+,11.564,63,-0.1806643009185791,-0.586359977722168,0.40569567680358887
NSI1,41,296,302,+,11.564,98,0.4735872149467468,-0.7375379800796509,1.2111251950263977
NSI1,41,350,356,+,11.564,81,-0.2183614820241928,0.028468281030654907,-0.24682976305484772
NSI1,41,414,420,-,11.564,84,-0.7643030881881714,-0.16905340552330017,-0.5952496826648712
NSI1,44,418,424,-,11.564,82,-0.45399701595306396,-0.38989830017089844,-0.06409871578216553
NSI1,47,80,86,-,11.564,79,-0.013636469841003418,-0.5387130975723267,0.5250766277313232
NSI1,49,319,325,-,11.564,82,-0.23200589418411255,0.23979420959949493,-0.4718001037836075
NSI1,59,315,321,+,11.564,100,-0.36155492067337036,0.4920576214790344,-0.8536125421524048
NSI1,63,370,376,+,11.564,72,-0.21231800317764282,0.526908278465271,-0.7392262816429138
NSI1,68,122,128,-,11.564,79,-0.1542247235774994,-0.19315144419670105,0.03892672061920166
NSI1,73,190,196,+,11.564,83,-0.09749139845371246,-0.7243879437446594,0.626896545290947
NSI1,79,466,472,+,11.564,65,-0.22051653265953064,0.2269243597984314,-0.44744089245796204
NSI1,87,16,22,-,11.564,52,-0.024510085582733154,0.061174556612968445,-0.0856846421957016
NSI1,87,45,51,-,11.564,79,-0.12010893225669861,-0.027573317289352417,-0.09253561496734619
NSI1,88,67,73,-,11.564,87,0.18865248560905457,0.4871216416358948,-0.2984691560268402
NSI1,100,105,111,-,11.564,82,-0.08132472634315491,-0.19132375717163086,0.10999903082847595
NSI1,104,73,79,+,11.564,81,0.2189525067806244,0.17975179851055145,0.03920070827007294
NSI1,105,354,360,-,11.564,67,0.19570380449295044,3.03239107131958,-2.8366872668266296
NSI1,105,386,392,+,11.564,85,-0.17456889152526855,-0.5708217024803162,0.3962528109550476
NSI1,107,186,192,-,11.564,72,-0.1347290575504303,-0.2947571873664856,0.1600281298160553
NSI1,108,312,318,-,11.564,73,0.23078271746635437,0.20856718719005585,0.022215530276298523
NSI1,109,48,54,-,11.564,93,-0.6028915643692017,-0.5089756846427917,-0.09391587972640991
NSI1,109,392,398,-,11.564,95,0.35368403792381287,0.09531854093074799,0.2583654969930649
NSI1,110,249,255,-,11.564,63,-0.4315393567085266,-0.7349993586540222,0.3034600019454956
NSI1,110,350,356,-,11.564,90,-1.0846412181854248,0.05030438303947449,-1.1349456012248993
NSI1,111,101,107,+,11.564,77,-0.5515613555908203,0.5409098863601685,-1.0924712419509888
NSI1,121,120,126,-,11.564,65,-0.2681257426738739,-0.24310894310474396,-0.025016799569129944
NSI1,128,488,494,+,11.564,51,-0.15471556782722473,0.05807363986968994,-0.21278920769691467
NSI1,134,384,390,+,11.564,86,-0.2221178412437439,-0.12760208547115326,-0.09451575577259064
NSI1,138,171,177,-,11.564,77,-0.6213294267654419,0.21245786547660828,-0.8337872922420502
NSI1,143,169,175,+,11.564,67,-0.339255154132843,-0.08724597096443176,-0.25200918316841125
NSI1,144,304,310,-,11.564,89,-0.11341345310211182,-0.2702355682849884,0.1568221151828766
NSI1,148,256,262,+,11.564,75,-0.8301149010658264,-0.3184013068675995,-0.5117135941982269
NSI1,152,32,38,-,11.564,69,0.1872531920671463,-0.18086320161819458,0.3681163936853409
NSI1,157,252,258,-,11.564,95,-0.42396360635757446,0.20782281458377838,-0.6317864209413528
NSI1,158,409,415,-,11.564,94,-0.6222926378250122,-0.13849323987960815,-0.48379939794540405
NSI1,159,80,86,-,11.564,60,-0.11423712968826294,0.07683289796113968,-0.19107002764940262
NSI1,159,339,345,+,11.564,94,-0.599472165107727,-0.11370617151260376,-0.4857659935951233
NSI1,161,361,367,-,11.564,81,0.1212342381477356,0.053595662117004395,0.0676385760307312
NSI1,162,400,406,+,11.564,81,-0.28759050369262695,-0.4188250005245209,0.13123449683189392
NSI1,170,243,249,-,11.564,58,-0.2961794137954712,-0.036496371030807495,-0.2596830427646637
NSI1,175,90,96,-,11.564,73,0.11927944421768188,-0.5404168367385864,0.6596962809562683
NSI1,176,74,80,+,11.564,89,0.05276480317115784,0.14718499779701233,-0.09442019462585449
NSI1,177,492,498,+,11.564,52,-0.3347109258174896,-0.7319527268409729,0.3972418010234833
NSI1,178,277,283,-,11.564,94,0.3454095125198364,-0.09266325831413269,0.4380727708339691
NSI1,181,154,160,+,11.564,92,-0.1425010859966278,0.17080426216125488,-0.3133053481578827
NSI1,181,255,261,+,11.564,84,-0.1987144649028778,0.04434822499752045,-0.24306268990039825
NSI1,182,444,450,-,11.564,84,-0.23341062664985657,-0.20350521802902222,-0.02990540862083435
NSI1,189,294,300,-,11.564,81,-0.5915884971618652,0.2783542573451996,-0.8699427545070648
NSI1,189,387,393,-,11.564,95,-0.46625399589538574,0.3220106065273285,-0.7882646024227142
NSI1,190,57,63,-,11.564,94,-0.07293963432312012,0.05475914478302002,-0.12769877910614014
NSI1,195,322,328,+,11.564,76,0.3707570731639862,-0.32286396622657776,0.693621039390564
NSI1,198,150,156,-,11.564,71,-0.28314265608787537,0.6455442905426025,-0.9286869466304779
NSI1,199,60,66,+,11.564,71,-0.9668936729431152,1.7497889995574951,-2.7166826725006104
NSI1,207,363,369,-,11.564,89,-0.09235292673110962,-0.4496518075466156,0.357298880815506
NSI1,207,415,421,+,11.564,88,0.004161655902862549,-0.28790077567100525,0.2920624315738678
NSI1,212,445,451,-,11.564,68,0.13912436366081238,0.6863582134246826,-0.5472338497638702
NSI1,217,118,124,-,11.564,89,0.00910109281539917,0.017716407775878906,-0.008615314960479736
NSI1,227,76,82,+,11.564,67,-0.28929758071899414,0.4734187424182892,-0.7627163231372833
NSI1,234,193,199,-,11.564,76,-0.43539509177207947,-0.12396978586912155,-0.3114253059029579
NSI1,236,19,25,-,11.564,50,-0.04799467325210571,1.0598018169403076,-1.1077964901924133
NSI1,241,294,300,-,11.564,84,0.2190486043691635,-0.2842724919319153,0.5033210963010788
NSI1,246,75,81,+,11.564,75,-0.36494773626327515,-0.10582888871431351,-0.25911884754896164
NSI1,247,227,233,+,11.564,83,-0.0422014445066452,1.1313371658325195,-1.1735386103391647
NSI1,248,159,165,+,11.564,87,-0.5220567584037781,-0.11700159311294556,-0.4050551652908325
NSI1,257,414,420,-,11.564,75,0.6347935199737549,1.410380244255066,-0.775586724281311
NSI1,259,19,25,-,11.564,60,-0.16503086686134338,-0.5124785900115967,0.3474477231502533
NSI1,260,327,333,+,11.564,81,0.15337926149368286,-0.17819976806640625,0.3315790295600891
NSI1,263,195,201,-,11.564,71,-0.23458315432071686,0.933294415473938,-1.1678775697946548
NSI1,268,454,460,-,11.564,84,-0.15694504976272583,-0.1535758376121521,-0.0033692121505737305
NSI1,269,411,417,-,11.564,84,-0.4537995457649231,-0.28319230675697327,-0.17060723900794983
NSI1,271,493,499,+,11.564,46,-0.31791770458221436,-0.30172187089920044,-0.016195833683013916
NSI1,285,157,163,-,11.564,89,-0.6443881392478943,0.25793394446372986,-0.9023220837116241
NSI1,285,170,176,+,11.564,94,0.6108853816986084,0.4424704909324646,0.1684148907661438
NSI1,294,305,311,+,11.564,81,-0.4253891706466675,0.29079321026802063,-0.7161823809146881
NSI1,298,414,420,+,11.564,89,0.25705260038375854,0.9862698316574097,-0.7292172312736511
NSI1,306,127,133,+,11.564,80,1.0609304904937744,-0.1463042050600052,1.2072346955537796
NSI1,307,120,126,-,11.564,80,0.900051474571228,0.016062363982200623,0.8839891105890274
NSI1,313,348,354,+,11.564,66,0.057474732398986816,0.3531041741371155,-0.29562944173812866
NSI1,318,65,71,+,11.564,73,0.1190313994884491,0.17264947295188904,-0.05361807346343994
NSI1,319,183,189,+,11.564,100,-0.4488973319530487,-0.044966548681259155,-0.40393078327178955
NSI1,320,172,178,+,11.564,80,-0.16213706135749817,0.06646701693534851,-0.22860407829284668
NSI1,321,429,435,+,11.564,81,0.05007965862751007,-0.5481433272361755,0.5982229858636856
NSI1,323,25,31,+,11.564,65,-0.13171792030334473,0.1123819351196289,-0.24409985542297363
NSI1,324,215,221,+,11.564,69,0.1622718721628189,-0.07890705019235611,0.24117892235517502
NSI1,324,362,368,+,11.564,90,0.07668006420135498,-0.11934465914964676,0.19602472335100174
NSI1,331,313,319,+,11.564,70,-0.08209069073200226,0.09798063337802887,-0.18007132411003113
NSI1,333,14,20,+,11.564,64,0.031836479902267456,-0.3698890805244446,0.40172556042671204
NSI1,334,30,36,+,11.564,68,-0.37588638067245483,-1.0391372442245483,0.6632508635520935
NSI1,335,418,424,-,11.564,82,-0.0732743963599205,-0.11785691976547241,0.04458252340555191
NSI1,336,221,227,+,11.564,94,-0.5744608044624329,-0.35635730624198914,-0.21810349822044373
NSI1,337,467,473,+,11.564,77,0.04404768347740173,0.25492000579833984,-0.2108723223209381
NSI1,338,394,400,-,11.564,95,0.23601023852825165,-0.14962121844291687,0.3856314569711685
NSI1,342,61,67,+,11.564,90,0.015296190977096558,0.08558650314807892,-0.07029031217098236
NSI1,358,49,55,+,11.564,76,-0.19415533542633057,-0.08931942284107208,-0.10483591258525848
NSI1,360,139,145,-,11.564,100,-0.15807880461215973,-0.08602717518806458,-0.07205162942409515
NSI1,375,154,160,-,11.564,95,0.12714754045009613,0.3034883439540863,-0.17634080350399017
NSI1,376,57,63,-,11.564,90,0.04288601130247116,-0.05188041925430298,0.09476643055677414
NSI1,378,342,348,+,11.564,87,-0.10224540531635284,0.005036860704421997,-0.10728226602077484
NSI1,381,338,344,-,11.564,85,0.6151207685470581,0.10718695819377899,0.5079338103532791
NSI1,391,52,58,+,11.564,90,0.0444817952811718,-0.03703385591506958,0.08151565119624138
NSI1,396,45,51,-,11.564,95,-1.035856008529663,-0.20604783296585083,-0.8298081755638123
NSI1,396,439,445,-,11.564,93,-0.21082225441932678,0.024369338527321815,-0.2351915929466486
ORC1,0,107,124,-,9.179,59,0.11908450722694397,0.15468110144138336,-0.03559659421443939
ORC1,11,305,322,-,4.929,85,0.07392726838588715,0.1324768215417862,-0.05854955315589905
ORC1,14,101,118,+,10.206,92,0.6710692644119263,-0.21140411496162415,0.8824733793735504
ORC1,31,208,225,+,8.443,82,0.47763246297836304,0.007203906774520874,0.47042855620384216
ORC1,39,87,104,+,7.313,74,2.637599468231201,-0.13421094417572021,2.7718104124069214
ORC1,42,58,75,+,4.586,92,1.9982590675354004,0.0845663845539093,1.913692682981491
ORC1,44,196,213,+,4.36,86,2.0631651878356934,-0.42753729224205017,2.4907024800777435
ORC1,60,192,209,-,11.59,44,-0.009455204010009766,0.18322862684726715,-0.19268383085727692
ORC1,60,225,242,-,6.412,61,0.3664321303367615,-0.18935152888298035,0.5557836592197418
ORC1,115,20,37,-,13.378,48,-0.11998105049133301,-0.03403051197528839,-0.08595053851604462
ORC1,115,21,38,-,12.532,49,-0.12100309133529663,-0.04227522015571594,-0.07872787117958069
ORC1,115,22,39,-,20.444,50,-0.13041287660598755,0.010959029197692871,-0.14137190580368042
ORC1,115,23,40,-,13.134,51,-0.1479862928390503,-0.01842963695526123,-0.12955665588378906
ORC1,115,24,41,-,11.934,52,-0.14845526218414307,-0.01573091745376587,-0.1327243447303772
ORC1,115,25,42,-,5.065,53,-0.14695048332214355,0.06763094663619995,-0.2145814299583435
ORC1,123,104,121,-,6.099,77,3.3017451763153076,-0.23346306383609772,3.5352082401514053
ORC1,145,366,383,+,5.719,62,0.049403198063373566,-0.5261718034744263,0.5755750015377998
ORC1,145,368,385,+,5.719,61,0.07491975277662277,-0.5616522431373596,0.6365719959139824
ORC1,145,370,387,+,5.719,61,0.15885718166828156,-0.6313472390174866,0.7902044206857681
ORC1,170,228,245,+,5.836,73,-0.623337984085083,0.026622682809829712,-0.6499606668949127
ORC1,170,229,246,+,8.312,72,-0.6166691780090332,0.0012499690055847168,-0.6179191470146179
ORC1,175,11,28,+,5.971,43,0.20078377425670624,-0.47736263275146484,0.6781464070081711
ORC1,193,49,66,+,8.72,67,-0.18694165349006653,0.0027924776077270508,-0.18973413109779358
ORC1,235,416,433,+,19.817,57,0.1292685717344284,-0.011557042598724365,0.14082561433315277
ORC1,235,418,435,+,9.716,57,0.22777798771858215,-0.09291863441467285,0.320696622133255
ORC1,235,420,437,+,14.798,57,0.27071619033813477,-0.19138681888580322,0.462103009223938
ORC1,236,433,450,+,12.953,84,0.4924032688140869,-0.04121534526348114,0.533618614077568
ORC1,237,248,265,-,12.953,84,0.22471702098846436,-0.104574054479599,0.32929107546806335
ORC1,260,49,66,+,9.179,61,0.2944891154766083,-0.4636649489402771,0.7581540644168854
ORC1,261,107,124,-,9.179,59,0.11952179670333862,0.15252667665481567,-0.03300487995147705
ORC1,279,278,295,-,7.547,89,-0.03958041965961456,-0.09294372797012329,0.05336330831050873
ORC1,281,164,181,+,7.586,76,-0.5708808898925781,-0.7949144840240479,0.22403359413146973
ORC1,282,469,486,+,8.545,59,0.007018923759460449,-0.37842196226119995,0.3854408860206604
ORC1,283,106,123,-,8.545,78,0.02549418807029724,-0.18306782841682434,0.20856201648712158
ORC1,306,262,279,+,9.231,76,0.21932968497276306,-0.1473461389541626,0.36667582392692566
ORC1,306,265,282,+,5.37,76,0.20693358778953552,-0.191989004611969,0.3989225924015045
ORC1,356,83,100,+,5.719,72,-0.2854137718677521,-0.1064876914024353,-0.17892608046531677
ORC1,356,85,102,+,5.719,74,-0.2877385914325714,-0.10997354984283447,-0.17776504158973694
ORC1,356,87,104,+,5.719,76,-0.3392837941646576,-0.16886478662490845,-0.17041900753974915
ORC1,356,89,106,+,5.719,76,-0.3239036798477173,-0.17278611660003662,-0.15111756324768066
ORC1,356,91,108,+,5.719,76,-0.25574779510498047,-0.1941801905632019,-0.061567604541778564
ORC1,360,237,254,+,13.637,83,2.916536808013916,0.7298091650009155,2.1867276430130005
ORC1,383,97,114,+,7.945,81,-0.08133867383003235,0.17017747461795807,-0.2515161484479904
ORC1,385,364,381,+,4.562,93,-0.6116338968276978,-0.2210204154253006,-0.39061348140239716
PDR1,4,457,465,-,13.801,80,-0.33230525255203247,0.07832324504852295,-0.4106284976005554
PDR1,10,434,442,-,12.126,100,-0.2558349668979645,-0.2651783227920532,0.009343355894088745
PDR1,21,457,465,-,13.801,85,-0.05153539776802063,0.4698062837123871,-0.5213416814804077
PDR1,27,208,216,+,11.805,92,-0.1665288507938385,0.6684223413467407,-0.8349511921405792
PDR1,47,42,50,-,13.801,83,-0.013849139213562012,0.08177772164344788,-0.09562686085700989
PDR1,50,204,212,+,11.981,63,-0.0231931209564209,-0.17849406599998474,0.15530094504356384
PDR1,82,382,390,-,11.805,72,0.33356577157974243,0.23775333166122437,0.09581243991851807
PDR1,109,151,159,+,11.805,85,0.37550851702690125,-0.7883431911468506,1.1638517081737518
PDR1,119,457,465,-,13.801,76,-0.14307838678359985,0.24550169706344604,-0.3885800838470459
PDR1,124,475,483,+,13.801,62,-0.6891072988510132,-0.14995676279067993,-0.5391505360603333
PDR1,134,254,262,-,11.805,70,-0.42647305130958557,-0.24151642620563507,-0.1849566251039505
PDR1,201,113,121,-,12.126,90,0.8063391447067261,0.5316442251205444,0.27469491958618164
PDR1,207,24,32,-,13.801,68,-0.5191388726234436,-0.545664370059967,0.026525497436523438
PDR1,213,66,74,+,13.801,66,-0.07585632801055908,-0.25457218289375305,0.17871585488319397
PDR1,214,83,91,-,13.801,61,-0.24623224139213562,-0.24383759498596191,-0.002394646406173706
PDR1,216,438,446,-,11.981,88,0.029587388038635254,-0.5112414360046387,0.5408288240432739
PDR1,218,58,66,+,13.801,92,0.1378263533115387,-0.6800040602684021,0.8178304135799408
PDR1,222,483,491,-,11.805,56,-0.21261128783226013,-0.12856215238571167,-0.08404913544654846
PDR1,281,59,67,-,12.126,67,-0.3032551407814026,-0.35416853427886963,0.05091339349746704
PDR1,282,54,62,+,11.805,71,0.09930606186389923,-0.735052227973938,0.8343582898378372
PDR1,328,457,465,-,13.801,80,-0.3314134180545807,0.07467740774154663,-0.4060908257961273
PDR1,357,271,279,+,11.981,72,-0.7337946891784668,-0.07431136071681976,-0.659483328461647
PDR1,367,78,86,+,12.126,85,-0.06292963027954102,-0.6970421075820923,0.6341124773025513
PDR1,372,224,232,+,11.805,95,0.42751508951187134,-0.11883629858493805,0.5463513880968094
PDR1,376,319,327,-,12.126,87,-0.16994723677635193,-0.165867418050766,-0.0040798187255859375
PDR1,383,388,396,-,11.981,84,-0.17200228571891785,-0.30192673206329346,0.1299244463443756
PHD1.1,23,452,462,+,10.926,88,-0.42847955226898193,0.028189897537231445,-0.4566694498062134
PHD1.1,52,162,172,+,10.437,74,-0.26776909828186035,0.4346112012863159,-0.7023802995681763
PHD1.1,62,128,138,-,10.469,93,0.08461860567331314,-0.02542056143283844,0.11003916710615158
PHD1.1,64,201,211,-,10.559,60,-0.04630832374095917,0.06175947189331055,-0.10806779563426971
PHD1.1,70,76,86,+,10.593,86,-0.38559913635253906,0.01169443130493164,-0.3972935676574707
PHD1.1,106,159,169,-,10.469,87,-0.042172402143478394,-0.10283869504928589,0.060666292905807495
PHD1.1,119,232,242,+,10.588,80,0.017876535654067993,-0.24767714738845825,0.26555368304252625
PHD1.1,122,465,475,+,11.061,75,3.816615104675293,-0.0633414089679718,3.8799565136432648
PHD1.1,132,454,464,-,10.412,76,1.3583500385284424,0.3309548497200012,1.0273951888084412
PHD1.1,140,170,180,+,11.419,90,0.8646296262741089,0.7297637462615967,0.1348658800125122
PHD1.1,155,58,68,+,10.916,94,0.6442164778709412,0.07990828156471252,0.5643081963062286
PHD1.1,160,451,461,-,10.656,84,0.20274066925048828,0.5657274723052979,-0.36298680305480957
PHD1.1,166,127,137,-,11.174,85,-0.07828404009342194,0.35040804743766785,-0.4286920875310898
PHD1.1,195,259,269,+,10.661,70,0.22636818885803223,0.03609535098075867,0.19027283787727356
PHD1.1,273,465,475,+,10.614,71,-0.6093150973320007,-0.19206547737121582,-0.4172496199607849
PHD1.1,376,239,249,-,11.319,84,0.6564449071884155,1.176624059677124,-0.5201791524887085
PHD1.1,379,141,151,-,10.611,80,-0.8969866037368774,0.14319978654384613,-1.0401863902807236
PHD1.1,384,16,26,-,11.393,35,0.12045490741729736,-0.11355745792388916,0.23401236534118652
PHD1.1,395,6,16,-,10.958,33,0.09430506825447083,1.3004759550094604,-1.2061708867549896
PHO2,2,433,443,+,11.133,87,0.3360089659690857,-0.28387898206710815,0.6198879480361938
PHO2,25,276,286,+,11.778,81,0.17020320892333984,-0.30340880155563354,0.4736120104789734
PHO2,33,432,442,+,10.387,100,-0.14897161722183228,-0.019522234797477722,-0.12944938242435455
PHO2,34,182,192,+,11.627,74,-0.04766474664211273,0.22788438200950623,-0.27554912865161896
PHO2,37,200,210,-,10.711,73,-0.24374082684516907,-0.6088657379150391,0.36512491106987
PHO2,45,365,375,-,11.114,97,-0.12300854921340942,0.03524545207619667,-0.1582540012896061
PHO2,57,413,423,+,10.46,96,-0.3225451409816742,0.3448482155799866,-0.6673933565616608
PHO2,63,276,286,-,11.72,83,0.42548349499702454,-0.35706254839897156,0.7825460433959961
PHO2,69,195,205,-,11.703,93,-0.01208178699016571,-0.4602985382080078,0.4482167512178421
PHO2,73,273,283,+,10.966,75,-0.021789997816085815,-0.6046860814094543,0.5828960835933685
PHO2,76,73,83,+,10.728,73,-0.06888154149055481,0.01525568962097168,-0.08413723111152649
PHO2,106,84,94,+,10.783,80,-0.5958095788955688,-0.2591191530227661,-0.33669042587280273
PHO2,106,324,334,-,10.573,82,0.11254295706748962,-0.5534800291061401,0.6660229861736298
PHO2,136,188,198,+,10.857,45,-0.2585710287094116,-0.11847570538520813,-0.1400953233242035
PHO2,139,98,108,-,11.418,75,-0.9803531169891357,-0.26389098167419434,-0.7164621353149414
PHO2,139,474,484,+,10.46,37,0.0664723813533783,-0.6373582482337952,0.7038306295871735
PHO2,140,321,331,-,10.46,71,0.010316148400306702,0.6150467395782471,-0.6047305911779404
PHO2,166,115,125,-,10.712,90,-0.12050481140613556,-0.15022307634353638,0.029718264937400818
PHO2,188,152,162,-,10.783,91,0.19334304332733154,0.0668478012084961,0.12649524211883545
PHO2,236,442,452,+,10.812,75,0.592254638671875,0.13446202874183655,0.45779260993003845
PHO2,237,246,256,-,10.812,75,1.140533685684204,-0.19305986166000366,1.3335935473442078
PHO2,243,213,223,+,11.097,100,0.4127594828605652,-0.6202594637870789,1.033018946647644
PHO2,262,207,217,+,11.114,93,0.4418569803237915,-0.17433765530586243,0.6161946356296539
PHO2,281,339,349,+,10.664,79,-0.3660179078578949,-0.09785719215869904,-0.26816071569919586
PHO2,304,108,118,+,11.031,55,0.44296786189079285,0.03078019618988037,0.4121876657009125
PHO2,312,85,95,-,10.353,77,0.24171167612075806,0.5750448703765869,-0.33333319425582886
PHO2,313,61,71,+,10.353,77,0.17922189831733704,-0.1773912012577057,0.3566130995750427
PHO2,348,228,238,+,10.783,81,-0.5969892144203186,0.07557220757007599,-0.6725614219903946
PHO2,380,294,304,+,10.681,72,3.177511692047119,0.25808870792388916,2.91942298412323
PHO2,380,457,467,+,11.031,68,-0.31330132484436035,0.13259881734848022,-0.4459001421928406
PUL4,41,353,373,+,15.28,91,-0.2482510507106781,-0.11550088226795197,-0.13275016844272614
PUL4,100,366,386,+,13.416,90,0.013541744090616703,0.4503474831581116,-0.43680573906749487
PUL4,102,288,308,-,12.278,78,0.022506147623062134,0.4948756694793701,-0.472369521856308
PUL4,139,145,165,+,12.753,80,0.13603661954402924,0.1310538798570633,0.004982739686965942
PUL4,139,239,259,+,12.524,95,0.020812682807445526,0.05907430872321129,-0.03826162591576576
PUL4,218,387,407,-,14.384,74,-0.40119123458862305,-0.029334545135498047,-0.371856689453125
PUL4,219,212,232,+,14.384,74,-0.4380362033843994,0.24205146729946136,-0.6800876706838608
PUL4,265,178,198,-,13.513,79,-0.05333767458796501,-0.2935327887535095,0.2401951141655445
PUL4,265,239,259,+,13.064,74,-0.16898655891418457,0.04795500636100769,-0.21694156527519226
PUL4,273,219,239,-,12.45,95,-0.3519618809223175,0.22003814578056335,-0.5720000267028809
PUL4,325,70,90,+,12.715,83,0.5306158065795898,-0.18148301541805267,0.7120988219976425
PUL4,329,260,280,+,13.127,88,-0.28931984305381775,0.19947212934494019,-0.48879197239875793
PUL4,339,315,335,-,12.984,84,-0.02127954363822937,0.04126101732254028,-0.06254056096076965
PUL4,346,476,496,-,12.711,44,-0.6487807035446167,-0.8249150514602661,0.17613434791564941
PUL4,351,134,154,-,13.496,58,-0.26139020919799805,1.122767686843872,-1.3841578960418701
PUL4,388,21,41,-,12.41,52,-0.015237212181091309,0.208863765001297,-0.2241009771823883
PUL4,390,341,361,+,13.034,79,-0.1021849662065506,0.5464248061180115,-0.6486097723245621
RAP1,1,269,282,+,13.106,65,0.05674302577972412,0.33538496494293213,-0.278641939163208
RAP1,31,283,296,+,11.25,78,0.9601755738258362,-0.27407848834991455,1.2342540621757507
RAP1,50,141,154,+,11.006,94,0.5814535021781921,-0.09507980942726135,0.6765333116054535
RAP1,51,211,224,-,12.536,84,-0.14999234676361084,0.121226467192173,-0.27121881395578384
RAP1,63,165,178,+,11.848,69,-0.10511086881160736,-0.0049225687980651855,-0.10018830001354218
RAP1,67,269,282,-,12.07,95,1.2117674350738525,-0.22585532069206238,1.437622755765915
RAP1,67,274,287,+,14.064,95,1.0627450942993164,0.15237247943878174,0.9103726148605347
RAP1,72,44,57,+,11.987,73,-0.09558326005935669,0.4044826626777649,-0.5000659227371216
RAP1,77,177,190,-,11.296,95,3.0546956062316895,-0.021458320319652557,3.076153926551342
RAP1,83,243,256,-,12.031,76,-0.1250220239162445,0.2098919153213501,-0.3349139392375946
RAP1,88,139,152,-,13.632,81,2.9663033485412598,0.09144917130470276,2.874854177236557
RAP1,93,121,134,+,15.484,67,0.15803256630897522,-0.1096348762512207,0.2676674425601959
RAP1,93,122,135,-,15.991,67,0.19697809219360352,-0.21982744336128235,0.41680553555488586
RAP1,99,258,271,+,14.693,53,0.23081232607364655,0.7130712866783142,-0.48225896060466766
RAP1,126,230,243,+,11.766,67,0.8681228160858154,-0.4137498140335083,1.2818726301193237
RAP1,135,189,202,+,11.363,89,-0.17970037460327148,-0.5391514897346497,0.3594511151313782
RAP1,137,40,53,+,11.63,77,-0.36899593472480774,-0.4889999032020569,0.12000396847724915
RAP1,179,101,114,+,12.404,89,-0.15285642445087433,0.90921950340271,-1.0620759278535843
RAP1,179,102,115,-,11.143,90,-0.018650665879249573,0.8744866251945496,-0.8931372910737991
RAP1,180,30,43,+,11.143,70,-0.26795318722724915,-1.3146636486053467,1.0467104613780975
RAP1,180,31,44,-,12.404,70,-0.4297349154949188,-1.3730348348617554,0.9432999193668365
RAP1,195,193,206,+,10.651,67,0.17038121819496155,-0.3402335047721863,0.5106147229671478
RAP1,213,10,23,-,10.873,34,0.15243521332740784,0.02618160843849182,0.12625360488891602
RAP1,213,11,24,+,11.955,34,0.2246307134628296,0.10155117511749268,0.12307953834533691
RAP1,214,133,146,-,11.955,41,0.11737044155597687,0.17094993591308594,-0.05357949435710907
RAP1,214,134,147,+,10.873,42,-0.07477259635925293,0.0604558028280735,-0.13522839918732643
RAP1,253,2,15,-,10.876,35,0.8329331278800964,-0.191303551197052,1.0242366790771484
RAP1,259,107,120,-,14.985,69,0.031677693128585815,0.1972542703151703,-0.16557657718658447
RAP1,281,103,116,+,13.13,76,-0.05156354233622551,-0.5400165319442749,0.4884529896080494
RAP1,316,175,188,+,13.097,57,-0.21624456346035004,-0.09390568733215332,-0.12233887612819672
RAP1,316,209,222,-,12.893,71,0.24971380829811096,0.48928141593933105,-0.2395676076412201
RAP1,317,9,22,+,12.893,30,0.22725215554237366,-0.4027649164199829,0.6300170719623566
RAP1,317,43,56,-,13.097,50,-0.09115010499954224,0.82180255651474,-0.9129526615142822
RAP1,346,200,213,-,14.305,67,-0.390901118516922,0.0355810821056366,-0.4264822006225586
RAP1,369,71,84,+,10.596,74,0.6568623185157776,-0.44311225414276123,1.0999745726585388
RAP1,378,105,118,-,11.047,43,-0.5791577100753784,1.42537522315979,-2.0045329332351685
RAP1,378,106,119,+,15.381,43,-0.5674318075180054,1.1394109725952148,-1.7068427801132202
RDR1,7,248,258,-,9.748,78,0.05942034721374512,0.4361284077167511,-0.376708060503006
RDR1,20,473,483,-,9.3,48,-0.19277727603912354,0.2811826169490814,-0.47395989298820496
RDR1,52,395,405,+,10.061,86,-0.48214301466941833,-0.5704046487808228,0.08826163411140442
RDR1,66,50,60,-,9.92,80,0.06590914726257324,-0.008867144584655762,0.074776291847229
RDR1,67,209,219,+,9.92,78,-0.12465661764144897,0.013488947413861752,-0.13814556505531073
RDR1,70,249,259,+,9.745,89,0.2659638524055481,0.36187171936035156,-0.09590786695480347
RDR1,84,192,202,+,10.294,90,-0.016473807394504547,0.11641156673431396,-0.1328853741288185
RDR1,111,215,225,-,9.419,54,0.04102340340614319,0.42834189534187317,-0.38731849193573
RDR1,113,259,269,-,10.303,94,-0.056863635778427124,-0.1547020673751831,0.09783843159675598
RDR1,194,379,389,-,10.045,61,-0.15967720746994019,-0.3305392265319824,0.17086201906204224
RDR1,258,311,321,+,9.864,75,-0.4815748333930969,-0.21888095140457153,-0.2626938819885254
RDR1,258,328,338,+,9.671,74,-0.25002121925354004,0.15987591445446014,-0.4098971337080002
RDR1,281,60,70,-,10.734,70,-0.2365897297859192,-0.2945210337638855,0.05793130397796631
RDR1,282,75,85,+,9.371,82,0.06341823935508728,-0.029912471771240234,0.09333071112632751
RDR1,287,41,51,+,9.587,86,-0.042595088481903076,0.03808051347732544,-0.08067560195922852
RDR1,347,50,60,-,9.407,98,0.25708189606666565,0.5142373442649841,-0.2571554481983185
RDR1,370,374,384,-,9.63,100,0.9167466163635254,-0.10102161765098572,1.017768234014511
RDR1,371,39,49,+,9.63,89,0.7620353698730469,-0.40302759408950806,1.165062963962555
RDS1,8,50,57,+,12.249,100,0.027587145566940308,0.049423664808273315,-0.021836519241333008
RDS1,16,126,133,+,12.292,55,-0.2158268243074417,0.21225541830062866,-0.4280822426080704
RDS1,17,132,139,-,12.292,50,-0.19562163949012756,0.18424932658672333,-0.3798709660768509
RDS1,36,442,449,-,12.292,67,0.945874810218811,1.2237310409545898,-0.2778562307357788
RDS1,47,97,104,+,12.292,85,-0.03563660383224487,-0.41717585921287537,0.3815392553806305
RDS1,55,116,123,-,12.292,100,-0.41486626863479614,-0.11378336697816849,-0.30108290165662766
RDS1,59,251,258,+,12.292,93,-0.10141495615243912,0.03549143671989441,-0.13690639287233353
RDS1,62,248,255,-,12.292,78,-0.3424663245677948,-0.38420042395591736,0.04173409938812256
RDS1,74,172,179,+,12.292,88,0.3091306686401367,0.142033189535141,0.16709747910499573
RDS1,98,291,298,+,12.249,66,0.01952686905860901,0.832545816898346,-0.8130189478397369
RDS1,126,209,216,+,12.249,56,0.7396740317344666,-0.729390025138855,1.4690640568733215
RDS1,180,296,303,-,12.292,86,0.6291183233261108,0.37133660912513733,0.2577817142009735
RDS1,203,139,146,+,12.249,94,0.4383227825164795,-0.003089502453804016,0.4414122849702835
RDS1,212,410,417,+,12.292,63,-0.3982241451740265,0.14395713806152344,-0.5421812832355499
RDS1,222,303,310,+,12.249,71,-0.37677013874053955,-0.6476386785507202,0.27086853981018066
RDS1,231,105,112,-,12.292,81,-0.23966842889785767,0.2018497735261917,-0.4415182024240494
RDS1,241,132,139,-,12.292,95,-0.21292129158973694,-0.08806966245174408,-0.12485162913799286
RDS1,245,75,82,-,12.292,70,0.20061787962913513,-0.27747058868408203,0.47808846831321716
RDS1,278,305,312,+,12.292,100,-0.5991933941841125,0.1010323017835617,-0.7002256959676743
RDS1,281,170,177,-,12.292,72,-0.6043533086776733,-0.8791723251342773,0.274819016456604
RDS1,313,441,448,-,12.292,95,-0.1367078572511673,0.2487209141254425,-0.3854287713766098
RDS1,343,457,464,-,12.292,76,-0.14429199695587158,-0.43204617500305176,0.2877541780471802
RDS1,344,114,121,+,12.292,90,0.04458317160606384,-0.01389893889427185,0.05848211050033569
RDS1,354,467,474,-,12.292,63,-0.01941676437854767,-0.05357500910758972,0.03415824472904205
RDS1,354,488,495,-,12.292,42,0.026226848363876343,-0.19722053408622742,0.22344738245010376
REB1,31,450,463,-,11.096,78,1.11354398727417,-0.4490794539451599,1.5626234412193298
REB1,33,167,180,-,13.828,68,-0.02878016233444214,0.4731179177761078,-0.5018980801105499
REB1,79,3,16,+,11.395,53,-0.014566421508789062,-0.2198544293642044,0.20528800785541534
REB1,99,279,292,+,12.056,63,0.23641431331634521,0.7105931043624878,-0.4741787910461426
REB1,147,359,372,-,11.408,83,-0.01725928485393524,-0.2619512379169464,0.24469195306301117
REB1,154,435,448,-,14.633,95,0.23013147711753845,0.09839797019958496,0.1317335069179535
REB1,163,48,61,-,17.917,62,0.591630220413208,0.8870474100112915,-0.2954171895980835
REB1,165,102,115,+,11.075,90,-0.01369425654411316,-0.3637864291667938,0.35009217262268066
REB1,169,177,190,-,11.389,85,-0.26767873764038086,-0.07673224806785583,-0.19094648957252502
REB1,175,413,426,+,11.787,90,-0.24768581986427307,-0.15161581337451935,-0.09607000648975372
REB1,176,199,212,-,11.787,90,0.018900051712989807,0.0023606419563293457,0.01653940975666046
REB1,188,419,432,+,15.341,77,-0.15825346112251282,1.0806909799575806,-1.2389444410800934
REB1,195,248,261,-,11.45,65,-0.13612745702266693,-0.248445525765419,0.11231806874275208
REB1,225,11,24,-,14.141,34,-0.15305542945861816,-0.11918334662914276,-0.0338720828294754
REB1,245,18,31,+,11.767,52,0.047171592712402344,-0.42057913541793823,0.4677507281303406
REB1,245,186,199,-,12.241,84,-0.32198643684387207,0.06776851415634155,-0.3897549510002136
REB1,270,29,42,-,11.434,42,0.37905123829841614,0.07712766528129578,0.30192357301712036
REB1,270,57,70,-,11.537,63,-0.24620196223258972,0.004238039255142212,-0.25044000148773193
REB1,312,354,367,-,13.846,86,-0.13706074655056,0.03119245171546936,-0.16825319826602936
REB1,321,18,31,-,12.324,47,-0.26412808895111084,-0.7212426066398621,0.4571145176887512
RGM1,0,31,36,+,8.717,58,0.14739936590194702,0.39472171664237976,-0.24732235074043274
RGM1,0,45,50,-,8.717,72,0.20919013023376465,-0.10727310180664062,0.3164632320404053
RGM1,1,129,134,-,8.717,90,-0.20639297366142273,-0.3138904869556427,0.10749751329421997
RGM1,1,150,155,+,8.717,90,-0.08270981907844543,-0.6508581042289734,0.568148285150528
RGM1,1,234,239,-,8.717,57,0.03257307410240173,-0.22046919167041779,0.2530422657728195
RGM1,1,251,256,-,8.717,57,0.00499454140663147,-0.4034651219844818,0.4084596633911133
RGM1,1,281,286,-,8.717,65,0.2817515730857849,0.04559096693992615,0.23616060614585876
RGM1,2,21,26,+,8.717,39,-0.1662575900554657,-0.08856046199798584,-0.07769712805747986
RGM1,2,48,53,+,8.717,45,0.8913500905036926,0.11673387885093689,0.7746162116527557
RGM1,2,118,123,+,8.717,62,-0.3839445412158966,-0.334004282951355,-0.049940258264541626
RGM1,2,125,130,+,8.717,64,-0.2578936219215393,-0.23616890609264374,-0.02172471582889557
RGM1,2,164,169,+,8.717,85,-0.06945566087961197,-0.389041543006897,0.319585882127285
RGM1,2,172,177,+,8.717,89,-0.3802151083946228,-0.07551532238721848,-0.3046997860074043
RGM1,3,75,80,+,8.717,90,-0.5843915939331055,0.5644014477729797,-1.1487930417060852
RGM1,3,94,99,-,8.717,90,-0.9325790405273438,-0.5922213792800903,-0.3403576612472534
RGM1,3,101,106,-,8.717,90,-0.665243923664093,-0.523139476776123,-0.14210444688796997
RGM1,3,405,410,+,8.717,83,-0.43580374121665955,0.30414533615112305,-0.7399490773677826
RGM1,3,445,450,-,8.717,89,0.247548446059227,-0.4212024211883545,0.6687508672475815
RGM1,4,27,32,-,8.717,72,-0.05684041976928711,-0.011020183563232422,-0.04582023620605469
RGM1,4,96,101,-,8.717,67,-0.04808533191680908,0.34043920040130615,-0.38852453231811523
RGM1,4,296,301,-,8.717,76,2.1887009143829346,0.43021488189697266,1.758486032485962
RGM1,4,306,311,+,8.717,74,0.6041094660758972,0.04618343710899353,0.5579260289669037
RGM1,4,316,321,-,8.717,74,0.49078115820884705,1.052111268043518,-0.561330109834671
RGM1,4,398,403,+,8.717,90,-0.1739417314529419,1.475832462310791,-1.649774193763733
RGM1,4,408,413,+,8.717,89,-0.1849389374256134,-0.17476709187030792,-0.010171845555305481
RGM1,5,216,221,-,8.717,90,1.4120464324951172,-0.45774173736572266,1.8697881698608398
RGM1,5,341,346,-,8.717,92,-0.4592605233192444,0.21800300478935242,-0.6772635281085968
RGM1,5,442,447,-,8.717,91,-0.490340918302536,-0.7497217059135437,0.2593807876110077
RGM1,6,50,55,+,8.717,86,-0.5268928408622742,0.3058815002441406,-0.8327743411064148
RGM1,6,67,72,+,8.717,86,0.1373704969882965,-0.467161625623703,0.6045321226119995
RGM1,7,32,37,-,8.717,77,0.004524588584899902,0.5089213848114014,-0.5043967962265015
RGM1,7,50,55,+,8.717,90,-0.06021398305892944,-0.0826108455657959,0.022396862506866455
RGM1,7,93,98,+,8.717,90,-0.15826839208602905,-0.1223292350769043,-0.035939157009124756
RGM1,7,120,125,+,8.717,95,-0.7661687135696411,0.06364622712135315,-0.8298149406909943
RGM1,7,175,180,+,8.717,100,-0.3079372048377991,0.15371090173721313,-0.4616481065750122
RGM1,7,262,267,-,8.717,73,-0.16910304129123688,0.2981811761856079,-0.4672842174768448
RGM1,7,341,346,-,8.717,86,0.7389479279518127,-0.8562267422676086,1.5951746702194214
RGM1,7,358,363,-,8.717,89,0.24420136213302612,-0.4894591271877289,0.733660489320755
RGM1,8,131,136,+,8.717,100,0.01825830340385437,-0.3093089461326599,0.3275672495365143
RGM1,8,254,259,+,8.717,95,-0.1546705812215805,-0.6839324831962585,0.529261901974678
RGM1,8,283,288,-,8.717,80,-0.650151252746582,-0.48993098735809326,-0.16022026538848877
RGM1,9,164,169,+,8.717,75,-0.12942950427532196,0.8545363545417786,-0.9839658588171005
RGM1,9,198,203,-,8.717,75,0.18575981259346008,0.18547183275222778,0.0002879798412322998
RGM1,10,226,231,+,8.717,100,0.06144469976425171,1.1669646501541138,-1.105519950389862
RGM1,11,120,125,-,8.717,80,-0.17483118176460266,0.4750056266784668,-0.6498368084430695
RGM1,12,48,53,-,8.717,98,0.28018835186958313,-0.055482447147369385,0.3356707990169525
RGM1,12,119,124,-,8.717,95,0.19743427634239197,-0.03550058603286743,0.2329348623752594
RGM1,12,135,140,+,8.717,83,-0.10865378379821777,-0.058551788330078125,-0.05010199546813965
RGM1,12,208,213,+,8.717,69,0.25781482458114624,-0.3346940577030182,0.5925088822841644
RGM1,12,260,265,+,8.717,63,0.4509373903274536,-0.2384358048439026,0.6893731951713562
RGM1,12,306,311,+,8.717,76,0.06599108874797821,-0.6032871603965759,0.6692782491445541
RGM1,13,53,58,-,8.717,80,-0.10816483199596405,0.5066849589347839,-0.614849790930748
RGM1,13,137,142,-,8.717,87,-0.2950786352157593,-0.32275259494781494,0.027673959732055664
RGM1,13,145,150,-,8.717,87,-0.6078529357910156,0.08258625864982605,-0.6904391944408417
RGM1,13,250,255,+,8.717,85,-0.41228601336479187,0.0689404159784317,-0.48122642934322357
RGM1,13,289,294,+,8.717,85,-0.25381219387054443,-0.05134481191635132,-0.20246738195419312
RGM1,13,372,377,-,8.717,91,-0.1630115956068039,-0.18547770380973816,0.022466108202934265
RGM1,14,209,214,-,8.717,91,-0.46662697196006775,0.034599050879478455,-0.5012260228395462
RGM1,14,388,393,+,8.717,95,-0.5905752182006836,2.3987410068511963,-2.98931622505188
RGM1,14,395,400,+,8.717,91,0.3145868480205536,-0.1406269669532776,0.4552138149738312
RGM1,15,244,249,+,8.717,88,-0.2795068025588989,-0.0421832799911499,-0.23732352256774902
RGM1,15,445,450,-,8.717,90,0.712031364440918,0.2931082248687744,0.41892313957214355
RGM1,16,80,85,-,8.717,58,-0.6112732291221619,-0.024725914001464844,-0.586547315120697
RGM1,16,101,106,-,8.717,52,0.06707726418972015,0.01984161138534546,0.047235652804374695
RGM1,16,118,123,-,8.717,53,-0.43134790658950806,-0.12609124183654785,-0.3052566647529602
RGM1,16,132,137,-,8.717,59,-0.07658642530441284,-0.3388371467590332,0.26225072145462036
RGM1,16,152,157,-,8.717,71,-0.144712895154953,-0.5094910860061646,0.36477819085121155
RGM1,16,163,168,+,8.717,64,0.7657291889190674,0.34934306144714355,0.41638612747192383
RGM1,16,420,425,-,8.717,83,-0.32776308059692383,0.45727968215942383,-0.7850427627563477
RGM1,17,97,102,-,8.717,59,0.29844748973846436,0.2278374433517456,0.07061004638671875
RGM1,17,108,113,+,8.717,66,0.04860152304172516,-0.025595813989639282,0.07419733703136444
RGM1,17,128,133,+,8.717,54,-0.1371569037437439,-0.14596772193908691,0.008810818195343018
RGM1,17,142,147,+,8.717,53,-0.27950572967529297,-0.060885459184646606,-0.21862027049064636
RGM1,17,159,164,+,8.717,52,0.05310111492872238,0.6964192390441895,-0.6433181241154671
RGM1,17,180,185,+,8.717,58,-0.8292521238327026,0.2850804924964905,-1.1143326163291931
RGM1,17,286,291,-,8.717,85,-0.1316090226173401,-0.20638248324394226,0.07477346062660217
RGM1,17,299,304,+,8.717,85,0.24489396810531616,0.39049074053764343,-0.14559677243232727
RGM1,17,341,346,-,8.717,87,-0.43517374992370605,0.164876326918602,-0.600050076842308
RGM1,17,413,418,-,8.717,82,-0.1495908498764038,-0.8308073878288269,0.6812165379524231
RGM1,18,11,16,-,8.717,48,0.011243224143981934,-0.6382657885551453,0.6495090126991272
RGM1,18,74,79,-,8.717,94,0.003422677516937256,-0.08543285727500916,0.08885553479194641
RGM1,18,275,280,+,8.717,80,-0.10541385412216187,-0.06253686547279358,-0.042876988649368286
RGM1,18,311,316,-,8.717,87,-0.07781025022268295,0.02794131636619568,-0.10575156658887863
RGM1,19,9,14,+,8.717,59,-0.3813113570213318,0.1334019899368286,-0.5147133469581604
RGM1,19,251,256,+,8.717,81,0.1371171772480011,0.2937315106391907,-0.15661433339118958
RGM1,19,265,270,+,8.717,86,-0.2613911032676697,0.5250604152679443,-0.786451518535614
RGM1,19,444,449,-,8.717,100,0.036119937896728516,-0.19676125049591064,0.23288118839263916
RGM1,20,172,177,-,8.717,90,0.42749345302581787,0.2422962784767151,0.18519717454910278
RGM1,20,178,183,+,8.717,90,0.6798882484436035,-0.06534186005592346,0.745230108499527
RGM1,20,210,215,+,8.717,90,-1.2889161109924316,0.08929502218961716,-1.3782111331820488
RGM1,20,325,330,-,8.717,48,0.28024035692214966,0.8223632574081421,-0.5421229004859924
RGM1,21,151,156,-,8.717,91,-0.16690361499786377,-0.06405050307512283,-0.10285311192274094
RGM1,21,312,317,+,8.717,78,-0.2772842049598694,0.10882802307605743,-0.3861122280359268
RGM1,21,327,332,-,8.717,73,0.04890640079975128,0.634576141834259,-0.5856697410345078
RGM1,21,333,338,+,8.717,75,0.6814871430397034,-0.36890560388565063,1.050392746925354
RGM1,21,375,380,-,8.717,86,0.4603961110115051,-0.6787920594215393,1.1391881704330444
RGM1,22,81,86,-,8.717,88,0.07971860468387604,0.14118674397468567,-0.06146813929080963
RGM1,22,94,99,+,8.717,90,-0.2676437497138977,0.07549974322319031,-0.343143492937088
RGM1,22,103,108,+,8.717,90,0.2598114609718323,-0.12160700559616089,0.38141846656799316
RGM1,22,173,178,-,8.717,80,0.20677289366722107,-0.30593493580818176,0.5127078294754028
RGM1,22,333,338,+,8.717,92,0.1782791018486023,-0.6017821431159973,0.7800612449645996
RGM1,22,423,428,-,8.717,87,-0.6305442452430725,-0.1459369957447052,-0.4846072494983673
RGM1,23,92,97,-,8.717,93,-0.08183541893959045,0.30031296610832214,-0.3821483850479126
RGM1,23,255,260,+,8.717,95,-0.5488977432250977,-0.472359836101532,-0.07653790712356567
RGM1,23,269,274,+,8.717,95,-0.43470972776412964,-0.007394731044769287,-0.42731499671936035
RGM1,24,199,204,-,8.717,76,0.06173592805862427,-0.23297959566116333,0.2947155237197876
RGM1,24,236,241,-,8.717,55,-0.015988647937774658,0.07829120755195618,-0.09427985548973083
RGM1,24,251,256,+,8.717,55,-0.7586879134178162,0.0017858147621154785,-0.7604737281799316
RGM1,24,257,262,+,8.717,54,-0.8854300379753113,0.10037115216255188,-0.9858011901378632
RGM1,24,266,271,+,8.717,58,-0.7552506923675537,-0.07977348566055298,-0.6754772067070007
RGM1,24,285,290,+,8.717,63,-0.2626889944076538,0.23974326252937317,-0.502432256937027
RGM1,25,189,194,+,8.717,66,-0.062276482582092285,0.39266371726989746,-0.45494019985198975
RGM1,25,237,242,-,8.717,48,0.6241268515586853,0.6382787227630615,-0.01415187120437622
RGM1,25,262,267,-,8.717,68,0.17703479528427124,0.13595257699489594,0.041082218289375305
RGM1,25,357,362,-,8.717,95,-0.9852346181869507,-0.20205551385879517,-0.7831791043281555
RGM1,26,6,11,-,8.717,56,0.0023226290941238403,-0.16142669320106506,0.1637493222951889
RGM1,26,71,76,+,8.717,81,0.22422188520431519,0.9107019901275635,-0.6864801049232483
RGM1,26,101,106,+,8.717,81,-0.27354803681373596,-0.29820144176483154,0.02465340495109558
RGM1,26,174,179,+,8.717,89,-0.3506380319595337,-0.16390585899353027,-0.18673217296600342
RGM1,26,189,194,+,8.717,89,0.5844902992248535,-0.1858654022216797,0.7703557014465332
RGM1,26,249,254,+,8.717,93,0.4170486032962799,-0.16948270797729492,0.5865313112735748
RGM1,26,433,438,-,8.717,100,1.1157755851745605,-0.0377105176448822,1.1534861028194427
RGM1,27,156,161,-,8.717,88,-0.41719961166381836,0.2487270087003708,-0.6659266203641891
RGM1,28,59,64,+,8.717,80,0.4710468053817749,-0.30610382556915283,0.7771506309509277
RGM1,28,108,113,+,8.717,73,-0.13694307208061218,-0.46417030692100525,0.32722723484039307
RGM1,28,164,169,+,8.717,91,2.020317554473877,0.20427305996418,1.816044494509697
RGM1,28,413,418,-,8.717,100,0.004024840891361237,-0.13641437888145447,0.1404392197728157
RGM1,29,164,169,-,8.717,100,-0.5728087425231934,-0.1846551150083542,-0.3881536275148392
RGM1,29,268,273,+,8.717,90,-0.5024861693382263,-0.944942057132721,0.44245588779449463
RGM1,30,252,257,-,8.717,72,-0.052188143134117126,0.08109420537948608,-0.1332823485136032
RGM1,30,265,270,-,8.717,67,-0.18045379221439362,-0.46208274364471436,0.28162895143032074
RGM1,30,315,320,-,8.717,63,-0.2076789289712906,-0.7644348740577698,0.5567559450864792
RGM1,31,79,84,+,8.717,83,-0.05456164479255676,0.09780166298151016,-0.15236330777406693
RGM1,31,156,161,+,8.717,91,-0.3478909432888031,-0.3542657196521759,0.006374776363372803
RGM1,31,171,176,-,8.717,78,0.3393726646900177,0.20532353222370148,0.13404913246631622
RGM1,31,248,253,+,8.717,63,-0.14391957223415375,0.6673036813735962,-0.8112232536077499
RGM1,32,12,17,+,8.717,41,-0.15195611119270325,0.039090871810913086,-0.19104698300361633
RGM1,32,67,72,-,8.717,64,-0.12429219484329224,-0.07123804092407227,-0.05305415391921997
RGM1,32,151,156,+,8.717,69,0.3665056824684143,-0.07293634116649628,0.4394420236349106
RGM1,34,30,35,-,8.717,73,-0.15652012825012207,-0.06293165683746338,-0.09358847141265869
RGM1,34,112,117,+,8.717,81,-0.15640884637832642,-0.2290109097957611,0.07260206341743469
RGM1,34,334,339,+,8.717,100,-0.3024667501449585,0.1860056221485138,-0.4884723722934723
RGM1,35,74,79,+,8.717,100,-0.09051036834716797,-0.24394094944000244,0.15343058109283447
RGM1,35,177,182,+,8.717,95,-0.4654424488544464,0.06337682157754898,-0.5288192704319954
RGM1,35,202,207,+,8.717,95,-0.22630847990512848,-0.2321714162826538,0.00586293637752533
RGM1,35,444,449,-,8.717,88,-0.29537564516067505,-0.7169992923736572,0.4216236472129822
RGM1,36,29,34,-,8.717,79,-0.1659567505121231,0.01649527996778488,-0.182452030479908
RGM1,36,295,300,+,8.717,84,0.2968887388706207,-0.07558669149875641,0.37247543036937714
RGM1,36,471,476,+,8.717,51,-0.12774884700775146,1.5073364973068237,-1.6350853443145752
RGM1,37,30,35,-,8.717,80,0.3923489451408386,0.033272743225097656,0.35907620191574097
RGM1,38,101,106,-,8.717,74,-0.0848889946937561,0.01900780200958252,-0.10389679670333862
RGM1,38,143,148,+,8.717,71,-0.9767327904701233,-0.11837728321552277,-0.8583555072546005
RGM1,38,196,201,+,8.717,73,-0.8233855366706848,-0.33615830540657043,-0.4872272312641144
RGM1,38,243,248,-,8.717,70,0.6813445687294006,0.7570210099220276,-0.07567644119262695
RGM1,38,269,274,-,8.717,68,0.4196116328239441,-0.13813190162181854,0.5577435344457626
RGM1,38,306,311,+,8.717,72,0.5508062839508057,0.3155769407749176,0.23522934317588806
RGM1,38,403,408,+,8.717,89,-0.7873960733413696,0.7466513514518738,-1.5340474247932434
RGM1,39,138,143,+,8.717,54,0.9431710839271545,0.3144766688346863,0.6286944150924683
RGM1,39,143,148,-,8.717,59,0.8497920632362366,-0.2641637921333313,1.1139558553695679
RGM1,39,255,260,-,8.717,92,1.257330298423767,-0.3161614239215851,1.5734917223453522
RGM1,40,70,75,-,8.717,93,0.2878796458244324,-0.2514346241950989,0.5393142700195312
RGM1,40,129,134,+,8.717,72,0.05851900577545166,0.3097648322582245,-0.2512458264827728
RGM1,40,175,180,+,8.717,53,0.1573363095521927,-0.0530431866645813,0.210379496216774
RGM1,40,205,210,+,8.717,71,-0.7277867794036865,0.12768706679344177,-0.8554738461971283
RGM1,40,214,219,-,8.717,71,0.5842205286026001,-0.33584898710250854,0.9200695157051086
RGM1,41,191,196,+,8.717,89,-0.2836987376213074,-0.26813578605651855,-0.015562951564788818
RGM1,41,207,212,+,8.717,89,-0.018037989735603333,-0.41928720474243164,0.4012492150068283
RGM1,42,144,149,-,8.717,90,-0.03562238812446594,-0.2417786419391632,0.20615625381469727
RGM1,42,230,235,+,8.717,80,-0.2303214967250824,-0.19687265157699585,-0.03344884514808655
RGM1,42,264,269,+,8.717,76,0.0886613130569458,0.05889296531677246,0.02976834774017334
RGM1,42,331,336,+,8.717,84,0.12040382623672485,-0.13314659893512726,0.2535504251718521
RGM1,43,129,134,-,8.717,83,0.2105947881937027,-0.20964694023132324,0.42024172842502594
RGM1,43,213,218,+,8.717,41,-0.07196956872940063,-0.07433779537677765,0.002368226647377014
RGM1,43,231,236,+,8.717,40,-0.26683077216148376,0.12043178826570511,-0.3872625604271889
RGM1,43,240,245,+,8.717,48,-0.2751031517982483,-0.24882540106773376,-0.026277750730514526
RGM1,43,281,286,+,8.717,60,0.12141049653291702,0.23312689363956451,-0.11171639710664749
RGM1,43,294,299,+,8.717,69,-0.05318814516067505,0.30770179629325867,-0.3608899414539337
RGM1,43,315,320,+,8.717,88,-0.46784597635269165,0.2752531170845032,-0.7430990934371948
RGM1,43,389,394,+,8.717,100,-0.5108640193939209,0.7909407615661621,-1.301804780960083
RGM1,44,249,254,+,8.717,81,0.15667109191417694,-0.604977011680603,0.76164810359478
RGM1,45,10,15,-,8.717,54,0.9290700554847717,-0.20542742311954498,1.1344974786043167
RGM1,45,43,48,-,8.717,83,0.026431724429130554,-0.19631385803222656,0.22274558246135712
RGM1,45,64,69,-,8.717,86,-0.523165225982666,-0.678078293800354,0.154913067817688
RGM1,46,137,142,+,8.717,86,-0.4948670566082001,0.8578498363494873,-1.3527168929576874
RGM1,46,158,163,+,8.717,79,-0.21872088313102722,-0.4433216452598572,0.22460076212882996
RGM1,46,191,196,+,8.717,70,0.4219188094139099,-0.44550469517707825,0.8674235045909882
RGM1,46,202,207,+,8.717,71,0.2122890055179596,0.2890051007270813,-0.0767160952091217
RGM1,46,267,272,+,8.717,84,0.45757371187210083,0.36386266350746155,0.09371104836463928
RGM1,47,421,426,-,8.717,94,-0.5547918677330017,0.021853506565093994,-0.5766453742980957
RGM1,48,35,40,+,8.717,66,-0.12986207008361816,0.12447389960289001,-0.2543359696865082
RGM1,48,207,212,+,8.717,78,0.888910710811615,0.6074186563491821,0.28149205446243286
RGM1,48,251,256,+,8.717,87,0.14317844808101654,-0.46434053778648376,0.6075189858675003
RGM1,49,98,103,+,8.717,94,0.21847188472747803,-0.3309629559516907,0.5494348406791687
RGM1,49,179,184,+,8.717,100,-0.39379674196243286,-0.14296622574329376,-0.2508305162191391
RGM1,49,246,251,+,8.717,92,-0.9593099355697632,-0.25482437014579773,-0.7044855654239655
RGM1,50,36,41,+,8.717,86,-0.5696505308151245,0.16370552778244019,-0.7333560585975647
RGM1,51,34,39,-,8.717,76,-0.21183955669403076,-0.09091770648956299,-0.12092185020446777
RGM1,51,119,124,+,8.717,94,-0.36190879344940186,-0.17071861028671265,-0.1911901831626892
RGM1,52,421,426,-,8.717,73,-0.3358496427536011,0.17611706256866455,-0.5119667053222656
RGM1,53,82,87,-,8.717,99,-0.010682284832000732,-0.39342427253723145,0.3827419877052307
RGM1,53,205,210,-,8.717,90,-0.06902971863746643,-0.01651906967163086,-0.05251064896583557
RGM1,53,244,249,+,8.717,75,-0.29863864183425903,-0.21417662501335144,-0.08446201682090759
RGM1,53,251,256,+,8.717,68,0.1405625343322754,-0.19520506262779236,0.33576759696006775
RGM1,53,260,265,+,8.717,64,-0.5485190749168396,-0.22144123911857605,-0.32707783579826355
RGM1,53,268,273,+,8.717,56,-0.41678306460380554,0.1812741756439209,-0.5980572402477264
RGM1,53,288,293,-,8.717,54,1.0702731609344482,-0.07309296727180481,1.143366128206253
RGM1,53,317,322,-,8.717,61,0.14296837151050568,0.18840593099594116,-0.045437559485435486
RGM1,54,4,9,-,8.717,49,0.17981889843940735,0.23650550842285156,-0.056686609983444214
RGM1,54,35,40,-,8.717,80,0.18144351243972778,-0.3950970768928528,0.5765405893325806
RGM1,54,146,151,-,8.717,94,-0.2500656247138977,0.0055886805057525635,-0.25565430521965027
RGM1,54,201,206,+,8.717,83,0.5337867140769958,-0.28807055950164795,0.8218572735786438
RGM1,54,225,230,-,8.717,83,-0.48130378127098083,-0.254696786403656,-0.22660699486732483
RGM1,54,287,292,-,8.717,93,-0.04422834515571594,-0.43841153383255005,0.3941831886768341
RGM1,54,467,472,-,8.717,69,-0.3699518144130707,-0.7897824048995972,0.4198305904865265
RGM1,55,225,230,+,8.717,75,-0.439105749130249,0.043477192521095276,-0.4825829416513443
RGM1,55,283,288,+,8.717,79,1.6294761896133423,-0.34565937519073486,1.9751355648040771
RGM1,55,321,326,+,8.717,90,0.15942521393299103,-0.04438126087188721,0.20380647480487823
RGM1,55,336,341,-,8.717,93,-0.19659239053726196,-0.169784277677536,-0.026808112859725952
RGM1,56,88,93,+,8.717,93,-0.35529670119285583,-0.5214027166366577,0.16610601544380188
RGM1,56,315,320,+,8.717,88,-0.38601458072662354,-0.9034919738769531,0.5174773931503296
RGM1,56,442,447,-,8.717,95,-0.6474031805992126,-0.3640606701374054,-0.28334251046180725
RGM1,56,490,495,+,8.717,50,-1.106999158859253,-0.24195596575737,-0.8650431931018829
RGM1,57,22,27,+,8.717,61,-0.33216381072998047,-0.08221209049224854,-0.24995172023773193
RGM1,57,51,56,-,8.717,84,0.05863870680332184,-0.0786612331867218,0.13729993999004364
RGM1,57,91,96,-,8.717,89,-0.20217210054397583,-0.16153593361377716,-0.04063616693019867
RGM1,57,409,414,-,8.717,91,-0.9192310571670532,0.709143340587616,-1.6283743977546692
RGM1,58,25,30,+,8.717,75,-0.1309344470500946,-0.07464399933815002,-0.05629044771194458
RGM1,58,103,108,-,8.717,100,-0.056884199380874634,-0.18213480710983276,0.12525060772895813
RGM1,58,394,399,+,8.717,95,-0.2465137392282486,0.06785663962364197,-0.31437037885189056
RGM1,59,36,41,+,8.717,54,0.7027524709701538,-0.07180207967758179,0.7745545506477356
RGM1,59,45,50,+,8.717,63,0.822860598564148,-0.025319218635559082,0.848179817199707
RGM1,59,74,79,+,8.717,71,1.1250073909759521,-0.6223766207695007,1.7473840117454529
RGM1,59,106,111,+,8.717,79,1.2600288391113281,-0.3753182888031006,1.6353471279144287
RGM1,59,396,401,+,8.717,95,0.01878032088279724,0.39580047130584717,-0.3770201504230499
RGM1,60,8,13,+,8.717,42,-0.8322725296020508,-0.44566062092781067,-0.3866119086742401
RGM1,60,30,35,+,8.717,63,-0.1985710859298706,-0.13827049732208252,-0.060300588607788086
RGM1,60,119,124,+,8.717,74,0.11761631071567535,0.8284763693809509,-0.7108600586652756
RGM1,60,164,169,-,8.717,39,-0.2880641222000122,-0.39051276445388794,0.10244864225387573
RGM1,60,245,250,+,8.717,69,0.19112256169319153,-0.026781219989061356,0.21790378168225288
RGM1,60,486,491,+,8.717,59,-0.3895353078842163,-0.26265260577201843,-0.12688270211219788
RGM1,61,76,81,+,8.717,87,0.43586358428001404,0.07514888048171997,0.36071470379829407
RGM1,61,101,106,+,8.717,88,0.23113465309143066,0.014869391918182373,0.2162652611732483
RGM1,61,165,170,-,8.717,64,0.54387366771698,-0.34992286562919617,0.8937965333461761
RGM1,61,419,424,-,8.717,95,-0.6673334836959839,-0.4292650520801544,-0.23806843161582947
RGM1,61,446,451,-,8.717,87,1.3313418626785278,0.08451399207115173,1.246827870607376
RGM1,62,34,39,-,8.717,68,0.073188915848732,-0.5989282131195068,0.6721171289682388
RGM1,62,384,389,+,8.717,88,-0.06128557771444321,0.7394047379493713,-0.8006903156638145
RGM1,63,8,13,+,8.717,58,-0.019460245966911316,-0.10761351883411407,0.08815327286720276
RGM1,64,22,27,+,8.717,70,-0.4007807970046997,0.9647660255432129,-1.3655468225479126
RGM1,64,110,115,-,8.717,81,0.04972940683364868,-0.2786359190940857,0.3283653259277344
RGM1,64,145,150,-,8.717,80,0.939468264579773,-0.11708449572324753,1.0565527603030205
RGM1,65,69,74,-,8.717,76,-0.14840030670166016,1.5735069513320923,-1.7219072580337524
RGM1,65,189,194,+,8.717,89,0.29553544521331787,-0.45787519216537476,0.7534106373786926
RGM1,65,202,207,+,8.717,84,0.45083823800086975,-0.6671629548072815,1.1180011928081512
RGM1,65,262,267,-,8.717,76,-0.18050281703472137,-0.04913961887359619,-0.13136319816112518
RGM1,65,274,279,-,8.717,82,-0.6065770387649536,0.018690913915634155,-0.6252679526805878
RGM1,65,310,315,-,8.717,87,0.09279046952724457,-0.3403475880622864,0.43313805758953094
RGM1,65,409,414,-,8.717,94,-0.005337651818990707,-0.3566877841949463,0.3513501323759556
RGM1,66,131,136,-,8.717,79,-0.11654049158096313,0.3895719647407532,-0.5061124563217163
RGM1,66,150,155,-,8.717,82,0.44751548767089844,-0.15842020511627197,0.6059356927871704
RGM1,66,242,247,-,8.717,94,-0.3307763934135437,-0.6761236190795898,0.34534722566604614
RGM1,67,22,27,+,8.717,72,-0.07463645935058594,-0.284334659576416,0.20969820022583008
RGM1,67,114,119,+,8.717,88,0.5151370167732239,-0.6898667216300964,1.2050037384033203
RGM1,67,133,138,+,8.717,79,-0.39781898260116577,0.578101396560669,-0.9759203791618347
RGM1,67,406,411,-,8.717,75,-0.15866991877555847,0.05480027198791504,-0.2134701907634735
RGM1,67,414,419,-,8.717,75,-0.37336188554763794,0.5151196122169495,-0.8884814977645874
RGM1,68,162,167,+,8.717,89,0.17054302990436554,-0.3573879897594452,0.5279310196638107
RGM1,69,65,70,-,8.717,76,-0.3259471356868744,-0.009608268737792969,-0.3163388669490814
RGM1,69,453,458,-,8.717,84,-0.374671995639801,0.3738917112350464,-0.7485637068748474
RGM1,70,3,8,+,8.717,35,-0.30873867869377136,0.3428925573825836,-0.651631236076355
RGM1,70,11,16,+,8.717,43,0.6344478726387024,-0.310629665851593,0.9450775384902954
RGM1,70,286,291,-,8.717,84,0.020702870562672615,-0.1347513645887375,0.1554542351514101
RGM1,70,336,341,-,8.717,81,0.08351558446884155,-0.2917901873588562,0.37530577182769775
RGM1,71,23,28,+,8.717,64,-0.20829832553863525,-0.7189558744430542,0.510657548904419
RGM1,71,54,59,+,8.717,85,-0.1418408751487732,0.22657635807991028,-0.36841723322868347
RGM1,71,117,122,+,8.717,83,0.41597723960876465,-0.6379899978637695,1.0539672374725342
RGM1,71,415,420,-,8.717,100,-0.7087581753730774,-0.20723795890808105,-0.5015202164649963
RGM1,72,34,39,+,8.717,55,-0.35234394669532776,-0.2592613101005554,-0.09308263659477234
RGM1,72,114,119,+,8.717,70,-0.21676380932331085,1.0103517770767212,-1.227115586400032
RGM1,72,133,138,+,8.717,71,-0.07002094388008118,-0.40353304147720337,0.3335120975971222
RGM1,72,149,154,+,8.717,71,-0.15329158306121826,-0.6240252256393433,0.470733642578125
RGM1,72,162,167,+,8.717,67,-0.4241328537464142,-0.23843416571617126,-0.18569868803024292
RGM1,72,411,416,+,8.717,94,-0.884821891784668,1.722111463546753,-2.606933355331421
RGM1,73,53,58,+,8.717,100,-0.26221954822540283,-0.7233783006668091,0.46115875244140625
RGM1,73,132,137,-,8.717,77,-0.3194810152053833,-0.390678346157074,0.07119733095169067
RGM1,73,177,182,-,8.717,76,-0.114090695977211,-0.21154910326004028,0.09745840728282928
RGM1,73,216,221,-,8.717,86,0.14241325855255127,-0.8327620029449463,0.9751752614974976
RGM1,73,388,393,+,8.717,58,-1.0690116882324219,-0.30211901664733887,-0.766892671585083
RGM1,74,51,56,-,8.717,78,-0.7087053656578064,-0.3244359493255615,-0.3842694163322449
RGM1,74,69,74,-,8.717,84,-0.31810858845710754,-0.24187587201595306,-0.07623271644115448
RGM1,74,80,85,+,8.717,79,-0.5547693371772766,-0.27692243456840515,-0.27784690260887146
RGM1,74,288,293,-,8.717,100,0.4064299464225769,-0.19578921794891357,0.6022191643714905
RGM1,75,121,126,+,8.717,71,0.19900305569171906,-0.37659743428230286,0.5756004899740219
RGM1,75,178,183,-,8.717,78,-0.1803191602230072,0.2404222935438156,-0.4207414537668228
RGM1,75,223,228,+,8.717,80,-0.03565290570259094,-0.017024606466293335,-0.018628299236297607
RGM1,75,343,348,-,8.717,92,-0.42154160141944885,0.053891152143478394,-0.47543275356292725
RGM1,75,432,437,-,8.717,99,0.1895594596862793,-0.29104191064834595,0.48060137033462524
RGM1,76,61,66,-,8.717,73,-0.17560774087905884,0.13565291464328766,-0.3112606555223465
RGM1,76,239,244,-,8.717,85,-0.7035526037216187,-0.285625696182251,-0.4179269075393677
RGM1,76,246,251,-,8.717,85,-0.20923888683319092,0.0503489151597023,-0.2595878019928932
RGM1,76,267,272,+,8.717,85,-0.7779443264007568,0.18803735077381134,-0.9659816771745682
RGM1,76,286,291,-,8.717,85,-0.2544233202934265,-0.5563052892684937,0.30188196897506714
RGM1,76,341,346,-,8.717,100,-0.33689719438552856,-0.3216094970703125,-0.015287697315216064
RGM1,76,452,457,-,8.717,79,-0.31499984860420227,-0.6815599799156189,0.3665601313114166
RGM1,77,250,255,+,8.717,95,-0.5858523845672607,0.31547364592552185,-0.9013260304927826
RGM1,77,259,264,+,8.717,95,-0.34814417362213135,-0.35888034105300903,0.010736167430877686
RGM1,77,409,414,+,8.717,76,-0.4428560435771942,0.28046128153800964,-0.7233173251152039
RGM1,78,148,153,+,8.717,81,-0.39353930950164795,0.03300899267196655,-0.4265483021736145
RGM1,78,187,192,+,8.717,79,-0.2829263210296631,-0.5009417533874512,0.21801543235778809
RGM1,78,195,200,+,8.717,77,-0.07095327228307724,0.42251914739608765,-0.4934724196791649
RGM1,78,304,309,+,8.717,90,-0.4694194793701172,-0.14328579604625702,-0.32613368332386017
RGM1,78,414,419,+,8.717,79,-0.1877281367778778,-0.4013534486293793,0.21362531185150146
RGM1,78,444,449,-,8.717,70,-0.6152225136756897,-0.9004608392715454,0.2852383255958557
RGM1,79,244,249,+,8.717,85,-0.3787696957588196,-0.17857298254966736,-0.20019671320915222
RGM1,79,275,280,+,8.717,84,1.142457127571106,-0.3960486352443695,1.5385057628154755
RGM1,79,294,299,+,8.717,84,1.2233449220657349,-0.27538394927978516,1.49872887134552
RGM1,79,420,425,-,8.717,86,-1.0405775308609009,-0.21161958575248718,-0.8289579451084137
RGM1,80,123,128,+,8.717,74,-0.1506367027759552,-0.6468755006790161,0.4962387979030609
RGM1,80,138,143,-,8.717,72,0.21579448878765106,-0.12219084799289703,0.3379853367805481
RGM1,80,368,373,-,8.717,93,0.3959059715270996,-0.4964020252227783,0.8923079967498779
RGM1,81,246,251,+,8.717,83,-0.7168451547622681,-0.09195279330015182,-0.6248923614621162
RGM1,81,278,283,-,8.717,77,-0.4002138674259186,-0.8970894813537598,0.4968756139278412
RGM1,82,86,91,+,8.717,63,-0.0755026638507843,0.16446450352668762,-0.23996716737747192
RGM1,82,110,115,+,8.717,63,0.21420088410377502,0.38191497325897217,-0.16771408915519714
RGM1,82,126,131,-,8.717,69,-0.14572474360466003,-0.09584274888038635,-0.04988199472427368
RGM1,82,192,197,+,8.717,84,-0.0704798698425293,0.042054206132888794,-0.11253407597541809
RGM1,82,236,241,+,8.717,84,0.056694477796554565,-0.4005376696586609,0.45723214745521545
RGM1,82,246,251,+,8.717,89,0.4169531464576721,-0.3022061288356781,0.7191592752933502
RGM1,82,292,297,+,8.717,76,0.13550527393817902,0.2514338791370392,-0.11592860519886017
RGM1,83,258,263,+,8.717,68,0.9052824378013611,-0.18180561065673828,1.0870880484580994
RGM1,83,286,291,-,8.717,66,-0.6194555759429932,-0.2596372067928314,-0.35981836915016174
RGM1,83,456,461,+,8.717,71,-0.8059090971946716,-0.9319131374359131,0.12600404024124146
RGM1,84,18,23,+,8.717,63,-0.45503926277160645,-0.36171016097068787,-0.09332910180091858
RGM1,84,34,39,+,8.717,79,-0.5217412114143372,0.18594609200954437,-0.7076873034238815
RGM1,84,107,112,+,8.717,79,-0.9030686020851135,0.4374215602874756,-1.3404901623725891
RGM1,85,116,121,-,8.717,86,-0.05919581651687622,-0.00845019519329071,-0.05074562132358551
RGM1,85,227,232,+,8.717,73,0.12173613905906677,-0.35134536027908325,0.47308149933815
RGM1,85,306,311,+,8.717,70,0.03197507560253143,0.2365831881761551,-0.20460811257362366
RGM1,85,316,321,+,8.717,73,-0.3107024133205414,-0.21042442321777344,-0.10027799010276794
RGM1,86,69,74,-,8.717,80,-0.4511716663837433,0.4730202853679657,-0.924191951751709
RGM1,86,272,277,+,8.717,46,-1.2969322204589844,0.009846508502960205,-1.3067787289619446
RGM1,86,279,284,+,8.717,42,-1.2363560199737549,0.004431962966918945,-1.2407879829406738
RGM1,86,289,294,-,8.717,42,-0.9007444381713867,0.02948734164237976,-0.9302317798137665
RGM1,86,326,331,-,8.717,64,-0.3187085688114166,0.09728279709815979,-0.4159913659095764
RGM1,86,485,490,-,8.717,58,0.645735502243042,-0.2397404909133911,0.8854759931564331
RGM1,87,36,41,-,8.717,69,-0.08329254388809204,0.06781530380249023,-0.15110784769058228
RGM1,87,143,148,+,8.717,76,-0.5872276425361633,-0.19852489233016968,-0.38870275020599365
RGM1,87,155,160,-,8.717,71,-0.47353553771972656,0.0006611347198486328,-0.4741966724395752
RGM1,87,172,177,+,8.717,77,0.15479014813899994,-0.04995077848434448,0.20474092662334442
RGM1,87,205,210,-,8.717,77,-0.5099263787269592,-0.13530993461608887,-0.37461644411087036
RGM1,87,234,239,-,8.717,74,0.2201438546180725,-0.0224381685256958,0.2425820231437683
RGM1,87,268,273,-,8.717,84,-0.14385265111923218,-0.28577491641044617,0.141922265291214
RGM1,87,283,288,+,8.717,84,-0.09330075979232788,0.5283198952674866,-0.6216206550598145
RGM1,87,367,372,+,8.717,100,-0.3316112160682678,-0.17614701390266418,-0.15546420216560364
RGM1,87,445,450,-,8.717,87,-0.8275262117385864,-0.9124374985694885,0.0849112868309021
RGM1,89,218,223,-,8.717,77,-0.8932399153709412,0.0960012674331665,-0.9892411828041077
RGM1,89,243,248,-,8.717,72,-0.4286248981952667,-0.08489516377449036,-0.34372973442077637
RGM1,89,291,296,-,8.717,95,-0.21003484725952148,0.343799352645874,-0.5538341999053955
RGM1,89,362,367,+,8.717,91,-0.4653230607509613,-0.37843838334083557,-0.08688467741012573
RGM1,89,464,469,-,8.717,81,-0.37479981780052185,-0.6271357536315918,0.25233593583106995
RGM1,90,168,173,+,8.717,93,0.0015974938869476318,-0.39593571424484253,0.39753320813179016
RGM1,90,215,220,+,8.717,90,-0.12892337143421173,0.049143970012664795,-0.17806734144687653
RGM1,90,221,226,-,8.717,93,0.3668662905693054,-0.8068314790725708,1.1736977696418762
RGM1,91,171,176,+,8.717,78,0.5824882388114929,0.5143015384674072,0.0681867003440857
RGM1,91,262,267,+,8.717,94,0.3908400535583496,-0.06399466097354889,0.4548347145318985
RGM1,91,298,303,+,8.717,85,-1.3075631856918335,-0.3465341031551361,-0.9610290825366974
RGM1,91,316,321,+,8.717,89,-0.5630402565002441,-0.10175618529319763,-0.4612840712070465
RGM1,91,336,341,+,8.717,90,-0.2967528998851776,0.575507640838623,-0.8722605407238007
RGM1,91,491,496,-,8.717,54,-0.23061560094356537,-0.11289864778518677,-0.1177169531583786
RGM1,92,180,185,+,8.717,67,-0.4370531737804413,0.10572100430727005,-0.5427741780877113
RGM1,92,229,234,-,8.717,80,1.4526711702346802,-0.2159106284379959,1.668581798672676
RGM1,92,325,330,-,8.717,74,0.3424980342388153,0.19808852672576904,0.14440950751304626
RGM1,92,395,400,+,8.717,91,-0.039655089378356934,0.3901110887527466,-0.4297661781311035
RGM1,93,56,61,+,8.717,94,-0.1165727972984314,-0.014143943786621094,-0.1024288535118103
RGM1,93,446,451,-,8.717,70,0.47638940811157227,-0.7118692398071289,1.1882586479187012
RGM1,94,2,7,+,8.717,40,-0.10231900215148926,0.12415710091590881,-0.22647610306739807
RGM1,94,57,62,+,8.717,81,-0.10004812479019165,0.09142276644706726,-0.1914708912372589
RGM1,94,168,173,+,8.717,81,-0.18571898341178894,-0.09226855635643005,-0.09345042705535889
RGM1,94,238,243,+,8.717,86,-0.10230886936187744,-0.6257013082504272,0.5233924388885498
RGM1,94,250,255,-,8.717,86,0.030949264764785767,-0.3946218490600586,0.42557111382484436
RGM1,95,28,33,+,8.717,76,-0.5699377059936523,-0.2025001496076584,-0.36743755638599396
RGM1,95,377,382,+,8.717,100,-0.456096351146698,-1.0008678436279297,0.5447714924812317
RGM1,96,135,140,+,8.717,90,1.1238394975662231,-0.38399842381477356,1.5078379213809967
RGM1,96,147,152,+,8.717,84,1.0343995094299316,-1.2544057369232178,2.2888052463531494
RGM1,96,165,170,-,8.717,72,-0.36145198345184326,-0.15275713801383972,-0.20869484543800354
RGM1,97,7,12,+,8.717,51,-0.33131879568099976,0.0021383464336395264,-0.3334571421146393
RGM1,97,141,146,-,8.717,86,0.6077890992164612,-0.19454947113990784,0.802338570356369
RGM1,98,112,117,-,8.717,89,-0.31038615107536316,0.0905228853225708,-0.40090903639793396
RGM1,98,121,126,-,8.717,89,-0.590752899646759,-0.036992788314819336,-0.5537601113319397
RGM1,98,342,347,-,8.717,94,-0.6326897144317627,-0.2169782817363739,-0.4157114326953888
RGM1,98,404,409,-,8.717,95,-0.19331875443458557,1.3812843561172485,-1.574603110551834
RGM1,98,420,425,-,8.717,95,-0.44485151767730713,1.495179533958435,-1.9400310516357422
RGM1,99,20,25,+,8.717,63,-0.4942430555820465,-0.07892882823944092,-0.4153142273426056
RGM1,99,80,85,+,8.717,93,1.7230103015899658,0.05088973045349121,1.6721205711364746
RGM1,99,128,133,+,8.717,84,-0.41327813267707825,-0.07835924625396729,-0.33491888642311096
RGM1,99,415,420,-,8.717,100,0.07251833379268646,0.6968528032302856,-0.6243344694375992
RGM1,100,7,12,-,8.717,37,-0.00509113073348999,-0.24054154753684998,0.23545041680335999
RGM1,100,177,182,+,8.717,82,-0.13955411314964294,-0.10664570331573486,-0.03290840983390808
RGM1,100,299,304,-,8.717,90,-0.10178500413894653,0.5914558172225952,-0.6932408213615417
RGM1,100,328,333,+,8.717,73,-0.41892069578170776,-0.5506246089935303,0.1317039132118225
RGM1,100,337,342,+,8.717,70,-0.684908926486969,-0.2678636610507965,-0.4170452654361725
RGM1,101,1,6,+,8.717,45,-1.2932019233703613,0.11833307147026062,-1.411534994840622
RGM1,101,80,85,-,8.717,82,-1.191660761833191,-0.09586048126220703,-1.0958002805709839
RGM1,101,88,93,+,8.717,82,-0.8638345003128052,-0.21583548188209534,-0.6479990184307098
RGM1,101,423,428,-,8.717,98,-0.3662099540233612,-0.4681653380393982,0.10195538401603699
RGM1,102,86,91,-,8.717,82,-0.47077664732933044,-0.536697268486023,0.0659206211566925
RGM1,102,94,99,+,8.717,82,-0.6711471676826477,-0.47573739290237427,-0.19540977478027344
RGM1,102,173,178,-,8.717,74,-0.7104769945144653,1.0376559495925903,-1.7481329441070557
RGM1,102,217,222,-,8.717,75,0.7818044424057007,0.16175693273544312,0.6200475096702576
RGM1,102,237,242,+,8.717,76,0.5320151448249817,-0.6473610997200012,1.179376244544983
RGM1,102,478,483,+,8.717,67,0.5900610089302063,0.11789765954017639,0.4721633493900299
RGM1,103,149,154,-,8.717,67,0.05783700942993164,-0.1735558807849884,0.23139289021492004
RGM1,103,163,168,+,8.717,68,-0.12032480537891388,0.3729931116104126,-0.4933179169893265
RGM1,104,98,103,+,8.717,86,-0.06862655282020569,0.046269070357084274,-0.11489562317728996
RGM1,104,278,283,+,8.717,69,-0.19720986485481262,0.4239293038845062,-0.6211391687393188
RGM1,104,333,338,+,8.717,100,0.49986371397972107,-0.03257188946008682,0.5324356034398079
RGM1,104,419,424,-,8.717,100,-0.2339639514684677,1.0196446180343628,-1.2536085695028305
RGM1,105,134,139,+,8.717,78,0.3691003918647766,0.21785928308963776,0.15124110877513885
RGM1,105,432,437,-,8.717,85,0.31516700983047485,-0.042218565940856934,0.3573855757713318
RGM1,105,445,450,-,8.717,94,-0.4300104081630707,0.939530611038208,-1.3695410192012787
RGM1,106,35,40,+,8.717,69,-0.7457761764526367,0.3461158871650696,-1.0918920636177063
RGM1,106,47,52,+,8.717,77,-0.4640154242515564,-0.3544198274612427,-0.10959559679031372
RGM1,106,114,119,+,8.717,67,-0.15777483582496643,-0.36418282985687256,0.20640799403190613
RGM1,107,64,69,+,8.717,79,0.32831311225891113,-0.002898573875427246,0.3312116861343384
RGM1,107,111,116,+,8.717,81,0.09264624118804932,-0.28834235668182373,0.38098859786987305
RGM1,107,320,325,-,8.717,75,1.097437858581543,-0.29120227694511414,1.388640135526657
RGM1,107,335,340,+,8.717,82,0.2568818926811218,0.07823961973190308,0.17864227294921875
RGM1,107,417,422,-,8.717,95,2.243006706237793,0.5075832605361938,1.7354234457015991
RGM1,107,434,439,-,8.717,95,0.9087473154067993,0.008937180042266846,0.8998101353645325
RGM1,108,107,112,+,8.717,77,0.2315036654472351,-0.11901077628135681,0.3505144417285919
RGM1,108,125,130,+,8.717,83,0.11681246757507324,-0.1341092884540558,0.25092175602912903
RGM1,108,243,248,-,8.717,70,-0.5230876803398132,-0.3009042739868164,-0.22218340635299683
RGM1,108,253,258,+,8.717,67,0.104312464594841,-0.07488024234771729,0.1791927069425583
RGM1,108,258,263,+,8.717,62,-0.1360902190208435,-0.12173923850059509,-0.014350980520248413
RGM1,108,308,313,+,8.717,68,0.34036922454833984,0.11654292047023773,0.2238263040781021
RGM1,108,347,352,+,8.717,86,-0.8008041381835938,-0.4136675000190735,-0.38713663816452026
RGM1,108,420,425,-,8.717,75,-1.092765212059021,-0.7753137946128845,-0.3174514174461365
RGM1,108,469,474,-,8.717,51,0.13301467895507812,-1.1415451765060425,1.2745598554611206
RGM1,109,41,46,+,8.717,85,-0.7253745794296265,-0.6442897319793701,-0.08108484745025635
RGM1,109,145,150,+,8.717,89,0.0844600573182106,-0.7419835329055786,0.8264435902237892
RGM1,109,426,431,-,8.717,94,-0.48235368728637695,0.3983497619628906,-0.8807034492492676
RGM1,110,90,95,-,8.717,84,-0.2633518576622009,0.7065811157226562,-0.9699329733848572
RGM1,110,119,124,+,8.717,84,-0.12549376487731934,-0.039027854800224304,-0.08646591007709503
RGM1,110,188,193,-,8.717,87,-0.23739585280418396,0.5019311308860779,-0.7393269836902618
RGM1,111,11,16,+,8.717,61,-0.7425763010978699,-0.8185243606567383,0.07594805955886841
RGM1,111,97,102,-,8.717,79,-0.4292324483394623,0.5830807089805603,-1.0123131573200226
RGM1,111,135,140,-,8.717,46,2.8138086795806885,-0.15837305784225464,2.972181737422943
RGM1,111,229,234,+,8.717,62,0.8163443803787231,1.3940250873565674,-0.5776807069778442
RGM1,111,342,347,-,8.717,87,-0.29037874937057495,0.05229988694190979,-0.34267863631248474
RGM1,112,62,67,-,8.717,95,-0.05029904842376709,-0.4561365246772766,0.4058374762535095
RGM1,112,71,76,+,8.717,95,0.14446312189102173,-0.2381899654865265,0.3826530873775482
RGM1,112,251,256,+,8.717,75,-0.7587158679962158,0.6875794529914856,-1.4462953209877014
RGM1,112,289,294,-,8.717,80,-0.19882634282112122,0.6702224016189575,-0.8690487444400787
RGM1,112,296,301,-,8.717,77,0.4116370677947998,1.376846194267273,-0.9652091264724731
RGM1,112,324,329,-,8.717,82,0.9547383785247803,0.04085627943277359,0.9138820990920067
RGM1,112,393,398,+,8.717,91,-0.16551470756530762,-0.657522439956665,0.4920077323913574
RGM1,113,118,123,-,8.717,66,0.13964179158210754,-0.1540871262550354,0.29372891783714294
RGM1,113,270,275,+,8.717,88,0.12448570132255554,-0.38061463832855225,0.5051003396511078
RGM1,113,400,405,+,8.717,89,0.8491988778114319,-0.055970966815948486,0.9051698446273804
RGM1,113,415,420,-,8.717,81,-0.7527823448181152,0.5690569877624512,-1.3218393325805664
RGM1,113,491,496,-,8.717,40,-1.1616517305374146,-0.5168721079826355,-0.644779622554779
RGM1,114,100,105,-,8.717,88,-0.16849470138549805,0.04994243383407593,-0.21843713521957397
RGM1,114,126,131,+,8.717,88,-0.394845187664032,-0.19962462782859802,-0.19522055983543396
RGM1,114,288,293,+,8.717,57,0.2183849960565567,0.002776920795440674,0.21560807526111603
RGM1,114,359,364,-,8.717,78,-0.1473197638988495,0.5476354956626892,-0.6949552595615387
RGM1,115,151,156,+,8.717,83,-0.0990670919418335,0.10737709701061249,-0.20644418895244598
RGM1,115,235,240,+,8.717,78,-0.4129725694656372,0.2934170365333557,-0.7063896059989929
RGM1,115,258,263,+,8.717,86,-0.5035440921783447,-0.3748340606689453,-0.12871003150939941
RGM1,116,162,167,+,8.717,100,-0.36323702335357666,-0.5059354305267334,0.14269840717315674
RGM1,116,369,374,+,8.717,72,-0.33430215716362,-0.17225340008735657,-0.16204875707626343
RGM1,117,13,18,-,8.717,63,-0.38616278767585754,-0.6355090141296387,0.24934622645378113
RGM1,117,330,335,+,8.717,76,-0.0867571234703064,-0.10389380156993866,0.017136678099632263
RGM1,117,379,384,+,8.717,83,0.029605507850646973,0.1533215045928955,-0.12371599674224854
RGM1,117,401,406,+,8.717,88,-0.24197140336036682,-0.5545282363891602,0.31255683302879333
RGM1,118,231,236,+,8.717,60,-0.4598168432712555,-0.2695126533508301,-0.19030418992042542
RGM1,118,255,260,+,8.717,41,0.9032977819442749,0.34306254982948303,0.5602352321147919
RGM1,118,276,281,+,8.717,46,1.3543117046356201,0.16701531410217285,1.1872963905334473
RGM1,118,297,302,-,8.717,60,0.32130420207977295,-0.019074156880378723,0.3403783589601517
RGM1,118,306,311,+,8.717,69,1.016402006149292,0.05056719481945038,0.9658348113298416
RGM1,119,6,11,-,8.717,51,0.21514993906021118,-0.1904279589653015,0.4055778980255127
RGM1,119,42,47,-,8.717,87,0.03619697690010071,-0.3202992081642151,0.3564961850643158
RGM1,119,374,379,-,8.717,100,-0.029342204332351685,0.2662881016731262,-0.2956303060054779
RGM1,120,120,125,-,8.717,85,-0.24202024936676025,0.7682625651359558,-1.010282814502716
RGM1,120,190,195,+,8.717,97,-0.5345664620399475,-0.32881903648376465,-0.20574742555618286
RGM1,120,264,269,+,8.717,70,0.0979706346988678,0.7793176174163818,-0.681346982717514
RGM1,120,324,329,+,8.717,77,-0.48374032974243164,-0.21522179245948792,-0.2685185372829437
RGM1,120,355,360,-,8.717,93,-0.06511501222848892,0.28441110253334045,-0.3495261147618294
RGM1,120,409,414,+,8.717,88,-0.7730687856674194,0.3184102177619934,-1.0914790034294128
RGM1,120,431,436,-,8.717,86,0.15133190155029297,0.3076056241989136,-0.1562737226486206
RGM1,121,32,37,-,8.717,52,-0.5990836024284363,0.19890964031219482,-0.7979932427406311
RGM1,121,204,209,+,8.717,75,-0.35999882221221924,0.37137550115585327,-0.7313743233680725
RGM1,121,250,255,+,8.717,75,0.01530677080154419,0.10483267903327942,-0.08952590823173523
RGM1,121,321,326,+,8.717,73,-0.2592138648033142,-0.21429747343063354,-0.044916391372680664
RGM1,122,195,200,+,8.717,83,0.07320412993431091,0.06942597031593323,0.0037781596183776855
RGM1,122,356,361,-,8.717,87,0.21430720388889313,-0.5170627236366272,0.7313699275255203
RGM1,122,388,393,-,8.717,95,0.045121148228645325,-0.017104625701904297,0.06222577393054962
RGM1,123,81,86,+,8.717,73,1.1749510765075684,-0.017087388783693314,1.1920384652912617
RGM1,123,129,134,+,8.717,59,1.3044710159301758,-0.08628308773040771,1.3907541036605835
RGM1,124,79,84,+,8.717,91,-0.7710816860198975,-0.2616412341594696,-0.5094404518604279
RGM1,124,192,197,-,8.717,77,1.4028998613357544,0.4554413855075836,0.9474584758281708
RGM1,124,298,303,+,8.717,85,-0.0033855289220809937,-0.5447952747344971,0.5414097458124161
RGM1,124,445,450,-,8.717,92,0.8969836235046387,-0.4882561266422272,1.3852397501468658
RGM1,125,218,223,+,8.717,100,-0.4081166088581085,0.16044747829437256,-0.5685640871524811
RGM1,125,360,365,+,8.717,100,0.13468413054943085,0.8475986123085022,-0.7129144817590714
RGM1,125,445,450,-,8.717,100,-0.42411941289901733,-0.49046584963798523,0.0663464367389679
RGM1,126,131,136,+,8.717,84,-0.10121297836303711,-0.5975244641304016,0.4963114857673645
RGM1,126,247,252,+,8.717,59,1.364182710647583,-0.5860825777053833,1.9502652883529663
RGM1,127,134,139,-,8.717,94,0.22275352478027344,-0.3657994866371155,0.5885530114173889
RGM1,127,307,312,+,8.717,85,-0.35145044326782227,0.46379297971725464,-0.8152434229850769
RGM1,127,352,357,+,8.717,95,-0.04724875092506409,-0.4952565133571625,0.4480077624320984
RGM1,128,122,127,+,8.717,74,0.02917960286140442,-0.35476943850517273,0.38394904136657715
RGM1,128,143,148,+,8.717,70,-0.25942662358283997,0.7093055248260498,-0.9687321484088898
RGM1,128,189,194,+,8.717,87,-0.7634750604629517,1.002894639968872,-1.7663697004318237
RGM1,128,269,274,+,8.717,81,-0.818100094795227,-0.311603844165802,-0.506496250629425
RGM1,128,329,334,-,8.717,68,-0.397877037525177,0.5154174566268921,-0.9132944941520691
RGM1,128,374,379,+,8.717,87,0.26199477910995483,-0.08321329951286316,0.345208078622818
RGM1,129,7,12,-,8.717,47,-0.1222514808177948,0.9938977360725403,-1.116149216890335
RGM1,129,59,64,+,8.717,83,-0.553374707698822,-0.6653319001197815,0.11195719242095947
RGM1,129,124,129,+,8.717,93,-0.6096016764640808,-0.38107267022132874,-0.22852900624275208
RGM1,129,255,260,+,8.717,79,-0.2653110921382904,0.4981369078159332,-0.7634479999542236
RGM1,129,444,449,-,8.717,100,-0.14379343390464783,-0.08194977045059204,-0.061843663454055786
RGM1,130,81,86,+,8.717,84,-0.011448502540588379,0.39506450295448303,-0.4065130054950714
RGM1,130,136,141,+,8.717,74,-0.38145968317985535,0.6966687440872192,-1.0781284272670746
RGM1,130,216,221,+,8.717,85,0.01270308718085289,-0.26118138432502747,0.27388447150588036
RGM1,130,229,234,+,8.717,85,-0.7070114612579346,-0.5426650047302246,-0.16434645652770996
RGM1,130,266,271,-,8.717,72,0.47790443897247314,0.09012874960899353,0.3877756893634796
RGM1,130,322,327,-,8.717,82,0.7986947894096375,1.7295174598693848,-0.9308226704597473
RGM1,130,342,347,-,8.717,82,0.49355068802833557,1.5899540185928345,-1.096403330564499
RGM1,130,399,404,+,8.717,80,-0.1465064436197281,-0.20283490419387817,0.056328460574150085
RGM1,131,54,59,+,8.717,100,0.304833322763443,0.5168606042861938,-0.21202728152275085
RGM1,132,237,242,+,8.717,82,-0.6306828856468201,0.08793774247169495,-0.718620628118515
RGM1,132,242,247,+,8.717,85,-0.6955339312553406,0.22894418239593506,-0.9244781136512756
RGM1,132,253,258,+,8.717,77,-0.8107150793075562,0.4770165681838989,-1.287731647491455
RGM1,132,274,279,+,8.717,67,1.182838797569275,-0.5241551995277405,1.7069939970970154
RGM1,132,312,317,+,8.717,71,3.158639669418335,0.6179249286651611,2.540714740753174
RGM1,132,349,354,+,8.717,76,-0.24213741719722748,-0.18741291761398315,-0.054724499583244324
RGM1,132,410,415,-,8.717,90,0.23573775589466095,-0.08311563730239868,0.31885339319705963
RGM1,133,2,7,-,8.717,52,0.02024543285369873,-0.3873603940010071,0.4076058268547058
RGM1,133,159,164,+,8.717,66,-0.7915588617324829,0.08532007038593292,-0.8768789321184158
RGM1,133,232,237,-,8.717,90,-0.8232319951057434,0.24602830410003662,-1.06926029920578
RGM1,133,395,400,-,8.717,100,-0.2110920399427414,-0.2934853732585907,0.0823933333158493
RGM1,133,483,488,-,8.717,62,-0.6975444555282593,-0.08635729551315308,-0.6111871600151062
RGM1,134,216,221,+,8.717,83,-0.7595369815826416,0.1399921476840973,-0.8995291292667389
RGM1,134,251,256,+,8.717,73,-0.4241372346878052,-0.4188128709793091,-0.005324363708496094
RGM1,134,277,282,+,8.717,72,-0.24721898138523102,0.43076449632644653,-0.6779834777116776
RGM1,134,295,300,+,8.717,72,-0.030584990978240967,-0.46822720766067505,0.4376422166824341
RGM1,135,14,19,+,8.717,56,0.06271138787269592,-0.18151161074638367,0.2442229986190796
RGM1,135,142,147,-,8.717,74,-0.22801372408866882,0.41997215151786804,-0.6479858756065369
RGM1,135,248,253,+,8.717,88,-0.18526920676231384,-1.1890366077423096,1.0037674009799957
RGM1,135,401,406,+,8.717,94,0.5800206661224365,0.03958922624588013,0.5404314398765564
RGM1,135,492,497,-,8.717,44,-0.7448854446411133,-0.04447084665298462,-0.7004145979881287
RGM1,136,176,181,+,8.717,40,-0.24100041389465332,0.054063111543655396,-0.2950635254383087
RGM1,136,346,351,+,8.717,62,-0.5960241556167603,-0.6185428500175476,0.022518694400787354
RGM1,136,443,448,-,8.717,72,-0.8325252532958984,-0.36453568935394287,-0.46798956394195557
RGM1,137,131,136,+,8.717,94,-0.24432101845741272,0.023981362581253052,-0.26830238103866577
RGM1,137,199,204,-,8.717,84,-0.7855166792869568,0.022084474563598633,-0.8076011538505554
RGM1,138,180,185,+,8.717,76,-0.11976200342178345,0.596383810043335,-0.7161458134651184
RGM1,139,273,278,+,8.717,80,-0.44877374172210693,-0.607195258140564,0.15842151641845703
RGM1,141,142,147,-,8.717,77,-0.1660432517528534,-0.8279837965965271,0.6619405448436737
RGM1,142,52,57,-,8.717,82,-0.7704460620880127,-0.17784982919692993,-0.5925962328910828
RGM1,142,169,174,-,8.717,89,1.4406362771987915,0.3039562404155731,1.1366800367832184
RGM1,142,299,304,-,8.717,86,-0.5463865995407104,-0.5099483132362366,-0.03643828630447388
RGM1,142,424,429,+,8.717,85,-0.011686325073242188,-0.4084661900997162,0.396779865026474
RGM1,143,86,91,-,8.717,100,-0.7468414902687073,-0.9644346237182617,0.21759313344955444
RGM1,143,153,158,+,8.717,72,-0.06565861403942108,-0.04958507418632507,-0.01607353985309601
RGM1,143,162,167,-,8.717,66,0.008145079016685486,-0.3961579203605652,0.40430299937725067
RGM1,143,301,306,+,8.717,94,-0.392957478761673,-0.001028597354888916,-0.39192888140678406
RGM1,143,418,423,+,8.717,79,0.01233944296836853,0.2632097005844116,-0.2508702576160431
RGM1,144,23,28,-,8.717,73,-0.08098530769348145,0.2812604010105133,-0.36224570870399475
RGM1,144,123,128,+,8.717,76,0.13271157443523407,-0.18603968620300293,0.318751260638237
RGM1,144,129,134,+,8.717,76,0.2719267010688782,0.0812847912311554,0.19064190983772278
RGM1,144,166,171,-,8.717,76,-0.11227050423622131,-0.20703238248825073,0.09476187825202942
RGM1,144,253,258,+,8.717,88,1.3168965578079224,0.23485180735588074,1.0820447504520416
RGM1,145,78,83,+,8.717,93,0.4696890711784363,-0.1756555438041687,0.645344614982605
RGM1,145,84,89,+,8.717,89,1.6587413549423218,0.44098883867263794,1.2177525162696838
RGM1,145,132,137,-,8.717,93,0.5312365293502808,-0.49169081449508667,1.0229273438453674
RGM1,145,238,243,-,8.717,91,-0.39650842547416687,-0.14955371618270874,-0.24695470929145813
RGM1,145,424,429,-,8.717,70,0.09504204988479614,-0.08769925683736801,0.18274130672216415
RGM1,145,429,434,-,8.717,75,-1.0237774848937988,-0.11687725782394409,-0.9069002270698547
RGM1,147,53,58,+,8.717,77,-0.3855263590812683,-0.4075204133987427,0.021994054317474365
RGM1,147,174,179,+,8.717,91,1.3986071348190308,0.37908121943473816,1.0195259153842926
RGM1,147,205,210,+,8.717,91,0.2551878094673157,-0.4704411029815674,0.7256289124488831
RGM1,147,284,289,-,8.717,79,2.4970247745513916,0.023918867111206055,2.4731059074401855
RGM1,147,407,412,-,8.717,87,0.05407381057739258,-0.07458764314651489,0.12866145372390747
RGM1,148,157,162,-,8.717,89,-0.17956644296646118,-0.5216077566146851,0.3420413136482239
RGM1,148,301,306,+,8.717,78,-0.4614473879337311,-0.20988169312477112,-0.25156569480895996
RGM1,148,369,374,+,8.717,82,-0.028236597776412964,-0.24462592601776123,0.21638932824134827
RGM1,148,382,387,+,8.717,82,-0.18245071172714233,-0.13501080870628357,-0.047439903020858765
RGM1,148,411,416,-,8.717,62,0.20096760988235474,0.03153163194656372,0.16943597793579102
RGM1,148,479,484,+,8.717,38,0.1286746859550476,0.12480047345161438,0.0038742125034332275
RGM1,149,14,19,+,8.717,52,1.312362551689148,-0.07795943319797516,1.390321984887123
RGM1,149,20,25,+,8.717,54,2.2503535747528076,-0.01570381224155426,2.266057386994362
RGM1,149,42,47,-,8.717,74,0.32052791118621826,-0.1972065269947052,0.5177344381809235
RGM1,149,68,73,+,8.717,82,-0.07885988056659698,-0.22182849049568176,0.14296860992908478
RGM1,149,161,166,-,8.717,96,0.04225832596421242,-0.16590616106987,0.2081644870340824
RGM1,149,212,217,-,8.717,81,1.526847243309021,0.4703844487667084,1.0564627945423126
RGM1,149,217,222,+,8.717,85,0.4134264886379242,1.659071683883667,-1.2456451952457428
RGM1,149,330,335,+,8.717,95,0.2661861181259155,-0.33056405186653137,0.5967501699924469
RGM1,150,19,24,-,8.717,69,-0.043895870447158813,-0.05709713697433472,0.013201266527175903
RGM1,150,132,137,-,8.717,85,-0.6430114507675171,0.28066563606262207,-0.9236770868301392
RGM1,150,137,142,+,8.717,81,-0.4477911591529846,-0.4754315912723541,0.027640432119369507
RGM1,150,188,193,+,8.717,96,0.877467155456543,-0.6533663868904114,1.5308335423469543
RGM1,150,281,286,-,8.717,82,-0.537356972694397,-0.3054373860359192,-0.23191958665847778
RGM1,150,307,312,+,8.717,76,0.9345808625221252,-0.715352475643158,1.6499333381652832
RGM1,150,329,334,-,8.717,73,2.6302971839904785,0.9131303429603577,1.7171668410301208
RGM1,150,335,340,-,8.717,77,1.7899558544158936,-0.16234898567199707,1.9523048400878906
RGM1,150,356,361,-,8.717,70,0.44436487555503845,0.8604066371917725,-0.416041761636734
RGM1,150,455,460,+,8.717,63,-0.46382004022598267,0.07507751882076263,-0.5388975590467453
RGM1,151,305,310,+,8.717,90,1.7533451318740845,-0.4368119239807129,2.1901570558547974
RGM1,151,334,339,-,8.717,90,-0.34675464034080505,-0.5816588997840881,0.23490425944328308
RGM1,152,58,63,-,8.717,86,-0.09330421686172485,-0.2933989465236664,0.20009472966194153
RGM1,152,158,163,-,8.717,95,0.1072339415550232,-0.5193741321563721,0.6266080737113953
RGM1,152,348,353,+,8.717,90,-0.4528777599334717,-1.047341227531433,0.5944634675979614
RGM1,152,377,382,-,8.717,90,1.7441977262496948,-0.5015704035758972,2.245768129825592
RGM1,153,137,142,-,8.717,83,-0.06666940450668335,-0.27028173208236694,0.2036123275756836
RGM1,153,146,151,+,8.717,83,-0.0761462152004242,-0.35367152094841003,0.27752530574798584
RGM1,153,182,187,+,8.717,83,-0.439214289188385,0.3947718143463135,-0.8339861035346985
RGM1,153,357,362,-,8.717,90,-0.3809249997138977,0.04131197929382324,-0.42223697900772095
RGM1,154,167,172,+,8.717,88,0.45286232233047485,0.4451376795768738,0.007724642753601074
RGM1,154,192,197,-,8.717,88,-0.2717924118041992,-0.3061405122280121,0.034348100423812866
RGM1,154,387,392,+,8.717,93,0.03669048100709915,-0.17888087034225464,0.2155713513493538
RGM1,155,122,127,+,8.717,88,-0.21282194554805756,0.3529086410999298,-0.5657305866479874
RGM1,155,140,145,+,8.717,79,-0.3467465937137604,-0.37165287137031555,0.024906277656555176
RGM1,155,147,152,+,8.717,74,-0.17330434918403625,0.24412891268730164,-0.4174332618713379
RGM1,155,197,202,+,8.717,81,-0.49274033308029175,-0.600325345993042,0.10758501291275024
RGM1,155,234,239,-,8.717,89,-0.4297357201576233,-0.10490265488624573,-0.32483306527137756
RGM1,155,326,331,-,8.717,83,-0.49794232845306396,0.9872509837150574,-1.4851933121681213
RGM1,156,103,108,-,8.717,100,-0.3327799439430237,0.023311149328947067,-0.35609109327197075
RGM1,156,211,216,-,8.717,87,-0.30968761444091797,0.3581015169620514,-0.6677891314029694
RGM1,156,336,341,+,8.717,90,1.0243347883224487,0.2920961081981659,0.7322386801242828
RGM1,156,455,460,-,8.717,84,-0.2141607105731964,-0.4723045825958252,0.2581438720226288
RGM1,157,315,320,+,8.717,82,2.5015480518341064,-0.29041382670402527,2.7919618785381317
RGM1,157,404,409,+,8.717,96,-0.9801791906356812,0.06581070274114609,-1.0459898933768272
RGM1,158,24,29,-,8.717,74,1.717207670211792,-0.6366725564002991,2.353880226612091
RGM1,159,197,202,-,8.717,80,-0.37018468976020813,-0.17140313982963562,-0.1987815499305725
RGM1,159,222,227,+,8.717,83,0.4139525294303894,-0.06252682209014893,0.47647935152053833
RGM1,159,402,407,-,8.717,84,-0.877640962600708,-0.47189444303512573,-0.4057465195655823
RGM1,161,336,341,+,8.717,78,-0.12041038274765015,0.025082528591156006,-0.14549291133880615
RGM1,162,426,431,-,8.717,78,-0.24249672889709473,-0.039328545331954956,-0.20316818356513977
RGM1,163,153,158,-,8.717,83,0.0232657790184021,-0.2265554815530777,0.2498212605714798
RGM1,163,270,275,-,8.717,91,0.2923740744590759,-0.2797382175922394,0.5721122920513153
RGM1,165,280,285,+,8.717,83,-0.16057807207107544,0.10526395589113235,-0.2658420279622078
RGM1,165,332,337,+,8.717,69,0.21758824586868286,0.15373609960079193,0.06385214626789093
RGM1,165,451,456,-,8.717,94,0.29132750630378723,0.9679263830184937,-0.6765988767147064
RGM1,166,180,185,+,8.717,93,0.1956038475036621,-0.38526567816734314,0.5808695256710052
RGM1,166,299,304,-,8.717,69,-0.44115525484085083,-0.3150818645954132,-0.12607339024543762
RGM1,166,351,356,-,8.717,83,-0.6962919235229492,-0.2646290063858032,-0.431662917137146
RGM1,167,34,39,-,8.717,54,-0.3159511089324951,0.06050035357475281,-0.3764514625072479
RGM1,167,62,67,+,8.717,66,-0.29899120330810547,-0.7568116188049316,0.45782041549682617
RGM1,167,200,205,-,8.717,100,0.17303530871868134,0.10118845105171204,0.0718468576669693
RGM1,168,0,5,+,8.717,33,-0.25487056374549866,-0.14520633220672607,-0.10966423153877258
RGM1,168,318,323,-,8.717,84,0.6437504887580872,-0.281522661447525,0.9252731502056122
RGM1,169,63,68,+,8.717,93,0.27183207869529724,0.2574384808540344,0.014393597841262817
RGM1,169,105,110,+,8.717,95,1.9052494764328003,0.8668051958084106,1.0384442806243896
RGM1,169,216,221,+,8.717,72,-0.3609243929386139,-0.2080194503068924,-0.1529049426317215
RGM1,169,229,234,+,8.717,74,1.5689345598220825,-0.9995559453964233,2.568490505218506
RGM1,169,234,239,+,8.717,79,2.208040475845337,-0.21854658424854279,2.4265870600938797
RGM1,169,247,252,+,8.717,75,-0.8214053511619568,-0.5674536824226379,-0.25395166873931885
RGM1,169,364,369,+,8.717,100,1.0234184265136719,1.0972161293029785,-0.07379770278930664
RGM1,170,147,152,-,8.717,77,-0.7532872557640076,-0.21451961994171143,-0.5387676358222961
RGM1,170,248,253,+,8.717,57,-0.6117113828659058,-0.2409375011920929,-0.37077388167381287
RGM1,170,257,262,+,8.717,48,1.252549648284912,-0.25432324409484863,1.5068728923797607
RGM1,170,263,268,+,8.717,47,1.1098781824111938,0.23640477657318115,0.8734734058380127
RGM1,170,268,273,+,8.717,47,1.513838291168213,0.465445339679718,1.0483929514884949
RGM1,170,294,299,+,8.717,54,-0.7175581455230713,-0.2257903516292572,-0.4917677938938141
RGM1,170,303,308,+,8.717,63,-0.5997447967529297,-0.1214907318353653,-0.4782540649175644
RGM1,170,308,313,+,8.717,64,-0.5329741835594177,0.05153404176235199,-0.5845082253217697
RGM1,171,22,27,+,8.717,62,-0.10337591171264648,0.368925005197525,-0.4723009169101715
RGM1,171,106,111,+,8.717,100,0.5168519020080566,-0.17328554391860962,0.6901374459266663
RGM1,171,240,245,+,8.717,79,-0.24854879081249237,-0.5325088500976562,0.2839600592851639
RGM1,171,270,275,+,8.717,79,-0.007401309907436371,0.2041449248790741,-0.21154623478651047
RGM1,171,292,297,+,8.717,76,1.2311593294143677,0.10168039798736572,1.129478931427002
RGM1,171,338,343,+,8.717,85,0.26167160272598267,-0.5302258133888245,0.7918974161148071
RGM1,171,354,359,+,8.717,75,-0.35848698019981384,-0.42506036162376404,0.0665733814239502
RGM1,172,108,113,-,8.717,100,-0.11595213413238525,-0.011381357908248901,-0.10457077622413635
RGM1,172,379,384,-,8.717,73,-0.9926834106445312,0.19993992149829865,-1.19262333214283
RGM1,172,384,389,-,8.717,75,-0.247303307056427,0.35456788539886475,-0.6018711924552917
RGM1,173,19,24,+,8.717,56,-0.27704739570617676,0.06775164604187012,-0.3447990417480469
RGM1,173,40,45,+,8.717,70,-0.07510016858577728,0.024663805961608887,-0.09976397454738617
RGM1,173,81,86,-,8.717,80,0.18865816295146942,0.13883870840072632,0.0498194545507431
RGM1,173,326,331,-,8.717,100,-0.22329379618167877,-0.018630459904670715,-0.20466333627700806
RGM1,174,67,72,+,8.717,100,0.20772962272167206,-0.46208709478378296,0.669816717505455
RGM1,174,312,317,+,8.717,80,-0.8316687345504761,-1.0782538652420044,0.24658513069152832
RGM1,174,353,358,-,8.717,80,-1.2196705341339111,-0.4083729684352875,-0.8112975656986237
RGM1,174,374,379,-,8.717,87,-0.7244023680686951,-0.4447469115257263,-0.27965545654296875
RGM1,175,155,160,+,8.717,74,-0.03730860352516174,-0.017237959429621696,-0.020070644095540047
RGM1,175,277,282,-,8.717,48,-0.6610148549079895,-0.622461199760437,-0.03855365514755249
RGM1,175,300,305,-,8.717,48,1.320859670639038,0.3971153497695923,0.9237443208694458
RGM1,175,331,336,-,8.717,55,0.10465356707572937,-0.3465120196342468,0.4511655867099762
RGM1,175,339,344,+,8.717,60,-0.332161545753479,-0.2328171283006668,-0.0993444174528122
RGM1,175,454,459,-,8.717,65,-0.3734206557273865,-0.07796084880828857,-0.2954598069190979
RGM1,176,166,171,+,8.717,74,0.12726576626300812,-0.21824470162391663,0.34551046788692474
RGM1,176,281,286,-,8.717,60,-0.13576604425907135,0.2572147250175476,-0.39298076927661896
RGM1,176,289,294,+,8.717,55,-0.6312559843063354,0.4233298897743225,-1.054585874080658
RGM1,176,320,325,+,8.717,48,0.8500199317932129,-0.321773499250412,1.1717934310436249
RGM1,176,343,348,+,8.717,48,-0.5936110019683838,0.03687813878059387,-0.6304891407489777
RGM1,176,465,470,-,8.717,54,-0.4209796190261841,-0.4102061986923218,-0.010773420333862305
RGM1,177,150,155,+,8.717,91,-0.7236340045928955,-0.7130166292190552,-0.010617375373840332
RGM1,177,282,287,+,8.717,92,-0.5975069403648376,0.45149141550064087,-1.0489983558654785
RGM1,178,37,42,+,8.717,87,0.3286755681037903,-0.0600239634513855,0.3886995315551758
RGM1,178,118,123,+,8.717,85,-0.07778256386518478,-0.3225317597389221,0.24474919587373734
RGM1,178,136,141,+,8.717,85,-0.08595001697540283,-0.6810683608055115,0.5951183438301086
RGM1,178,208,213,+,8.717,100,-0.23626108467578888,-0.7195641994476318,0.48330311477184296
RGM1,178,354,359,+,8.717,86,-0.3508373200893402,-0.32814547419548035,-0.022691845893859863
RGM1,178,444,449,+,8.717,100,0.2294018566608429,-0.2660585939884186,0.4954604506492615
RGM1,179,474,479,-,8.717,59,0.12541846930980682,-0.03576359152793884,0.16118206083774567
RGM1,180,143,148,+,8.717,30,-0.4415234327316284,-0.14415867626667023,-0.2973647564649582
RGM1,180,162,167,-,8.717,44,0.16664692759513855,-0.32879838347435,0.4954453110694885
RGM1,180,196,201,+,8.717,49,-1.023843765258789,-0.21619537472724915,-0.8076483905315399
RGM1,180,231,236,+,8.717,76,-0.5295366048812866,0.32838982343673706,-0.8579264283180237
RGM1,180,309,314,+,8.717,87,1.283921480178833,0.08031156659126282,1.2036099135875702
RGM1,180,375,380,-,8.717,95,0.08447128534317017,-0.2524074912071228,0.33687877655029297
RGM1,180,389,394,+,8.717,95,-0.1374206393957138,-0.2605072259902954,0.1230865865945816
RGM1,181,351,356,-,8.717,100,1.2274246215820312,0.18818369507789612,1.0392409265041351
RGM1,181,488,493,+,8.717,36,-0.05999960005283356,-0.13289451599121094,0.07289491593837738
RGM1,182,39,44,-,8.717,79,-0.132123202085495,-0.234203040599823,0.102079838514328
RGM1,182,68,73,-,8.717,92,-0.13037222623825073,-0.3051086664199829,0.17473644018173218
RGM1,182,212,217,-,8.717,78,-0.09593325853347778,0.10577916353940964,-0.20171242207288742
RGM1,182,349,354,+,8.717,100,2.221581220626831,0.3331019878387451,1.888479232788086
RGM1,183,5,10,+,8.717,55,-0.04453960061073303,-0.43943578004837036,0.39489617943763733
RGM1,183,171,176,+,8.717,94,-0.27048900723457336,0.7069117426872253,-0.9774007499217987
RGM1,183,403,408,-,8.717,100,-0.29837384819984436,1.3952479362487793,-1.6936217844486237
RGM1,184,237,242,+,8.717,95,0.008923284709453583,-0.7037798166275024,0.712703101336956
RGM1,184,469,474,-,8.717,70,-0.10617373883724213,-0.1894782930612564,0.08330455422401428
RGM1,185,105,110,-,8.717,80,0.6814233660697937,-1.000672698020935,1.6820960640907288
RGM1,185,118,123,-,8.717,80,-0.4732019901275635,-0.39438772201538086,-0.07881426811218262
RGM1,185,127,132,-,8.717,80,0.6840041875839233,-0.0866549089550972,0.7706590965390205
RGM1,185,136,141,-,8.717,77,-0.05847150459885597,0.060638561844825745,-0.11911006644368172
RGM1,185,188,193,-,8.717,97,-0.040211424231529236,-0.17800605297088623,0.137794628739357
RGM1,185,302,307,+,8.717,88,-0.062070779502391815,0.21511241793632507,-0.2771831974387169
RGM1,185,321,326,-,8.717,79,-0.2814076542854309,0.08873826265335083,-0.37014591693878174
RGM1,185,355,360,+,8.717,72,0.11100476235151291,0.08310627937316895,0.027898482978343964
RGM1,186,77,82,+,8.717,97,-0.14526283740997314,-0.29902660846710205,0.1537637710571289
RGM1,186,129,134,+,8.717,77,0.45500853657722473,0.358842670917511,0.09616586565971375
RGM1,186,138,143,+,8.717,80,1.7312836647033691,-0.01903611421585083,1.75031977891922
RGM1,186,147,152,+,8.717,80,-0.49643248319625854,0.1784675270318985,-0.674900010228157
RGM1,186,160,165,+,8.717,80,0.5186372399330139,-0.32879048585891724,0.8474277257919312
RGM1,186,272,277,+,8.717,100,-0.3386947512626648,-0.12112553417682648,-0.21756921708583832
RGM1,187,35,40,-,8.717,77,-0.26590222120285034,-0.7454776167869568,0.47957539558410645
RGM1,187,89,94,-,8.717,92,0.3648362457752228,-0.7154640555381775,1.0803003013134003
RGM1,187,287,292,+,8.717,84,1.7662854194641113,0.18263670802116394,1.5836487114429474
RGM1,187,358,363,-,8.717,75,-0.04839883744716644,0.5802682638168335,-0.6286671012639999
RGM1,187,378,383,-,8.717,75,0.10162524878978729,-0.02033369243144989,0.12195894122123718
RGM1,187,444,449,-,8.717,100,-0.42892807722091675,-0.575893759727478,0.14696568250656128
RGM1,188,235,240,+,8.717,93,1.1851404905319214,-1.0069061517715454,2.192046642303467
RGM1,188,382,387,-,8.717,59,0.298974871635437,-0.057309746742248535,0.35628461837768555
RGM1,188,404,409,+,8.717,69,0.23674693703651428,1.1879897117614746,-0.9512427747249603
RGM1,188,431,436,-,8.717,69,-0.7059236764907837,0.670496940612793,-1.3764206171035767
RGM1,189,288,293,-,8.717,80,-0.6056855320930481,-0.6108568906784058,0.005171358585357666
RGM1,190,314,319,-,8.717,83,-1.1129885911941528,0.11436405777931213,-1.227352648973465
RGM1,190,320,325,+,8.717,83,-1.1967425346374512,0.06768813729286194,-1.264430671930313
RGM1,190,337,342,-,8.717,83,-0.4925292432308197,0.8542225360870361,-1.3467517793178558
RGM1,190,347,352,-,8.717,83,-0.4091148376464844,-0.22997711598873138,-0.179137721657753
RGM1,191,12,17,+,8.717,47,-0.00894838571548462,0.4417385458946228,-0.4506869316101074
RGM1,191,240,245,+,8.717,95,-0.10667422413825989,-0.10468506813049316,-0.0019891560077667236
RGM1,191,260,265,+,8.717,90,0.12825429439544678,-0.14770126342773438,0.27595555782318115
RGM1,191,301,306,-,8.717,89,0.925163984298706,0.31639885902404785,0.6087651252746582
RGM1,192,45,50,+,8.717,62,0.01926565170288086,-0.4230501055717468,0.4423157572746277
RGM1,192,242,247,-,8.717,60,-0.9804785847663879,-0.2308332473039627,-0.7496453374624252
RGM1,192,259,264,-,8.717,60,0.19074444472789764,-0.3051394820213318,0.49588392674922943
RGM1,192,270,275,-,8.717,71,0.19815917313098907,-0.2349846065044403,0.4331437796354294
RGM1,193,147,152,+,8.717,82,0.6497583389282227,-0.2984413504600525,0.9481996893882751
RGM1,193,161,166,+,8.717,85,0.777794599533081,0.17625267803668976,0.6015419214963913
RGM1,193,196,201,+,8.717,84,0.6137619614601135,-0.1515359878540039,0.7652979493141174
RGM1,193,344,349,-,8.717,94,1.711002230644226,0.0010781586170196533,1.7099240720272064
RGM1,193,350,355,-,8.717,94,0.8440992832183838,-0.03087294101715088,0.8749722242355347
RGM1,194,146,151,-,8.717,49,-0.04622375965118408,0.5523746609687805,-0.5985984206199646
RGM1,194,319,324,-,8.717,84,0.6474119424819946,-0.757969856262207,1.4053817987442017
RGM1,194,337,342,-,8.717,74,1.1865015029907227,0.12318623065948486,1.0633152723312378
RGM1,194,347,352,-,8.717,70,-0.4204084873199463,1.5596963167190552,-1.9801048040390015
RGM1,196,255,260,+,8.717,78,2.3309524059295654,-0.3835937976837158,2.7145462036132812
RGM1,196,265,270,+,8.717,69,2.2416601181030273,0.19310027360916138,2.048559844493866
RGM1,196,416,421,-,8.717,78,-0.6183573603630066,0.0026779770851135254,-0.6210353374481201
RGM1,196,426,431,-,8.717,78,-0.6128810048103333,0.7413290739059448,-1.354210078716278
RGM1,196,443,448,-,8.717,90,-0.3140382468700409,-0.08921605348587036,-0.22482219338417053
RGM1,197,148,153,+,8.717,90,-0.22688335180282593,0.5637181401252747,-0.7906014919281006
RGM1,197,165,170,+,8.717,78,-0.4335216283798218,0.34366872906684875,-0.7771903574466705
RGM1,197,175,180,+,8.717,78,-0.6543184518814087,-0.3208276331424713,-0.3334908187389374
RGM1,197,326,331,-,8.717,69,2.678147554397583,-0.2321617305278778,2.910309284925461
RGM1,197,336,341,-,8.717,78,1.370340347290039,-0.09258800745010376,1.4629283547401428
RGM1,198,48,53,-,8.717,93,-0.25955596566200256,-0.28292226791381836,0.023366302251815796
RGM1,198,67,72,-,8.717,90,0.08289408683776855,-0.0870995819568634,0.16999366879463196
RGM1,198,108,113,+,8.717,72,0.026460915803909302,0.07260643690824509,-0.046145521104335785
RGM1,198,343,348,-,8.717,84,-0.577932596206665,-0.29605287313461304,-0.281879723072052
RGM1,198,370,375,+,8.717,84,-0.26010850071907043,-0.35874396562576294,0.0986354649066925
RGM1,199,103,108,-,8.717,72,-0.0654536709189415,-0.2922418713569641,0.2267882004380226
RGM1,199,144,149,+,8.717,90,-0.3084588944911957,-0.059227824211120605,-0.24923107028007507
RGM1,199,163,168,+,8.717,88,-0.32311466336250305,-0.0005881786346435547,-0.3225264847278595
RGM1,199,353,358,+,8.717,95,-0.3674333989620209,-0.1615588366985321,-0.20587456226348877
RGM1,199,366,371,+,8.717,95,0.6835272312164307,-0.2760937213897705,0.9596209526062012
RGM1,200,215,220,+,8.717,84,0.5212298631668091,-0.06235857680439949,0.5835884399712086
RGM1,200,399,404,+,8.717,94,-0.36296889185905457,-0.19276653230190277,-0.1702023595571518
RGM1,201,10,15,+,8.717,54,0.3986918032169342,-0.8565927743911743,1.2552845776081085
RGM1,201,107,112,-,8.717,87,-0.3839794099330902,-0.07705453038215637,-0.30692487955093384
RGM1,201,135,140,-,8.717,87,-0.19075576961040497,0.7080615758895874,-0.8988173454999924
RGM1,201,240,245,+,8.717,82,-0.1347140222787857,-0.8851984739303589,0.7504844516515732
RGM1,201,335,340,+,8.717,91,-0.4555946886539459,0.12167879939079285,-0.5772734880447388
RGM1,201,463,468,+,8.717,73,0.057710811495780945,-0.23988677561283112,0.29759758710861206
RGM1,202,109,114,-,8.717,94,-0.336946964263916,-0.01715695858001709,-0.3197900056838989
RGM1,202,293,298,-,8.717,84,0.6824581623077393,-0.11716926097869873,0.799627423286438
RGM1,203,151,156,-,8.717,92,-0.23732560873031616,-0.1960364133119583,-0.04128919541835785
RGM1,203,355,360,+,8.717,94,0.7649247646331787,-0.8295583724975586,1.5944831371307373
RGM1,203,361,366,+,8.717,94,0.6072946786880493,-0.25051772594451904,0.8578124046325684
RGM1,203,491,496,-,8.717,46,0.2352847456932068,0.3126581311225891,-0.07737338542938232
RGM1,204,257,262,+,8.717,80,-0.1863919198513031,0.09258303046226501,-0.2789749503135681
RGM1,205,387,392,-,8.717,80,-0.35735130310058594,0.11139008402824402,-0.46874138712882996
RGM1,206,268,273,+,8.717,54,0.10190922021865845,1.8427679538726807,-1.7408587336540222
RGM1,206,289,294,-,8.717,53,-0.8559874296188354,-0.26376500725746155,-0.5922224223613739
RGM1,206,294,299,-,8.717,48,-0.538480281829834,0.026092618703842163,-0.5645729005336761
RGM1,206,299,304,-,8.717,46,-0.20613056421279907,-0.1262156367301941,-0.07991492748260498
RGM1,207,359,364,+,8.717,92,-0.48680517077445984,-0.6284742951393127,0.1416691243648529
RGM1,208,76,81,-,8.717,85,-0.15336266160011292,0.25888311862945557,-0.4122457802295685
RGM1,208,288,293,+,8.717,80,-0.2782558798789978,0.3416250944137573,-0.6198809742927551
RGM1,208,387,392,-,8.717,92,0.42888781428337097,0.3143925070762634,0.11449530720710754
RGM1,209,109,114,-,8.717,91,0.10682910680770874,0.19356206059455872,-0.08673295378684998
RGM1,209,319,324,+,8.717,92,-0.46689215302467346,0.17161250114440918,-0.6385046541690826
RGM1,209,418,423,-,8.717,80,0.23301419615745544,0.4622341990470886,-0.22922000288963318
RGM1,210,291,296,-,8.717,63,0.14389276504516602,0.9490268230438232,-0.8051340579986572
RGM1,210,325,330,+,8.717,50,0.8555259108543396,-0.9008935689926147,1.7564194798469543
RGM1,210,342,347,-,8.717,45,-0.39348602294921875,-0.4914570152759552,0.09797099232673645
RGM1,211,0,5,-,8.717,50,-0.6504132747650146,-0.17602548003196716,-0.4743877947330475
RGM1,211,58,63,+,8.717,100,-0.41029608249664307,0.3147832751274109,-0.725079357624054
RGM1,211,136,141,+,8.717,95,-0.509225070476532,0.25039857625961304,-0.759623646736145
RGM1,211,162,167,-,8.717,95,-0.24749323725700378,0.3658786118030548,-0.6133718490600586
RGM1,211,258,263,+,8.717,85,-1.0218782424926758,-0.19163154065608978,-0.830246701836586
RGM1,211,283,288,-,8.717,80,2.5536301136016846,-0.16924306750297546,2.72287318110466
RGM1,211,322,327,-,8.717,87,0.1015145480632782,-0.25355809926986694,0.35507264733314514
RGM1,211,443,448,-,8.717,100,-0.2915368974208832,-0.4823950529098511,0.1908581554889679
RGM1,212,174,179,+,8.717,84,0.09014442563056946,-0.7243021726608276,0.8144465982913971
RGM1,213,58,63,+,8.717,57,0.13495126366615295,-0.16605231165885925,0.3010035753250122
RGM1,213,143,148,+,8.717,89,0.2894206643104553,-0.21385622024536133,0.5032768845558167
RGM1,213,187,192,+,8.717,80,-0.2409147322177887,-0.06520923972129822,-0.17570549249649048
RGM1,213,365,370,+,8.717,95,-0.49526581168174744,-0.5725436210632324,0.07727780938148499
RGM1,213,397,402,-,8.717,95,-0.6000499725341797,0.17499130964279175,-0.7750412821769714
RGM1,214,9,14,-,8.717,59,0.5015027523040771,-0.22830843925476074,0.7298111915588379
RGM1,214,94,99,-,8.717,52,-0.19297471642494202,0.6050581932067871,-0.7980329096317291
RGM1,214,156,161,+,8.717,41,-0.35529178380966187,0.23118925094604492,-0.5864810347557068
RGM1,214,171,176,+,8.717,47,-0.5369497537612915,-0.16470445692539215,-0.37224529683589935
RGM1,214,181,186,+,8.717,57,-0.4767876863479614,-0.08796484768390656,-0.38882283866405487
RGM1,214,201,206,+,8.717,73,-0.20952512323856354,-0.014165952801704407,-0.19535917043685913
RGM1,214,289,294,-,8.717,76,1.5147285461425781,-0.01385641098022461,1.5285849571228027
RGM1,214,297,302,+,8.717,76,1.5622180700302124,-0.21420890092849731,1.7764269709587097
RGM1,214,367,372,+,8.717,100,0.41967397928237915,-0.06673088669776917,0.4864048659801483
RGM1,215,40,45,+,8.717,82,-0.35147562623023987,-0.20091082155704498,-0.15056480467319489
RGM1,215,147,152,+,8.717,79,-0.24444395303726196,0.5095961093902588,-0.7540400624275208
RGM1,215,187,192,-,8.717,70,-0.30837035179138184,0.7050178647041321,-1.013388216495514
RGM1,215,223,228,+,8.717,75,-0.14054176211357117,-0.37353020906448364,0.23298844695091248
RGM1,215,238,243,-,8.717,76,-0.6300585269927979,-0.9248508810997009,0.2947923541069031
RGM1,215,244,249,-,8.717,82,-0.03815654665231705,0.39814502000808716,-0.4363015666604042
RGM1,215,317,322,-,8.717,95,-0.5799823999404907,0.8659787774085999,-1.4459611773490906
RGM1,215,362,367,-,8.717,89,-0.2779754400253296,-0.4498939514160156,0.17191851139068604
RGM1,216,19,24,-,8.717,58,-0.21020099520683289,0.2548142671585083,-0.4650152623653412
RGM1,216,46,51,-,8.717,85,-0.6027988791465759,-0.20119088888168335,-0.4016079902648926
RGM1,216,303,308,+,8.717,100,1.0576719045639038,0.03666245937347412,1.0210094451904297
RGM1,216,445,450,-,8.717,85,2.440342903137207,-1.0578649044036865,3.4982078075408936
RGM1,217,69,74,+,8.717,79,0.1821262240409851,0.3255945146083832,-0.14346829056739807
RGM1,217,161,166,+,8.717,86,-0.4074249267578125,0.015862971544265747,-0.42328789830207825
RGM1,217,228,233,-,8.717,87,-0.4727243185043335,0.16884751617908478,-0.6415718346834183
RGM1,217,290,295,+,8.717,90,1.898533821105957,-0.28566691279411316,2.18420073390007
RGM1,217,323,328,+,8.717,90,0.19361865520477295,-0.29161524772644043,0.4852339029312134
RGM1,217,334,339,-,8.717,90,-0.7277827262878418,0.27283716201782227,-1.000619888305664
RGM1,218,201,206,+,8.717,92,-0.6552757024765015,0.45821258425712585,-1.1134882867336273
RGM1,218,269,274,+,8.717,100,1.3865673542022705,-0.086151123046875,1.4727184772491455
RGM1,218,441,446,+,8.717,74,-0.07903259992599487,-0.4544927775859833,0.3754601776599884
RGM1,219,173,178,-,8.717,74,0.19260857999324799,-0.10072000324726105,0.29332858324050903
RGM1,219,345,350,-,8.717,94,1.8391213417053223,0.4884037673473358,1.3507175743579865
RGM1,219,413,418,-,8.717,86,-0.2533428966999054,0.694056510925293,-0.9473994076251984
RGM1,220,69,74,-,8.717,95,-0.5137545466423035,-0.5746170282363892,0.06086248159408569
RGM1,220,273,278,+,8.717,71,1.0614497661590576,0.2279950976371765,0.8334546685218811
RGM1,221,275,280,-,8.717,71,0.6500015258789062,-0.03415024280548096,0.6841517686843872
RGM1,221,479,484,+,8.717,61,-0.602238118648529,-0.2617700695991516,-0.34046804904937744
RGM1,222,207,212,+,8.717,95,1.4593777656555176,-0.7066206336021423,2.16599839925766
RGM1,222,221,226,-,8.717,95,-0.027740657329559326,-0.5534296035766602,0.5256889462471008
RGM1,222,312,317,+,8.717,66,0.7469548583030701,0.3527376353740692,0.39421722292900085
RGM1,223,79,84,-,8.717,66,0.34591144323349,0.22320181131362915,0.12270963191986084
RGM1,223,170,175,+,8.717,95,-0.2826042175292969,0.2041081190109253,-0.48671233654022217
RGM1,223,184,189,-,8.717,95,0.5628234148025513,1.1259006261825562,-0.5630772113800049
RGM1,224,34,39,-,8.717,74,-0.17234671115875244,-0.3556899428367615,0.18334323167800903
RGM1,224,51,56,-,8.717,90,-0.1180751621723175,-0.19781279563903809,0.07973763346672058
RGM1,224,63,68,-,8.717,90,0.09347683191299438,0.2218213677406311,-0.12834453582763672
RGM1,224,125,130,+,8.717,85,-0.3268883228302002,-0.21477636694908142,-0.11211195588111877
RGM1,224,130,135,+,8.717,85,-0.39063459634780884,-0.11649829149246216,-0.2741363048553467
RGM1,224,141,146,+,8.717,85,0.0816260278224945,0.20007526874542236,-0.11844924092292786
RGM1,224,301,306,+,8.717,95,1.3173143863677979,-0.3084898293018341,1.625804215669632
RGM1,224,346,351,+,8.717,85,0.25942403078079224,-0.12702494859695435,0.3864489793777466
RGM1,224,376,381,-,8.717,87,0.4182257652282715,0.26224735379219055,0.15597841143608093
RGM1,224,466,471,+,8.717,73,-0.4315745234489441,1.292130470275879,-1.723704993724823
RGM1,225,214,219,+,8.717,80,-0.8393728137016296,0.3562367558479309,-1.1956095695495605
RGM1,225,225,230,+,8.717,79,0.17121797800064087,0.211821049451828,-0.040603071451187134
RGM1,225,314,319,+,8.717,94,-0.3384242355823517,-0.6111192107200623,0.27269497513771057
RGM1,225,408,413,+,8.717,100,0.3361368477344513,-0.30926504731178284,0.6454018950462341
RGM1,226,30,35,-,8.717,48,-0.22132286429405212,0.16217079758644104,-0.38349366188049316
RGM1,226,63,68,+,8.717,75,-0.23157283663749695,0.13219043612480164,-0.3637632727622986
RGM1,226,205,210,-,8.717,100,-0.23810938000679016,-0.44384288787841797,0.2057335078716278
RGM1,226,327,332,+,8.717,78,0.1295965015888214,-0.25771409273147583,0.38731059432029724
RGM1,226,429,434,+,8.717,87,-0.21372395753860474,-1.027662754058838,0.8139387965202332
RGM1,227,1,6,-,8.717,38,-0.23558318614959717,0.1530008316040039,-0.3885840177536011
RGM1,227,131,136,+,8.717,88,-0.05762815475463867,-0.11742067337036133,0.059792518615722656
RGM1,227,390,395,+,8.717,77,-0.3899240493774414,0.447620153427124,-0.8375442028045654
RGM1,228,53,58,+,8.717,94,-0.2637445628643036,-0.5437042713165283,0.27995970845222473
RGM1,228,122,127,-,8.717,80,0.31851768493652344,0.01288975402712822,0.3056279309093952
RGM1,228,144,149,-,8.717,80,0.8552166223526001,-0.2513066530227661,1.1065232753753662
RGM1,228,153,158,-,8.717,76,0.7050275802612305,-0.110698401927948,0.8157259821891785
RGM1,228,199,204,+,8.717,95,-0.7363362908363342,-0.5490335822105408,-0.18730270862579346
RGM1,229,178,183,+,8.717,86,-0.1731267273426056,0.8521313667297363,-1.025258094072342
RGM1,229,279,284,-,8.717,83,2.215674638748169,-0.1180044412612915,2.3336790800094604
RGM1,229,299,304,-,8.717,76,1.3433418273925781,-0.3369775712490082,1.6803193986415863
RGM1,229,464,469,-,8.717,66,-0.6343487501144409,-0.9320245385169983,0.2976757884025574
RGM1,230,283,288,+,8.717,95,0.40565428137779236,-0.12691710889339447,0.5325713902711868
RGM1,230,327,332,-,8.717,90,1.8777261972427368,-0.1733185052871704,2.0510447025299072
RGM1,230,464,469,-,8.717,71,-0.3415791094303131,0.5198519229888916,-0.8614310324192047
RGM1,231,338,343,+,8.717,95,0.2203466147184372,-0.3673369288444519,0.5876835435628891
RGM1,232,11,16,+,8.717,61,0.649337887763977,1.1085245609283447,-0.4591866731643677
RGM1,232,66,71,-,8.717,100,0.11197660863399506,0.2390357255935669,-0.12705911695957184
RGM1,232,122,127,+,8.717,100,-0.1249200701713562,1.6857354640960693,-1.8106555342674255
RGM1,232,408,413,-,8.717,91,0.38024866580963135,0.28975093364715576,0.09049773216247559
RGM1,233,34,39,-,8.717,52,-0.016031265258789062,-0.6940988302230835,0.6780675649642944
RGM1,233,206,211,+,8.717,95,-0.3769718408584595,-0.31295156478881836,-0.06402027606964111
RGM1,233,239,244,-,8.717,89,-0.32563135027885437,0.3516489863395691,-0.6772803366184235
RGM1,233,377,382,+,8.717,95,1.5265518426895142,0.2818506062030792,1.244701236486435
RGM1,233,409,414,+,8.717,85,3.389507532119751,-0.8212533593177795,4.2107608914375305
RGM1,234,284,289,+,8.717,65,0.9679318070411682,-0.9120245575904846,1.8799563646316528
RGM1,234,305,310,-,8.717,63,1.2793588638305664,0.17655040323734283,1.1028084605932236
RGM1,234,319,324,-,8.717,66,1.0760325193405151,-0.07627339661121368,1.1523059159517288
RGM1,234,337,342,-,8.717,63,0.6987404823303223,-0.5425863265991211,1.2413268089294434
RGM1,235,173,178,-,8.717,85,-0.023399800062179565,0.5296328663825989,-0.5530326664447784
RGM1,236,178,183,-,8.717,84,0.03422344848513603,0.01905655860900879,0.015166889876127243
RGM1,236,306,311,-,8.717,87,-0.022863462567329407,-0.07158628851175308,0.048722825944423676
RGM1,236,314,319,-,8.717,87,0.33483827114105225,-0.09883943200111389,0.43367770314216614
RGM1,236,325,330,-,8.717,87,0.41656461358070374,-0.45767679810523987,0.8742414116859436
RGM1,236,404,409,-,8.717,73,0.6518470048904419,-0.12213823199272156,0.7739852368831635
RGM1,237,289,294,+,8.717,73,1.719167947769165,-0.18483547866344452,1.9040034264326096
RGM1,237,368,373,+,8.717,87,-0.4903324842453003,-0.5886712074279785,0.09833872318267822
RGM1,237,379,384,+,8.717,87,0.22174866497516632,-0.369558721780777,0.5913073867559433
RGM1,237,387,392,+,8.717,87,-0.39580750465393066,0.36281031370162964,-0.7586178183555603
RGM1,238,302,307,+,8.717,94,-0.17505142092704773,-0.1112668514251709,-0.06378456950187683
RGM1,238,482,487,+,8.717,53,1.462227463722229,-0.35710328817367554,1.8193307518959045
RGM1,239,337,342,-,8.717,94,-1.0021181106567383,-0.538113534450531,-0.4640045762062073
RGM1,240,133,138,+,8.717,100,-0.8693380355834961,-0.1276441216468811,-0.741693913936615
RGM1,240,240,245,-,8.717,95,1.226961612701416,0.2731850743293762,0.9537765383720398
RGM1,240,266,271,-,8.717,87,0.23941633105278015,-0.4169929027557373,0.6564092338085175
RGM1,240,306,311,-,8.717,83,1.025219202041626,1.1198347806930542,-0.09461557865142822
RGM1,240,475,480,-,8.717,65,-0.5360625982284546,-0.33249083161354065,-0.20357176661491394
RGM1,240,488,493,+,8.717,52,-0.34522971510887146,-0.4083482623100281,0.06311854720115662
RGM1,241,112,117,-,8.717,93,-0.3386845588684082,-0.4238709807395935,0.0851864218711853
RGM1,241,331,336,-,8.717,83,-0.2468464970588684,-0.5533175468444824,0.306471049785614
RGM1,241,421,426,-,8.717,84,-0.19783809781074524,-0.1433345377445221,-0.054503560066223145
RGM1,241,430,435,-,8.717,84,1.3149046897888184,-0.18172946572303772,1.496634155511856
RGM1,241,441,446,-,8.717,84,1.8919364213943481,-0.9394277334213257,2.831364154815674
RGM1,242,206,211,-,8.717,96,-0.43510523438453674,-0.4441934823989868,0.009088248014450073
RGM1,242,257,262,+,8.717,73,-0.876483142375946,-0.23406487703323364,-0.6424182653427124
RGM1,242,278,283,+,8.717,77,-0.3070835471153259,0.06594979763031006,-0.373033344745636
RGM1,242,393,398,-,8.717,100,-0.3987860083580017,0.9681894779205322,-1.366975486278534
RGM1,243,376,381,+,8.717,75,0.20968496799468994,0.11243709921836853,0.09724786877632141
RGM1,244,98,103,-,8.717,85,-0.5910014510154724,-0.4339256286621094,-0.15707582235336304
RGM1,244,203,208,-,8.717,89,0.4329802691936493,-0.2947348356246948,0.7277151048183441
RGM1,245,388,393,-,8.717,52,2.017449378967285,0.12192556262016296,1.8955238163471222
RGM1,245,408,413,-,8.717,48,0.27026131749153137,0.8665157556533813,-0.59625443816185
RGM1,246,56,61,+,8.717,84,0.40226686000823975,-0.7354021072387695,1.1376689672470093
RGM1,246,90,95,-,8.717,74,-0.7000601291656494,-0.022747337818145752,-0.6773127913475037
RGM1,246,139,144,-,8.717,63,-0.2897561192512512,0.028133295476436615,-0.31788941472768784
RGM1,246,268,273,-,8.717,85,-0.5379953384399414,-0.7643635272979736,0.22636818885803223
RGM1,246,458,463,-,8.717,55,-0.1740090548992157,-0.033302709460258484,-0.14070634543895721
RGM1,247,34,39,-,8.717,76,0.014834843575954437,-0.6909888982772827,0.7058237418532372
RGM1,247,112,117,-,8.717,86,1.3777157068252563,-0.3749515414237976,1.752667248249054
RGM1,247,125,130,-,8.717,86,-0.35786283016204834,0.36618342995643616,-0.7240462601184845
RGM1,247,405,410,-,8.717,96,-0.49348682165145874,-0.1969587504863739,-0.29652807116508484
RGM1,247,456,461,+,8.717,85,-0.03965437412261963,-0.07971960306167603,0.040065228939056396
RGM1,248,20,25,+,8.717,62,0.06885688751935959,-0.3635426461696625,0.43239953368902206
RGM1,248,227,232,-,8.717,94,0.26600462198257446,0.16909746825695038,0.09690715372562408
RGM1,249,155,160,-,8.717,100,-0.8403042554855347,0.6928651332855225,-1.5331693887710571
RGM1,249,301,306,+,8.717,93,0.1380889117717743,0.03596964478492737,0.10211926698684692
RGM1,250,32,37,-,8.717,75,-0.24267882108688354,-0.007999598979949951,-0.2346792221069336
RGM1,250,178,183,+,8.717,100,-0.3241039216518402,0.6471250653266907,-0.9712289869785309
RGM1,251,288,293,+,8.717,70,-0.2295946180820465,-0.9554838538169861,0.7258892357349396
RGM1,251,338,343,-,8.717,70,-0.4904504120349884,1.5126280784606934,-2.0030784904956818
RGM1,251,468,473,+,8.717,59,0.16836203634738922,-0.2795325815677643,0.4478946179151535
RGM1,252,137,142,+,8.717,79,-0.12089130282402039,-0.4924370050430298,0.3715457022190094
RGM1,252,208,213,+,8.717,84,-0.483399897813797,1.1857868432998657,-1.6691867411136627
RGM1,252,299,304,-,8.717,82,0.1549186408519745,-0.25117090344429016,0.40608954429626465
RGM1,252,429,434,+,8.717,70,-0.02312558889389038,0.7572743892669678,-0.7803999781608582
RGM1,252,479,484,-,8.717,36,0.25179141759872437,-0.08952495455741882,0.3413163721561432
RGM1,253,41,46,+,8.717,66,-0.02060335874557495,0.04639837145805359,-0.06700173020362854
RGM1,253,108,113,+,8.717,100,-0.32050323486328125,-0.09283344447612762,-0.22766979038715363
RGM1,253,238,243,+,8.717,80,-0.38551250100135803,1.212701439857483,-1.598213940858841
RGM1,253,301,306,-,8.717,72,-0.17590904235839844,-0.2646059989929199,0.08869695663452148
RGM1,253,306,311,-,8.717,70,-0.6079760193824768,0.1539243757724762,-0.761900395154953
RGM1,253,311,316,-,8.717,66,-0.768876314163208,-0.2911415100097656,-0.4777348041534424
RGM1,253,345,350,+,8.717,56,-0.36995840072631836,-0.5979536771774292,0.22799527645111084
RGM1,254,362,367,-,8.717,100,-0.6626654267311096,-0.08938629925251007,-0.5732791274785995
RGM1,255,74,79,-,8.717,86,-0.5963685512542725,0.22470414638519287,-0.8210726976394653
RGM1,255,120,125,-,8.717,95,-0.6165592074394226,-0.29723358154296875,-0.31932562589645386
RGM1,255,200,205,+,8.717,95,-0.26827672123908997,-0.12183511257171631,-0.14644160866737366
RGM1,255,280,285,+,8.717,87,-0.004883654415607452,0.1612701117992401,-0.16615376621484756
RGM1,255,328,333,+,8.717,89,1.3998926877975464,-0.8303895592689514,2.230282247066498
RGM1,255,443,448,-,8.717,92,-0.06168866157531738,-0.4195958077907562,0.35790714621543884
RGM1,256,114,119,+,8.717,95,0.14553040266036987,-0.4799998998641968,0.6255303025245667
RGM1,256,470,475,-,8.717,75,-0.18594196438789368,-0.07272544503211975,-0.11321651935577393
RGM1,257,6,11,-,8.717,35,-0.13153749704360962,0.11681225895881653,-0.24834975600242615
RGM1,257,76,81,+,8.717,79,-0.27175137400627136,-0.006534159183502197,-0.26521721482276917
RGM1,257,205,210,-,8.717,87,-0.4020511209964752,0.1666100174188614,-0.5686611384153366
RGM1,257,370,375,-,8.717,67,0.21769770979881287,0.21872955560684204,-0.0010318458080291748
RGM1,258,367,372,+,8.717,76,0.23270933330059052,-0.12570221722126007,0.3584115505218506
RGM1,258,430,435,+,8.717,59,-0.10535253584384918,-0.23136775195598602,0.12601521611213684
RGM1,259,161,166,-,8.717,76,0.12049603462219238,0.3727445602416992,-0.25224852561950684
RGM1,259,201,206,-,8.717,95,-0.200318843126297,-0.4364525079727173,0.2361336648464203
RGM1,259,270,275,-,8.717,64,-0.16446641087532043,-0.0769905149936676,-0.08747589588165283
RGM1,259,455,460,+,8.717,90,-0.1463046818971634,0.11163373291492462,-0.257938414812088
RGM1,260,123,128,+,8.717,75,1.2836332321166992,0.014624052681028843,1.2690091794356704
RGM1,260,137,142,-,8.717,71,0.084811270236969,0.5186693668365479,-0.43385809659957886
RGM1,260,241,246,+,8.717,85,0.7276380062103271,-0.15205058455467224,0.8796885907649994
RGM1,260,281,286,-,8.717,79,0.23611408472061157,-0.22722283005714417,0.46333691477775574
RGM1,260,430,435,-,8.717,86,0.18179427087306976,-0.1034437045454979,0.28523797541856766
RGM1,261,31,36,+,8.717,58,0.14932337403297424,0.3925619125366211,-0.24323853850364685
RGM1,261,45,50,-,8.717,72,0.20874395966529846,-0.11473435163497925,0.3234783113002777
RGM1,262,465,470,-,8.717,80,0.263971745967865,0.6206004619598389,-0.3566287159919739
RGM1,263,96,101,+,8.717,79,0.15839709341526031,-0.636933445930481,0.7953305393457413
RGM1,263,111,116,+,8.717,66,0.9511706233024597,-0.3541264832019806,1.3052971065044403
RGM1,263,230,235,+,8.717,84,-0.5023767948150635,-0.4646293818950653,-0.03774741291999817
RGM1,263,253,258,+,8.717,80,0.6176132559776306,1.1160588264465332,-0.4984455704689026
RGM1,263,360,365,-,8.717,91,1.341335415840149,-0.15746483206748962,1.4988002479076385
RGM1,264,338,343,+,8.717,91,1.6251338720321655,-0.1862574815750122,1.8113913536071777
RGM1,264,445,450,-,8.717,80,0.22465914487838745,1.325812816619873,-1.1011536717414856
RGM1,264,468,473,-,8.717,67,-0.31989786028862,0.23076742887496948,-0.5506652891635895
RGM1,265,7,12,-,8.717,53,-0.3401683568954468,0.5486472845077515,-0.8888156414031982
RGM1,265,264,269,+,8.717,70,-0.7238917350769043,-0.2222205400466919,-0.5016711950302124
RGM1,265,426,431,-,8.717,92,0.15582925081253052,-0.02416124939918518,0.1799905002117157
RGM1,266,59,64,+,8.717,92,-0.040877580642700195,0.22534941136837006,-0.26622699201107025
RGM1,266,126,131,-,8.717,100,0.06337308883666992,-0.09989029169082642,0.16326338052749634
RGM1,266,319,324,+,8.717,100,-0.26655590534210205,-0.15219536423683167,-0.11436054110527039
RGM1,266,403,408,-,8.717,95,0.02547907829284668,-0.6402093172073364,0.6656883955001831
RGM1,266,421,426,-,8.717,95,0.0064781904220581055,0.10451245307922363,-0.09803426265716553
RGM1,267,211,216,+,8.717,87,-0.7888929843902588,0.09564042091369629,-0.8845334053039551
RGM1,267,238,243,+,8.717,85,0.057143956422805786,0.37724608182907104,-0.32010212540626526
RGM1,267,256,261,+,8.717,85,-0.31313803791999817,-0.5931141376495361,0.27997609972953796
RGM1,267,263,268,-,8.717,87,0.14773941040039062,-0.6434572339057922,0.7911966443061829
RGM1,267,485,490,-,8.717,55,0.24349206686019897,0.1797243356704712,0.06376773118972778
RGM1,267,491,496,-,8.717,49,-0.2842298150062561,0.47391408681869507,-0.7581439018249512
RGM1,268,209,214,+,8.717,90,-0.9872884154319763,-0.3024357557296753,-0.684852659702301
RGM1,268,216,221,+,8.717,90,-1.3661723136901855,-0.2681909203529358,-1.0979813933372498
RGM1,268,235,240,-,8.717,90,-0.6960335373878479,-0.3340522348880768,-0.3619813024997711
RGM1,268,342,347,-,8.717,83,-0.16783764958381653,0.47398778796195984,-0.6418254375457764
RGM1,268,348,353,+,8.717,80,0.13777096569538116,0.4868305027484894,-0.3490595370531082
RGM1,269,75,80,+,8.717,90,-0.5845119953155518,0.5551692247390747,-1.1396812200546265
RGM1,269,94,99,-,8.717,90,-0.9337256550788879,-0.5821281671524048,-0.35159748792648315
RGM1,269,101,106,-,8.717,90,-0.6663658618927002,-0.5066989660263062,-0.15966689586639404
RGM1,269,405,410,+,8.717,83,-0.4333902895450592,0.31102070212364197,-0.7444109916687012
RGM1,269,445,450,-,8.717,89,0.24858617782592773,-0.420626699924469,0.6692128777503967
RGM1,270,120,125,-,8.717,89,-0.5955027937889099,-0.27565905451774597,-0.31984373927116394
RGM1,270,154,159,+,8.717,95,-0.7004756331443787,-0.30353057384490967,-0.396945059299469
RGM1,270,247,252,+,8.717,95,0.13640373945236206,-0.43039971590042114,0.5668034553527832
RGM1,270,285,290,+,8.717,83,-0.25825366377830505,0.6526117324829102,-0.9108653962612152
RGM1,270,334,339,-,8.717,83,-0.4875112473964691,-0.041772469878196716,-0.4457387775182724
RGM1,270,372,377,-,8.717,95,-0.5541158318519592,-0.12899336218833923,-0.42512246966362
RGM1,270,453,458,+,8.717,87,0.17038050293922424,0.6184991598129272,-0.448118656873703
RGM1,270,465,470,+,8.717,75,0.664682149887085,0.9620868563652039,-0.2974047064781189
RGM1,271,35,40,+,8.717,85,1.0383758544921875,-0.2403215765953064,1.278697431087494
RGM1,271,316,321,-,8.717,94,-0.4936291575431824,-0.11415815353393555,-0.3794710040092468
RGM1,271,445,450,-,8.717,85,-0.2690979838371277,0.33218133449554443,-0.6012793183326721
RGM1,272,156,161,+,8.717,68,-0.058197617530822754,1.171939492225647,-1.2301371097564697
RGM1,272,314,319,+,8.717,74,-1.1339929103851318,0.031334906816482544,-1.1653278172016144
RGM1,272,324,329,-,8.717,74,-0.6862595081329346,0.05215425789356232,-0.7384137660264969
RGM1,273,91,96,-,8.717,95,-0.33866217732429504,0.31252849102020264,-0.6511906683444977
RGM1,273,104,109,+,8.717,95,-0.5085251927375793,-0.6003774404525757,0.09185224771499634
RGM1,273,195,200,+,8.717,80,-0.48626580834388733,-0.4420340955257416,-0.04423171281814575
RGM1,273,296,301,-,8.717,83,0.2178024798631668,-0.3933510482311249,0.6111535280942917
RGM1,273,310,315,-,8.717,78,1.320748209953308,-0.27816689014434814,1.5989151000976562
RGM1,273,414,419,+,8.717,89,-0.48998120427131653,-0.0010356903076171875,-0.48894551396369934
RGM1,274,400,405,+,8.717,90,-0.6912077069282532,-0.04379966855049133,-0.6474080383777618
RGM1,274,411,416,+,8.717,84,-0.814774751663208,-0.2767021656036377,-0.5380725860595703
RGM1,274,429,434,-,8.717,81,1.0478426218032837,-0.7227345705032349,1.7705771923065186
RGM1,275,438,443,-,8.717,90,-0.02059934288263321,-0.5220027565956116,0.5014034137129784
RGM1,275,443,448,-,8.717,90,1.314581036567688,-0.39095351099967957,1.7055345475673676
RGM1,275,454,459,-,8.717,81,0.3984549045562744,-0.5562494993209839,0.9547044038772583
RGM1,276,48,53,-,8.717,92,-0.12670573592185974,-0.258220911026001,0.13151517510414124
RGM1,276,134,139,+,8.717,85,0.2833777070045471,-0.7907426357269287,1.0741203427314758
RGM1,276,145,150,+,8.717,85,1.0545448064804077,0.2800818085670471,0.7744629979133606
RGM1,276,150,155,+,8.717,85,0.1963607221841812,0.5746080875396729,-0.37824736535549164
RGM1,277,4,9,+,8.717,54,0.607128918170929,0.5927588939666748,0.01437002420425415
RGM1,277,367,372,-,8.717,92,1.169417142868042,-0.08586183935403824,1.2552789822220802
RGM1,277,422,427,-,8.717,77,-0.18790997564792633,0.38338589668273926,-0.5712958723306656
RGM1,277,461,466,-,8.717,69,0.37983351945877075,1.037906527519226,-0.6580730080604553
RGM1,278,30,35,-,8.717,75,0.10632398724555969,-0.0751999020576477,0.1815238893032074
RGM1,278,69,74,-,8.717,90,-0.318325400352478,0.95404452085495,-1.272369921207428
RGM1,278,118,123,+,8.717,83,-0.39954620599746704,-0.76507568359375,0.36552947759628296
RGM1,278,411,416,-,8.717,89,-0.03395000100135803,0.06395477056503296,-0.09790477156639099
RGM1,278,455,460,-,8.717,85,-0.301358699798584,-0.6468904614448547,0.34553176164627075
RGM1,279,167,172,+,8.717,90,0.41924038529396057,0.42854446172714233,-0.009304076433181763
RGM1,279,188,193,-,8.717,78,0.6000927686691284,0.006786048412322998,0.5933067202568054
RGM1,279,197,202,-,8.717,78,1.92771577835083,0.3544919192790985,1.5732238590717316
RGM1,279,341,346,+,8.717,89,-0.5760873556137085,0.007482379674911499,-0.58356973528862
RGM1,279,362,367,+,8.717,82,-0.49366357922554016,-0.14342254400253296,-0.3502410352230072
RGM1,279,414,419,-,8.717,80,-0.3149033188819885,0.09203895926475525,-0.4069422781467438
RGM1,280,306,311,-,8.717,94,-0.7559494376182556,0.008316650986671448,-0.7642660886049271
RGM1,280,377,382,+,8.717,97,0.3515768051147461,-0.2515413165092468,0.6031181216239929
RGM1,280,429,434,-,8.717,80,1.9619417190551758,-0.05204710364341736,2.013988822698593
RGM1,280,440,445,-,8.717,77,-0.49491629004478455,3.3610305786132812,-3.855946868658066
RGM1,281,42,47,-,8.717,72,0.4073309302330017,-0.24599258601665497,0.6533235162496567
RGM1,281,423,428,+,8.717,77,0.24938684701919556,0.502204179763794,-0.2528173327445984
RGM1,281,429,434,+,8.717,77,-0.33767902851104736,-0.003968443721532822,-0.33371058478951454
RGM1,282,26,31,+,8.717,48,-0.05419301986694336,0.2902147173881531,-0.34440773725509644
RGM1,282,50,55,+,8.717,68,0.03514347970485687,-0.10593584179878235,0.14107932150363922
RGM1,282,307,312,-,8.717,77,-0.07073342800140381,-0.6983962059020996,0.6276627779006958
RGM1,282,356,361,+,8.717,85,-0.06675606966018677,0.5263251066207886,-0.5930811762809753
RGM1,282,385,390,-,8.717,85,-0.12243346124887466,-0.5741277933120728,0.4516943320631981
RGM1,282,429,434,-,8.717,75,-0.11221688985824585,0.5525968670845032,-0.664813756942749
RGM1,283,41,46,-,8.717,74,0.09430769085884094,0.28300049901008606,-0.18869280815124512
RGM1,283,158,163,+,8.717,75,-0.2788701355457306,0.03767856955528259,-0.3165487051010132
RGM1,283,202,207,+,8.717,85,-0.17685717344284058,-0.33197081089019775,0.15511363744735718
RGM1,283,231,236,-,8.717,85,0.3314969837665558,0.02713330090045929,0.3043636828660965
RGM1,283,280,285,+,8.717,77,-0.4252561926841736,-0.04471758008003235,-0.38053861260414124
RGM1,284,130,135,-,8.717,65,-0.7303155064582825,-0.8045130968093872,0.07419759035110474
RGM1,284,152,157,-,8.717,65,0.049848902970552444,-0.3575417399406433,0.40739064291119576
RGM1,284,162,167,+,8.717,65,-0.637555718421936,-0.22449664771556854,-0.4130590707063675
RGM1,284,277,282,-,8.717,94,0.26068180799484253,-0.04757571965456009,0.3082575276494026
RGM1,284,283,288,-,8.717,94,-0.49290406703948975,-0.2657778859138489,-0.22712618112564087
RGM1,285,111,116,+,8.717,85,0.10139370709657669,-0.4984063506126404,0.5998000577092171
RGM1,286,104,109,+,8.717,95,-0.21964949369430542,-0.5956636667251587,0.37601417303085327
RGM1,286,122,127,-,8.717,95,-0.31463298201560974,-0.5519871711730957,0.23735418915748596
RGM1,286,229,234,+,8.717,93,-0.9254304766654968,-0.050261735916137695,-0.8751687407493591
RGM1,286,287,292,+,8.717,90,0.8876029849052429,-0.18514272570610046,1.0727457106113434
RGM1,286,339,344,-,8.717,92,-1.1066570281982422,0.5567219257354736,-1.6633789539337158
RGM1,286,346,351,-,8.717,95,0.3392866551876068,0.18717846274375916,0.15210819244384766
RGM1,286,445,450,-,8.717,79,0.8931484222412109,-0.7979812026023865,1.6911296248435974
RGM1,287,68,73,+,8.717,90,-0.013704955577850342,-0.1652190387248993,0.15151408314704895
RGM1,287,205,210,+,8.717,79,0.9371134042739868,0.2568884491920471,0.6802249550819397
RGM1,287,304,309,+,8.717,95,-0.008180856704711914,0.6594144701957703,-0.6675953269004822
RGM1,287,311,316,+,8.717,92,-0.12817616760730743,0.1954086720943451,-0.3235848397016525
RGM1,287,363,368,-,8.717,97,0.3896295428276062,-0.6973415613174438,1.08697110414505
RGM1,287,421,426,-,8.717,100,-0.7896767854690552,-0.44123268127441406,-0.3484441041946411
RGM1,288,133,138,-,8.717,77,-0.273271769285202,0.03601032495498657,-0.3092820942401886
RGM1,288,176,181,-,8.717,83,0.004199594259262085,1.0031511783599854,-0.9989515841007233
RGM1,288,194,199,+,8.717,95,0.11339159309864044,-0.4879031777381897,0.6012947708368301
RGM1,288,451,456,-,8.717,81,-0.313554048538208,0.3690824806690216,-0.6826365292072296
RGM1,288,492,497,+,8.717,40,0.3179951012134552,0.20718011260032654,0.11081498861312866
RGM1,289,207,212,-,8.717,86,-0.15395298600196838,-0.44920527935028076,0.2952522933483124
RGM1,289,248,253,+,8.717,82,0.01275596022605896,-0.22766314446926117,0.24041910469532013
RGM1,289,261,266,+,8.717,82,-0.11043903976678848,0.7102532386779785,-0.820692278444767
RGM1,289,495,500,-,8.717,50,-0.6901448369026184,-0.7289876937866211,0.038842856884002686
RGM1,290,218,223,+,8.717,81,-0.1121099442243576,1.4262908697128296,-1.5384008139371872
RGM1,290,409,414,+,8.717,76,0.02204415202140808,0.2386445552110672,-0.21660040318965912
RGM1,290,414,419,+,8.717,76,-0.20631806552410126,0.3643530607223511,-0.5706711262464523
RGM1,290,492,497,-,8.717,42,-0.08939749002456665,-0.09287133812904358,0.0034738481044769287
RGM1,291,58,63,+,8.717,82,-0.12963944673538208,0.11326330900192261,-0.2429027557373047
RGM1,291,136,141,-,8.717,76,0.05351802706718445,-0.5694350600242615,0.6229530870914459
RGM1,291,141,146,-,8.717,76,0.09140750765800476,-0.12869632244110107,0.22010383009910583
RGM1,291,332,337,-,8.717,81,-0.16417033970355988,-0.7956896424293518,0.6315193027257919
RGM1,292,50,55,+,8.717,69,-0.39019641280174255,-0.0887417197227478,-0.30145469307899475
RGM1,292,186,191,+,8.717,89,-0.6136201620101929,-0.1766175925731659,-0.437002569437027
RGM1,292,192,197,+,8.717,90,0.4790274500846863,-0.3490179479122162,0.8280453979969025
RGM1,292,428,433,+,8.717,72,0.023980915546417236,-1.0474153757095337,1.071396291255951
RGM1,293,43,48,+,8.717,80,-0.029950499534606934,0.796354353427887,-0.8263048529624939
RGM1,293,50,55,+,8.717,87,-0.21221214532852173,0.489536851644516,-0.7017489969730377
RGM1,293,126,131,-,8.717,72,0.020222395658493042,-0.05441480875015259,0.07463720440864563
RGM1,293,362,367,-,8.717,95,-0.5069519281387329,0.20175743103027344,-0.7087093591690063
RGM1,293,368,373,-,8.717,94,-0.11304771900177002,-0.1275375485420227,0.014489829540252686
RGM1,294,179,184,+,8.717,100,-0.6258759498596191,0.26030758023262024,-0.8861835300922394
RGM1,294,237,242,-,8.717,90,-1.1921247243881226,0.05229687690734863,-1.2444216012954712
RGM1,294,264,269,-,8.717,82,-0.7946314215660095,-0.07103003561496735,-0.7236013859510422
RGM1,294,287,292,-,8.717,75,0.585054337978363,-0.17839305102825165,0.7634473890066147
RGM1,295,49,54,-,8.717,76,-0.31319281458854675,-0.4464013874530792,0.13320857286453247
RGM1,295,196,201,+,8.717,80,0.5627779364585876,-0.27267327904701233,0.8354512155056
RGM1,295,321,326,+,8.717,80,-0.5888761281967163,0.016737639904022217,-0.6056137681007385
RGM1,295,351,356,+,8.717,80,-0.47373947501182556,1.0205918550491333,-1.4943313300609589
RGM1,296,146,151,+,8.717,77,-0.14571595191955566,0.7917981743812561,-0.9375141263008118
RGM1,296,202,207,-,8.717,88,0.1215076893568039,-0.5483223795890808,0.6698300689458847
RGM1,296,400,405,+,8.717,100,0.07197272777557373,-0.03133518248796463,0.10330791026353836
RGM1,296,464,469,-,8.717,54,0.15867489576339722,-0.4427602291107178,0.601435124874115
RGM1,296,494,499,-,8.717,24,-0.311312198638916,-0.14371024072170258,-0.16760195791721344
RGM1,297,77,82,+,8.717,95,-0.028628677129745483,0.13952302932739258,-0.16815170645713806
RGM1,297,111,116,-,8.717,91,-0.4160501956939697,1.0157005786895752,-1.431750774383545
RGM1,297,162,167,+,8.717,86,-0.4034007787704468,0.6414376497268677,-1.0448384284973145
RGM1,297,207,212,-,8.717,90,-0.34676849842071533,0.7482903599739075,-1.0950588583946228
RGM1,297,313,318,+,8.717,77,0.5672786235809326,-0.03635936975479126,0.6036379933357239
RGM1,297,326,331,-,8.717,83,2.568443775177002,-0.30434051156044006,2.872784286737442
RGM1,297,446,451,-,8.717,85,1.4862957000732422,-0.3414018154144287,1.827697515487671
RGM1,298,8,13,-,8.717,53,0.05337589979171753,0.21904730796813965,-0.16567140817642212
RGM1,298,41,46,+,8.717,80,0.06260490417480469,0.1517302393913269,-0.08912533521652222
RGM1,298,199,204,+,8.717,73,1.926573395729065,-1.186833143234253,3.113406538963318
RGM1,298,319,324,+,8.717,82,-0.48562154173851013,-0.39856797456741333,-0.0870535671710968
RGM1,298,373,378,+,8.717,87,0.513404369354248,-0.6254624724388123,1.1388668417930603
RGM1,299,144,149,-,8.717,92,0.12426720559597015,-0.019411832094192505,0.14367903769016266
RGM1,299,275,280,-,8.717,90,-0.12388664484024048,0.3184277415275574,-0.44231438636779785
RGM1,299,289,294,+,8.717,90,-0.517073392868042,-0.3328937888145447,-0.18417960405349731
RGM1,299,321,326,-,8.717,85,0.6018782258033752,-0.7024714946746826,1.3043497204780579
RGM1,299,395,400,+,8.717,95,-0.11372023075819016,-0.09068457782268524,-0.023035652935504913
RGM1,300,259,264,-,8.717,95,-0.8452832102775574,-0.29731181263923645,-0.5479713976383209
RGM1,300,333,338,+,8.717,85,0.046365976333618164,-0.6003011465072632,0.6466671228408813
RGM1,300,365,370,-,8.717,90,-0.3359680473804474,-0.023900896310806274,-0.3120671510696411
RGM1,300,379,384,+,8.717,90,0.41631531715393066,-0.4454038143157959,0.8617191314697266
RGM1,301,265,270,+,8.717,83,1.8078144788742065,-0.009340107440948486,1.817154586315155
RGM1,301,290,295,+,8.717,78,0.8861545920372009,0.4765775203704834,0.40957707166671753
RGM1,301,306,311,-,8.717,80,1.3046172857284546,-0.8406944870948792,2.1453117728233337
RGM1,301,333,338,+,8.717,85,-0.2925736606121063,-0.19771596789360046,-0.09485769271850586
RGM1,301,377,382,-,8.717,95,-0.13549791276454926,0.39870625734329224,-0.5342041701078415
RGM1,301,467,472,-,8.717,73,-0.05313991755247116,-0.3024468421936035,0.24930692464113235
RGM1,301,490,495,-,8.717,50,-0.5125566720962524,0.4506271183490753,-0.9631837904453278
RGM1,302,166,171,+,8.717,95,-0.08722898364067078,1.2572283744812012,-1.344457358121872
RGM1,302,189,194,+,8.717,95,0.27725499868392944,0.27846288681030273,-0.001207888126373291
RGM1,302,279,284,+,8.717,95,-0.008145004510879517,0.1642560511827469,-0.1724010556936264
RGM1,302,323,328,-,8.717,85,-0.8103540539741516,-0.3592357039451599,-0.4511183500289917
RGM1,302,350,355,+,8.717,80,0.7886742949485779,0.28775155544281006,0.5009227395057678
RGM1,302,366,371,-,8.717,78,2.5472664833068848,0.05526755377650261,2.491998929530382
RGM1,302,391,396,-,8.717,83,1.1059505939483643,-0.6766653060913086,1.7826159000396729
RGM1,303,221,226,-,8.717,78,0.26736485958099365,0.09972351789474487,0.16764134168624878
RGM1,303,402,407,-,8.717,93,0.16680452227592468,0.4432556927204132,-0.2764511704444885
RGM1,304,15,20,-,8.717,39,0.19001007080078125,-0.16257481276988983,0.3525848835706711
RGM1,304,316,321,+,8.717,89,-0.2515740394592285,-0.09624357521533966,-0.15533046424388885
RGM1,304,396,401,-,8.717,73,-0.45862841606140137,0.5431140065193176,-1.001742422580719
RGM1,304,405,410,-,8.717,76,-0.4073525369167328,-0.31993618607521057,-0.08741635084152222
RGM1,304,414,419,-,8.717,76,-0.13725650310516357,-0.34415191411972046,0.20689541101455688
RGM1,304,442,447,-,8.717,85,0.6540967226028442,0.7056653499603271,-0.05156862735748291
RGM1,305,34,39,-,8.717,84,-0.5250940918922424,-0.21811620891094208,-0.30697788298130035
RGM1,305,112,117,+,8.717,66,0.0901750773191452,-0.12820929288864136,0.21838437020778656
RGM1,305,141,146,+,8.717,57,3.462766408920288,0.1677539050579071,3.295012503862381
RGM1,305,189,194,-,8.717,73,-0.5853573083877563,0.28781357407569885,-0.8731708824634552
RGM1,305,234,239,-,8.717,83,-0.8607838153839111,-0.571914553642273,-0.2888692617416382
RGM1,306,79,84,-,8.717,79,0.024792224168777466,0.6566473245620728,-0.6318551003932953
RGM1,306,145,150,-,8.717,84,-0.17665737867355347,-0.6609544157981873,0.4842970371246338
RGM1,306,320,325,-,8.717,56,-0.5717169642448425,-0.22386541962623596,-0.34785154461860657
RGM1,306,336,341,+,8.717,68,0.35923826694488525,-0.13754260540008545,0.4967808723449707
RGM1,306,360,365,+,8.717,75,0.10963402688503265,-0.0825684666633606,0.19220249354839325
RGM1,307,103,108,+,8.717,84,-0.005171149969100952,-0.020493246614933014,0.015322096645832062
RGM1,307,169,174,+,8.717,84,-0.18363609910011292,-0.11551788449287415,-0.06811821460723877
RGM1,307,298,303,+,8.717,58,-0.3342190980911255,0.4007226526737213,-0.7349417507648468
RGM1,307,414,419,-,8.717,64,-0.6693530082702637,0.9112938642501831,-1.5806468725204468
RGM1,308,294,299,+,8.717,95,-0.6225075125694275,0.004420161247253418,-0.6269276738166809
RGM1,308,306,311,+,8.717,95,-0.4144247770309448,-1.0047032833099365,0.5902785062789917
RGM1,310,33,38,+,8.717,65,-0.615049421787262,-1.020559310913086,0.405509889125824
RGM1,310,232,237,+,8.717,90,-0.03440306335687637,-0.05372697114944458,0.019323907792568207
RGM1,310,377,382,+,8.717,87,-0.26803451776504517,-0.2300855815410614,-0.037948936223983765
RGM1,310,389,394,-,8.717,87,-0.029318243265151978,-0.03648275136947632,0.007164508104324341
RGM1,311,120,125,+,8.717,84,-0.5023015737533569,0.007215410470962524,-0.5095169842243195
RGM1,311,185,190,+,8.717,88,-0.5419746041297913,-0.08073747158050537,-0.4612371325492859
RGM1,311,296,301,-,8.717,88,1.6850484609603882,-0.0903857946395874,1.7754342555999756
RGM1,311,357,362,-,8.717,80,0.2704550325870514,0.20562441647052765,0.06483061611652374
RGM1,311,380,385,-,8.717,76,-0.24001017212867737,-0.6642075777053833,0.42419740557670593
RGM1,311,411,416,+,8.717,84,-0.07846418768167496,0.03780609369277954,-0.1162702813744545
RGM1,311,439,444,-,8.717,89,-0.3771432042121887,0.44693827629089355,-0.8240814805030823
RGM1,312,253,258,-,8.717,72,0.13896086812019348,0.0837894082069397,0.055171459913253784
RGM1,312,265,270,-,8.717,81,0.3025672435760498,0.07428163290023804,0.22828561067581177
RGM1,312,282,287,-,8.717,88,1.1864242553710938,-0.1060187816619873,1.292443037033081
RGM1,312,442,447,+,8.717,90,0.17303989827632904,-0.18617552518844604,0.3592154234647751
RGM1,312,468,473,+,8.717,72,0.02714468538761139,0.5294449329376221,-0.5023002475500107
RGM1,313,166,171,-,8.717,94,-0.07500636577606201,0.9053989052772522,-0.9804052710533142
RGM1,313,356,361,+,8.717,66,0.48647427558898926,0.8105084300041199,-0.3240341544151306
RGM1,314,36,41,-,8.717,72,-0.2163860946893692,0.21698057651519775,-0.43336667120456696
RGM1,314,135,140,+,8.717,90,-0.269558846950531,-0.029159128665924072,-0.24039971828460693
RGM1,314,272,277,+,8.717,95,-1.0303983688354492,0.32307565212249756,-1.3534740209579468
RGM1,314,281,286,+,8.717,94,-0.04717707633972168,-0.5132818818092346,0.46610480546951294
RGM1,314,336,341,-,8.717,91,0.2560362219810486,-0.2663307189941406,0.5223669409751892
RGM1,314,343,348,+,8.717,91,-0.23297050595283508,-0.41533493995666504,0.18236443400382996
RGM1,314,414,419,+,8.717,100,-0.23544512689113617,0.939841628074646,-1.1752867549657822
RGM1,315,37,42,-,8.717,71,0.651506245136261,-0.29284119606018066,0.9443474411964417
RGM1,315,51,56,-,8.717,79,0.08114872872829437,-0.881432831287384,0.9625815600156784
RGM1,315,105,110,+,8.717,90,-0.2228083610534668,0.24172908067703247,-0.46453744173049927
RGM1,315,205,210,+,8.717,82,0.7107864022254944,-0.08944278955459595,0.8002291917800903
RGM1,315,215,220,+,8.717,74,0.6454530358314514,-0.016315817832946777,0.6617688536643982
RGM1,315,320,325,-,8.717,94,-0.4511473774909973,0.006109654903411865,-0.4572570323944092
RGM1,315,471,476,+,8.717,74,-0.041614413261413574,-0.15037131309509277,0.1087568998336792
RGM1,316,68,73,+,8.717,72,-0.5245437622070312,0.1894824504852295,-0.7140262126922607
RGM1,316,435,440,-,8.717,82,-0.20873409509658813,-0.7192274332046509,0.5104933381080627
RGM1,317,158,163,-,8.717,72,0.3383948504924774,-0.8507211208343506,1.189115971326828
RGM1,317,312,317,-,8.717,89,0.12359488010406494,-0.3191147446632385,0.44270962476730347
RGM1,317,350,355,+,8.717,82,-0.19401755928993225,-0.12872754037380219,-0.06529001891613007
RGM1,317,437,442,-,8.717,98,0.46301281452178955,-0.022179313004016876,0.4851921275258064
RGM1,318,12,17,+,8.717,60,-0.16192704439163208,1.447934865951538,-1.6098619103431702
RGM1,318,104,109,-,8.717,62,-0.13667741417884827,0.006916821002960205,-0.14359423518180847
RGM1,318,118,123,-,8.717,65,0.7585567235946655,-0.5057568550109863,1.2643135786056519
RGM1,318,145,150,-,8.717,72,-0.2974851131439209,-0.3093568980693817,0.011871784925460815
RGM1,318,180,185,-,8.717,67,0.5467053651809692,-0.5085435509681702,1.0552489161491394
RGM1,318,205,210,-,8.717,72,2.045440673828125,-0.32446160912513733,2.3699022829532623
RGM1,318,211,216,+,8.717,72,1.764024257659912,-0.8134273886680603,2.5774516463279724
RGM1,318,289,294,+,8.717,90,0.22330573201179504,-0.04419735446572304,0.2675030864775181
RGM1,318,296,301,+,8.717,94,0.5203455686569214,0.0820745974779129,0.4382709711790085
RGM1,319,38,43,-,8.717,80,-0.15738528966903687,-0.04702002927660942,-0.11036526039242744
RGM1,319,98,103,+,8.717,87,-0.8226156234741211,0.25974395871162415,-1.0823595821857452
RGM1,319,106,111,+,8.717,87,-0.23069444298744202,0.37968361377716064,-0.6103780567646027
RGM1,319,304,309,-,8.717,88,1.74855637550354,-0.413961261510849,2.162517637014389
RGM1,319,391,396,-,8.717,86,0.06122290715575218,0.551211416721344,-0.4899885095655918
RGM1,320,211,216,-,8.717,67,0.10193648189306259,-0.41867607831954956,0.5206125602126122
RGM1,320,230,235,-,8.717,73,0.7267218232154846,-0.29514601826667786,1.0218678414821625
RGM1,320,403,408,+,8.717,97,0.06723447144031525,0.1555759608745575,-0.08834148943424225
RGM1,321,9,14,+,8.717,30,-0.04122692719101906,-0.32516273856163025,0.2839358113706112
RGM1,321,36,41,-,8.717,57,-0.35659441351890564,-0.8843748569488525,0.5277804434299469
RGM1,321,186,191,+,8.717,51,0.09912371635437012,-0.5018581748008728,0.6009818911552429
RGM1,321,248,253,+,8.717,58,0.06172965466976166,0.06560277938842773,-0.0038731247186660767
RGM1,321,288,293,-,8.717,72,-0.058604031801223755,-0.2522280514240265,0.19362401962280273
RGM1,321,465,470,-,8.717,64,-0.5942880511283875,0.5114536285400391,-1.1057416796684265
RGM1,322,32,37,-,8.717,67,0.135398268699646,-0.28459981083869934,0.41999807953834534
RGM1,322,193,198,+,8.717,67,-0.7366713881492615,-0.32795020937919617,-0.4087211787700653
RGM1,322,200,205,-,8.717,66,-0.49950161576271057,0.41526830196380615,-0.9147699177265167
RGM1,322,214,219,+,8.717,61,-0.6246969699859619,0.1973363161087036,-0.8220332860946655
RGM1,322,222,227,-,8.717,67,0.6735890507698059,-0.12231284379959106,0.795901894569397
RGM1,322,231,236,+,8.717,73,-0.6522528529167175,0.3706417381763458,-1.0228945910930634
RGM1,322,474,479,-,8.717,71,0.9765116572380066,-0.07743436843156815,1.0539460256695747
RGM1,324,113,118,+,8.717,85,0.07988795638084412,-0.6830859184265137,0.7629738748073578
RGM1,324,137,142,-,8.717,61,0.7564542293548584,-0.1231732964515686,0.879627525806427
RGM1,324,229,234,-,8.717,71,-0.08771198987960815,0.6140312552452087,-0.7017432451248169
RGM1,325,27,32,-,8.717,65,0.12158794701099396,1.7741934061050415,-1.6526054590940475
RGM1,325,135,140,+,8.717,86,0.4504109025001526,-0.21435841917991638,0.664769321680069
RGM1,325,255,260,-,8.717,89,0.34691309928894043,0.5606702566146851,-0.21375715732574463
RGM1,325,304,309,-,8.717,84,0.6379361152648926,-0.2861444056034088,0.9240805208683014
RGM1,325,339,344,-,8.717,81,0.16972023248672485,0.18670570850372314,-0.01698547601699829
RGM1,325,404,409,+,8.717,81,-0.08585327863693237,0.004461437463760376,-0.09031471610069275
RGM1,325,454,459,+,8.717,85,-0.48351389169692993,0.4729123115539551,-0.956426203250885
RGM1,326,10,15,+,8.717,55,-0.08238246291875839,0.251146137714386,-0.3335286006331444
RGM1,326,32,37,+,8.717,77,-0.3899058699607849,-0.06029653549194336,-0.32960933446884155
RGM1,326,196,201,+,8.717,100,-0.1585940718650818,-0.1497112363576889,-0.008882835507392883
RGM1,326,266,271,-,8.717,82,-0.6374730467796326,0.47101759910583496,-1.1084906458854675
RGM1,326,272,277,+,8.717,82,-0.2534354031085968,0.151327446103096,-0.4047628492116928
RGM1,326,293,298,-,8.717,82,-0.616910457611084,0.037138886749744415,-0.6540493443608284
RGM1,327,52,57,+,8.717,81,-0.9186933040618896,-0.8707488775253296,-0.04794442653656006
RGM1,327,73,78,-,8.717,81,0.16754329204559326,0.32072722911834717,-0.1531839370727539
RGM1,327,79,84,+,8.717,81,-0.9982399940490723,0.009846046566963196,-1.0080860406160355
RGM1,327,149,154,-,8.717,100,-0.3359721302986145,0.27537503838539124,-0.6113471686840057
RGM1,327,313,318,-,8.717,95,0.2559312582015991,-0.32202640175819397,0.5779576599597931
RGM1,327,335,340,-,8.717,95,-0.0903070867061615,0.36422300338745117,-0.45453009009361267
RGM1,328,27,32,-,8.717,72,-0.05426508188247681,-0.0031808018684387207,-0.051084280014038086
RGM1,328,96,101,-,8.717,67,-0.046750426292419434,0.3346092700958252,-0.38135969638824463
RGM1,328,296,301,-,8.717,76,2.186384916305542,0.4297134280204773,1.7566714882850647
RGM1,328,306,311,+,8.717,74,0.5993204116821289,0.04621395468711853,0.5531064569950104
RGM1,328,316,321,-,8.717,74,0.4879620671272278,1.0668344497680664,-0.5788723826408386
RGM1,328,398,403,+,8.717,90,-0.17023766040802002,1.4827371835708618,-1.6529748439788818
RGM1,328,408,413,+,8.717,89,-0.1803295612335205,-0.16923916339874268,-0.011090397834777832
RGM1,329,104,109,-,8.717,66,-0.8914869427680969,0.3196089267730713,-1.2110958695411682
RGM1,329,128,133,-,8.717,66,-0.5535998344421387,-1.067760705947876,0.5141608715057373
RGM1,329,156,161,+,8.717,68,-0.4852146506309509,0.34499260783195496,-0.8302072584629059
RGM1,329,377,382,+,8.717,82,0.18252617120742798,0.05663853883743286,0.12588763236999512
RGM1,330,255,260,-,8.717,100,-0.15554529428482056,-0.26698023080825806,0.1114349365234375
RGM1,331,111,116,-,8.717,79,0.25487229228019714,-0.6200771331787109,0.8749494254589081
RGM1,331,119,124,-,8.717,73,-0.4662232995033264,-0.9180183410644531,0.4517950415611267
RGM1,331,170,175,-,8.717,71,0.21467232704162598,0.9035674333572388,-0.6888951063156128
RGM1,331,215,220,+,8.717,80,-0.37086600065231323,-0.37529122829437256,0.004425227642059326
RGM1,331,287,292,-,8.717,69,0.5574178695678711,0.23844176530838013,0.31897610425949097
RGM1,331,296,301,-,8.717,70,-0.34617936611175537,0.21915829181671143,-0.5653376579284668
RGM1,331,328,333,-,8.717,69,1.3649132251739502,0.26153260469436646,1.1033806204795837
RGM1,331,335,340,+,8.717,69,-0.2932717800140381,0.16743779182434082,-0.4607095718383789
RGM1,331,443,448,-,8.717,90,0.49625056982040405,-0.13906756043434143,0.6353181302547455
RGM1,331,483,488,-,8.717,57,0.04653051495552063,-0.12344717979431152,0.16997769474983215
RGM1,332,10,15,+,8.717,34,-0.012786120176315308,-0.5174700617790222,0.5046839416027069
RGM1,332,171,176,+,8.717,84,0.12934061884880066,0.264714777469635,-0.13537415862083435
RGM1,332,446,451,-,8.717,70,0.6342613697052002,-0.3048405945301056,0.9391019642353058
RGM1,333,94,99,-,8.717,82,0.16176316142082214,-0.13411904871463776,0.2958822101354599
RGM1,333,304,309,-,8.717,88,1.2232918739318848,0.16325460374355316,1.0600372701883316
RGM1,333,382,387,+,8.717,100,-0.08278214931488037,-0.070412278175354,-0.012369871139526367
RGM1,333,471,476,+,8.717,74,-0.13132968544960022,1.318364143371582,-1.4496938288211823
RGM1,334,57,62,+,8.717,87,-0.5450240969657898,-0.7332647442817688,0.188240647315979
RGM1,334,280,285,+,8.717,83,-0.8721082210540771,-0.42069417238235474,-0.4514140486717224
RGM1,334,342,347,-,8.717,89,0.13537102937698364,0.11807835102081299,0.017292678356170654
RGM1,334,351,356,-,8.717,89,-0.37891000509262085,-0.541826069355011,0.16291606426239014
RGM1,334,426,431,-,8.717,89,0.3609514832496643,-0.5140969753265381,0.8750484585762024
RGM1,334,444,449,-,8.717,84,-0.12302494049072266,-0.46445170044898987,0.3414267599582672
RGM1,335,5,10,+,8.717,44,-0.09719610959291458,0.1517716646194458,-0.24896777421236038
RGM1,335,23,28,+,8.717,56,0.5766003727912903,0.06682366132736206,0.5097767114639282
RGM1,335,98,103,+,8.717,83,0.38580846786499023,0.04910939931869507,0.33669906854629517
RGM1,335,107,112,+,8.717,89,0.6061287522315979,0.016988039016723633,0.5891407132148743
RGM1,335,169,174,-,8.717,83,-0.46900060772895813,0.4590606689453125,-0.9280612766742706
RGM1,335,392,397,-,8.717,87,-0.3746181130409241,0.23700553178787231,-0.6116236448287964
RGM1,336,73,78,+,8.717,100,-0.20216158032417297,-0.2921249270439148,0.08996334671974182
RGM1,337,100,105,-,8.717,96,-0.2605307698249817,-0.605842113494873,0.34531134366989136
RGM1,337,210,215,+,8.717,100,-0.1572035551071167,0.47955524921417236,-0.6367588043212891
RGM1,337,289,294,-,8.717,95,0.2345145046710968,0.025137826800346375,0.20937667787075043
RGM1,337,295,300,-,8.717,95,-0.26780566573143005,1.2171787023544312,-1.4849843680858612
RGM1,338,118,123,-,8.717,94,0.031135767698287964,0.7084387540817261,-0.6773029863834381
RGM1,338,206,211,-,8.717,92,0.1857365518808365,-0.20402957499027252,0.389766126871109
RGM1,338,295,300,+,8.717,67,2.083186388015747,-0.34488120675086975,2.428067594766617
RGM1,338,387,392,-,8.717,87,-0.18073439598083496,-0.02576562389731407,-0.1549687720835209
RGM1,338,489,494,+,8.717,38,-0.49606868624687195,0.19373995065689087,-0.6898086369037628
RGM1,339,117,122,-,8.717,97,-0.31068629026412964,0.057437360286712646,-0.3681236505508423
RGM1,339,216,221,+,8.717,84,-0.19249297678470612,-0.3081405460834503,0.1156475692987442
RGM1,339,230,235,+,8.717,89,-0.32309019565582275,0.22814017534255981,-0.5512303709983826
RGM1,339,330,335,-,8.717,69,0.3874620199203491,-0.04038470983505249,0.4278467297554016
RGM1,339,343,348,-,8.717,69,0.500257134437561,0.09832781553268433,0.4019293189048767
RGM1,339,481,486,-,8.717,58,0.40359026193618774,-0.4679673910140991,0.8715576529502869
RGM1,340,189,194,-,8.717,87,2.025047779083252,0.2550773024559021,1.7699704766273499
RGM1,340,202,207,+,8.717,87,2.636047124862671,-0.607485830783844,3.243532955646515
RGM1,340,366,371,-,8.717,100,-0.21036699414253235,0.07371968030929565,-0.284086674451828
RGM1,341,51,56,+,8.717,73,0.15910044312477112,0.3813849687576294,-0.22228452563285828
RGM1,341,267,272,-,8.717,92,0.5621438026428223,-0.6003613471984863,1.1625051498413086
RGM1,341,400,405,+,8.717,73,1.476338267326355,0.18621182441711426,1.2901264429092407
RGM1,342,82,87,+,8.717,89,0.07576539367437363,0.17220234870910645,-0.09643695503473282
RGM1,342,148,153,+,8.717,95,-0.6189948320388794,-0.08953109383583069,-0.5294637382030487
RGM1,342,156,161,+,8.717,95,-0.0916973128914833,-0.11062473058700562,0.01892741769552231
RGM1,342,327,332,-,8.717,69,0.04115240275859833,-0.30527591705322266,0.346428319811821
RGM1,342,353,358,+,8.717,68,0.31647607684135437,0.017338499426841736,0.29913757741451263
RGM1,342,494,499,-,8.717,51,-1.146345615386963,1.2628663778305054,-2.4092119932174683
RGM1,343,429,434,-,8.717,93,1.0779573917388916,-0.053008660674095154,1.1309660524129868
RGM1,343,491,496,+,8.717,47,-0.2453373670578003,-0.018282800912857056,-0.22705456614494324
RGM1,344,82,87,-,8.717,78,-0.11138325929641724,0.8335354328155518,-0.944918692111969
RGM1,344,144,149,+,8.717,93,0.8255724906921387,0.481462687253952,0.34410980343818665
RGM1,345,216,221,-,8.717,90,1.4146795272827148,-0.46413174271583557,1.8788112699985504
RGM1,345,341,346,-,8.717,92,-0.45594727993011475,0.2055957019329071,-0.6615429818630219
RGM1,345,442,447,-,8.717,91,-0.4885063171386719,-0.7393410801887512,0.25083476305007935
RGM1,346,32,37,-,8.717,76,-0.18961939215660095,-0.970581591129303,0.780962198972702
RGM1,346,125,130,+,8.717,79,-0.18111330270767212,0.15952838957309723,-0.34064169228076935
RGM1,346,146,151,-,8.717,84,-0.4696389436721802,0.05955895781517029,-0.5291979014873505
RGM1,347,281,286,+,8.717,90,0.42135289311408997,-0.11208707094192505,0.533439964056015
RGM1,347,426,431,+,8.717,90,-0.5451550483703613,0.07965612411499023,-0.6248111724853516
RGM1,347,459,464,+,8.717,76,-0.7545313239097595,-0.38501855731010437,-0.36951276659965515
RGM1,347,471,476,+,8.717,64,-0.4172741174697876,0.21735182404518127,-0.6346259415149689
RGM1,348,76,81,+,8.717,75,-0.1490580290555954,0.5662171840667725,-0.7152752131223679
RGM1,348,416,421,-,8.717,100,2.1471025943756104,-0.3433958888053894,2.4904984831809998
RGM1,349,330,335,-,8.717,51,0.003205209970474243,-0.4945751428604126,0.49778035283088684
RGM1,349,335,340,-,8.717,51,0.5756063461303711,-0.17246228456497192,0.748068630695343
RGM1,349,372,377,+,8.717,67,0.2616294026374817,-0.4070964455604553,0.668725848197937
RGM1,350,88,93,-,8.717,89,-0.327888548374176,-0.573550820350647,0.24566227197647095
RGM1,350,126,131,+,8.717,89,0.07820498198270798,0.31292593479156494,-0.23472095280885696
RGM1,350,201,206,+,8.717,96,-0.35974714159965515,-0.16834203898906708,-0.19140510261058807
RGM1,350,440,445,+,8.717,94,-0.07536253333091736,-0.04685603082180023,-0.028506502509117126
RGM1,351,0,5,-,8.717,44,0.24514499306678772,-0.2546285390853882,0.4997735321521759
RGM1,351,62,67,+,8.717,78,0.6632310152053833,-0.001044243574142456,0.6642752587795258
RGM1,351,72,77,+,8.717,81,0.4179970622062683,-0.0029182732105255127,0.4209153354167938
RGM1,351,85,90,+,8.717,75,0.27500683069229126,-0.23762139678001404,0.5126282274723053
RGM1,351,110,115,+,8.717,50,-0.24033045768737793,0.10872557759284973,-0.34905603528022766
RGM1,351,179,184,-,8.717,52,-0.3251902461051941,0.21120233833789825,-0.5363925844430923
RGM1,351,250,255,+,8.717,95,0.5069075226783752,-0.19472670555114746,0.7016342282295227
RGM1,351,319,324,+,8.717,100,-0.31877967715263367,-0.5240497589111328,0.20527008175849915
RGM1,351,401,406,+,8.717,100,-0.7458125948905945,0.48382672667503357,-1.229639321565628
RGM1,351,472,477,-,8.717,66,0.0472140908241272,0.4090028405189514,-0.3617887496948242
RGM1,352,39,44,-,8.717,88,-0.11966580152511597,0.1497168391942978,-0.26938264071941376
RGM1,352,166,171,+,8.717,93,0.02289043366909027,-0.12257707118988037,0.14546750485897064
RGM1,352,382,387,-,8.717,76,-0.1639009714126587,-0.1804530918598175,0.016552120447158813
RGM1,352,393,398,-,8.717,73,-0.32249680161476135,-0.26596391201019287,-0.05653288960456848
RGM1,352,434,439,-,8.717,66,-0.24774780869483948,-0.5064022541046143,0.2586544454097748
RGM1,353,151,156,-,8.717,93,-0.12737950682640076,-0.3875974416732788,0.26021793484687805
RGM1,353,278,283,+,8.717,95,0.952678918838501,-0.31917768716812134,1.2718566060066223
RGM1,353,356,361,+,8.717,95,-0.5041356086730957,-0.32143062353134155,-0.18270498514175415
RGM1,353,494,499,-,8.717,51,-0.5288915038108826,-0.13876274228096008,-0.3901287615299225
RGM1,354,107,112,+,8.717,89,0.7848080396652222,-0.09135154634714127,0.8761595860123634
RGM1,354,306,311,+,8.717,89,-0.5547667741775513,-0.6802453994750977,0.1254786252975464
RGM1,354,317,322,-,8.717,89,0.5274350643157959,0.27924591302871704,0.24818915128707886
RGM1,355,26,31,-,8.717,65,-0.2955675423145294,-0.15800181031227112,-0.1375657320022583
RGM1,355,321,326,-,8.717,70,-0.41062310338020325,0.02298014983534813,-0.4336032532155514
RGM1,355,391,396,-,8.717,80,-0.556449294090271,-0.026789307594299316,-0.5296599864959717
RGM1,356,32,37,-,8.717,69,0.2800214886665344,-0.2606753706932068,0.5406968593597412
RGM1,356,241,246,+,8.717,95,-0.7152589559555054,-0.28738632798194885,-0.4278726279735565
RGM1,356,298,303,-,8.717,97,-0.9389444589614868,-0.44563981890678406,-0.49330464005470276
RGM1,357,6,11,-,8.717,50,-0.1920195370912552,-0.09041601419448853,-0.10160352289676666
RGM1,357,86,91,+,8.717,95,-0.30915865302085876,-0.21913647651672363,-0.09002217650413513
RGM1,357,97,102,+,8.717,94,-0.2460528314113617,0.08849829435348511,-0.3345511257648468
RGM1,357,201,206,-,8.717,61,-0.08596283197402954,-0.5980793833732605,0.512116551399231
RGM1,357,314,319,-,8.717,82,-0.979788601398468,0.24950917065143585,-1.2292977720499039
RGM1,357,369,374,-,8.717,100,0.4423345923423767,-0.3354371190071106,0.7777717113494873
RGM1,357,468,473,-,8.717,77,-0.10940253734588623,0.5851496458053589,-0.6945521831512451
RGM1,358,16,21,-,8.717,42,0.04102259874343872,-0.665353000164032,0.7063755989074707
RGM1,358,113,118,-,8.717,88,-0.0764603316783905,-0.24309517443180084,0.16663484275341034
RGM1,358,127,132,+,8.717,89,-0.2984737753868103,0.7255843281745911,-1.0240581035614014
RGM1,359,106,111,-,8.717,95,-0.5019266605377197,0.17590254545211792,-0.6778292059898376
RGM1,359,129,134,-,8.717,90,-0.22236423194408417,-0.12798869609832764,-0.09437553584575653
RGM1,359,161,166,+,8.717,78,0.12422534823417664,0.4317691922187805,-0.3075438439846039
RGM1,359,194,199,-,8.717,78,0.4750291407108307,-0.5435683727264404,1.0185975134372711
RGM1,359,223,228,-,8.717,74,1.586654543876648,-0.1504325270652771,1.737087070941925
RGM1,359,388,393,+,8.717,75,-0.26110804080963135,-0.01573657989501953,-0.24537146091461182
RGM1,359,404,409,+,8.717,75,-0.3531287908554077,0.011021137237548828,-0.36414992809295654
RGM1,359,426,431,+,8.717,69,-0.3610163629055023,-0.12532252073287964,-0.23569384217262268
RGM1,360,224,229,-,8.717,71,1.2985416650772095,0.011583849787712097,1.2869578152894974
RGM1,360,230,235,+,8.717,71,3.296328067779541,0.3815946578979492,2.914733409881592
RGM1,361,366,371,-,8.717,81,2.11633563041687,0.6610358953475952,1.455299735069275
RGM1,361,371,376,+,8.717,81,1.6112360954284668,-0.8460728526115417,2.4573089480400085
RGM1,361,490,495,-,8.717,54,-0.7745623588562012,0.4735729694366455,-1.2481353282928467
RGM1,362,107,112,-,8.717,95,-0.32292571663856506,0.42659991979599,-0.749525636434555
RGM1,362,137,142,-,8.717,80,-0.17280270159244537,-0.2210717499256134,0.04826904833316803
RGM1,362,283,288,+,8.717,85,0.17483162879943848,0.006229139864444733,0.16860248893499374
RGM1,363,140,145,+,8.717,89,0.4771875739097595,-0.2153511643409729,0.6925387382507324
RGM1,363,299,304,+,8.717,100,-0.07843994349241257,0.2072778344154358,-0.28571777790784836
RGM1,364,62,67,-,8.717,100,-0.1591506004333496,-0.038723502308130264,-0.12042709812521935
RGM1,364,422,427,+,8.717,93,0.7536222338676453,0.09575322270393372,0.6578690111637115
RGM1,364,476,481,+,8.717,68,-0.35732343792915344,-0.14792662858963013,-0.20939680933952332
RGM1,365,55,60,-,8.717,100,-0.024029210209846497,0.9925892353057861,-1.0166184455156326
RGM1,365,423,428,-,8.717,100,-0.4687858819961548,0.26668450236320496,-0.7354703843593597
RGM1,366,25,30,+,8.717,56,-0.07095666974782944,1.9154715538024902,-1.9864282235503197
RGM1,366,50,55,-,8.717,78,0.16426312923431396,-0.13772040605545044,0.3019835352897644
RGM1,366,102,107,+,8.717,73,0.13600541651248932,-0.15983036160469055,0.29583577811717987
RGM1,366,117,122,+,8.717,85,-0.3150138854980469,-0.1819923371076584,-0.1330215483903885
RGM1,366,150,155,-,8.717,90,-0.450526624917984,0.5099300146102905,-0.9604566395282745
RGM1,367,40,45,+,8.717,72,-0.08721375465393066,-0.045347124338150024,-0.04186663031578064
RGM1,367,48,53,+,8.717,80,-0.06542903184890747,-0.16895997524261475,0.10353094339370728
RGM1,367,59,64,+,8.717,82,-0.10350620746612549,-0.5404202938079834,0.4369140863418579
RGM1,367,177,182,+,8.717,73,0.5116852521896362,-0.515133798122406,1.0268190503120422
RGM1,367,195,200,+,8.717,69,1.0602684020996094,0.38692402839660645,0.6733443737030029
RGM1,367,231,236,-,8.717,74,1.0351067781448364,0.3758559823036194,0.659250795841217
RGM1,368,213,218,-,8.717,74,-0.45372313261032104,-0.5204513669013977,0.06672823429107666
RGM1,368,252,257,-,8.717,80,1.7706968784332275,0.9629749059677124,0.8077219724655151
RGM1,368,258,263,-,8.717,80,1.83488130569458,-0.0807376503944397,1.9156189560890198
RGM1,368,397,402,+,8.717,100,-0.1639300137758255,-0.17711254954338074,0.013182535767555237
RGM1,368,482,487,-,8.717,63,-0.22250133752822876,0.042147181928157806,-0.26464851945638657
RGM1,369,121,126,+,8.717,52,2.1789169311523438,0.17161893844604492,2.007297992706299
RGM1,369,154,159,-,8.717,65,-1.0388211011886597,-0.20602306723594666,-0.832798033952713
RGM1,369,159,164,-,8.717,65,-0.6130594611167908,0.12484182417392731,-0.7379012852907181
RGM1,369,210,215,+,8.717,96,0.596298098564148,-0.20487141609191895,0.8011695146560669
RGM1,369,282,287,+,8.717,85,-0.4437514543533325,-0.32321906089782715,-0.12053239345550537
RGM1,369,321,326,+,8.717,78,-0.5541068911552429,0.4903150200843811,-1.044421911239624
RGM1,370,205,210,+,8.717,88,-0.11993464827537537,1.285035252571106,-1.4049699008464813
RGM1,370,452,457,-,8.717,80,-0.09243687987327576,-0.428859680891037,0.33642280101776123
RGM1,371,213,218,-,8.717,88,-0.20352619886398315,-0.1441999077796936,-0.05932629108428955
RGM1,372,76,81,+,8.717,81,-0.2912822365760803,0.596807599067688,-0.8880898356437683
RGM1,372,273,278,+,8.717,86,-0.4592905044555664,0.4121714234352112,-0.8714619278907776
RGM1,373,362,367,-,8.717,79,0.56792151927948,-0.36750537157058716,0.9354268908500671
RGM1,373,402,407,-,8.717,78,-0.32476818561553955,-0.05279195308685303,-0.2719762325286865
RGM1,374,49,54,+,8.717,99,-0.024303972721099854,-0.3163921535015106,0.29208818078041077
RGM1,374,116,121,+,8.717,95,0.004024088382720947,-0.202861487865448,0.20688557624816895
RGM1,374,402,407,+,8.717,78,1.0467005968093872,0.2839616537094116,0.7627389430999756
RGM1,374,442,447,+,8.717,79,1.9917881488800049,0.08588755130767822,1.9059005975723267
RGM1,375,297,302,+,8.717,93,-0.4993555545806885,-0.2796727120876312,-0.21968284249305725
RGM1,375,396,401,-,8.717,100,1.4171425104141235,-0.5074453353881836,1.9245878458023071
RGM1,375,490,495,-,8.717,50,-1.2041622400283813,-0.025657758116722107,-1.1785044819116592
RGM1,376,262,267,-,8.717,74,0.13339856266975403,-0.44217780232429504,0.5755763649940491
RGM1,376,274,279,-,8.717,69,-0.07316064834594727,-0.42683812975883484,0.3536774814128876
RGM1,376,466,471,+,8.717,72,-0.012492895126342773,-0.6132680177688599,0.6007751226425171
RGM1,377,23,28,-,8.717,65,0.06431472301483154,-0.4888368844985962,0.5531516075134277
RGM1,377,294,299,+,8.717,72,-0.5995856523513794,-0.5134590268135071,-0.08612662553787231
RGM1,377,321,326,-,8.717,74,-0.45329153537750244,0.2062920182943344,-0.6595835536718369
RGM1,377,356,361,+,8.717,79,-0.17970527708530426,0.05197225511074066,-0.23167753219604492
RGM1,377,486,491,+,8.717,51,-0.20629718899726868,0.0643106997013092,-0.2706078886985779
RGM1,378,165,170,+,8.717,54,0.3957303464412689,-0.004613414406776428,0.40034376084804535
RGM1,378,320,325,-,8.717,75,0.23226302862167358,-0.049712687730789185,0.28197571635246277
RGM1,378,326,331,-,8.717,75,0.2628375291824341,0.036180928349494934,0.22665660083293915
RGM1,378,396,401,-,8.717,98,0.689848005771637,-0.24846190214157104,0.938309907913208
RGM1,378,489,494,-,8.717,52,-0.3254919648170471,-0.07340037822723389,-0.25209158658981323
RGM1,379,90,95,-,8.717,64,-0.1757686734199524,-0.3759004771709442,0.20013180375099182
RGM1,379,96,101,+,8.717,64,-0.013836801052093506,-0.06695301830768585,0.053116217255592346
RGM1,379,150,155,+,8.717,84,-0.6157116293907166,0.6139944195747375,-1.229706048965454
RGM1,379,214,219,+,8.717,95,-0.7279219627380371,0.05193142592906952,-0.7798533886671066
RGM1,379,242,247,+,8.717,95,-0.016706466674804688,-0.247065007686615,0.2303585410118103
RGM1,379,299,304,-,8.717,100,-0.5383095145225525,0.051753804087638855,-0.5900633186101913
RGM1,379,354,359,+,8.717,89,-0.09207959473133087,-0.44320064783096313,0.35112105309963226
RGM1,379,362,367,+,8.717,89,-0.2345118671655655,-0.31993624567985535,0.08542437851428986
RGM1,380,125,130,+,8.717,86,0.5910335183143616,0.2546931207180023,0.33634039759635925
RGM1,380,317,322,+,8.717,57,0.5897912979125977,-0.23378217220306396,0.8235734701156616
RGM1,380,352,357,-,8.717,65,0.11780855059623718,-0.17351213097572327,0.29132068157196045
RGM1,380,359,364,+,8.717,67,-0.16531121730804443,0.8696701526641846,-1.034981369972229
RGM1,380,474,479,-,8.717,52,-0.07919767498970032,0.4934094548225403,-0.5726071298122406
RGM1,381,255,260,+,8.717,94,0.46089842915534973,-0.42189833521842957,0.8827967643737793
RGM1,381,472,477,-,8.717,65,0.06323663145303726,0.42803311347961426,-0.364796482026577
RGM1,382,96,101,-,8.717,100,-0.15562963485717773,-0.6260998249053955,0.4704701900482178
RGM1,382,243,248,-,8.717,80,0.9210350513458252,-0.3457547724246979,1.266789823770523
RGM1,382,293,298,-,8.717,95,-0.3411833643913269,0.12916141748428345,-0.47034478187561035
RGM1,382,369,374,+,8.717,95,1.4679927825927734,0.2831980586051941,1.1847947239875793
RGM1,382,394,399,-,8.717,95,0.2754295766353607,-0.1327749490737915,0.4082045257091522
RGM1,383,137,142,+,8.717,70,1.0605850219726562,0.04676581174135208,1.0138192102313042
RGM1,383,173,178,-,8.717,83,0.19110563397407532,0.03449583053588867,0.15660980343818665
RGM1,383,209,214,+,8.717,90,0.5506194829940796,-0.7492789626121521,1.2998984456062317
RGM1,383,222,227,-,8.717,79,-0.16541363298892975,0.42603665590286255,-0.5914502888917923
RGM1,383,266,271,+,8.717,73,0.08750645071268082,-0.24380943179130554,0.33131588250398636
RGM1,383,273,278,+,8.717,74,0.9079054594039917,-0.06338292360305786,0.9712883830070496
RGM1,383,293,298,+,8.717,78,1.040831208229065,-0.05084385350346565,1.0916750617325306
RGM1,383,309,314,+,8.717,73,-0.6854810118675232,0.21939663589000702,-0.9048776477575302
RGM1,383,349,354,-,8.717,82,0.7592364549636841,-0.1835588812828064,0.9427953362464905
RGM1,383,375,380,-,8.717,81,-0.24931581318378448,0.37015464901924133,-0.6194704622030258
RGM1,384,236,241,-,8.717,67,-0.21251991391181946,-0.030348122119903564,-0.1821717917919159
RGM1,384,331,336,+,8.717,87,-0.273497611284256,0.06344819068908691,-0.3369458019733429
RGM1,385,274,279,+,8.717,52,0.19360485672950745,-0.15897038578987122,0.35257524251937866
RGM1,385,300,305,+,8.717,68,0.21861767768859863,-0.3064400553703308,0.5250577330589294
RGM1,385,306,311,+,8.717,74,-0.3046915829181671,-0.33285659551620483,0.02816501259803772
RGM1,386,50,55,+,8.717,86,-0.5322888493537903,0.31431394815444946,-0.8466027975082397
RGM1,386,67,72,+,8.717,86,0.1319296509027481,-0.4646270275115967,0.5965566784143448
RGM1,387,106,111,-,8.717,86,0.45149922370910645,-0.5940481424331665,1.045547366142273
RGM1,387,123,128,-,8.717,86,-0.7091789245605469,0.8756532073020935,-1.5848321318626404
RGM1,387,225,230,+,8.717,72,-0.3075619637966156,-0.4348840117454529,0.12732204794883728
RGM1,387,244,249,+,8.717,71,-0.1768185794353485,-0.4178842008113861,0.2410656213760376
RGM1,387,250,255,+,8.717,67,-0.31044214963912964,0.0004789978265762329,-0.31092114746570587
RGM1,387,301,306,+,8.717,77,-0.40800851583480835,0.18145637214183807,-0.5894648879766464
RGM1,387,314,319,+,8.717,85,-0.1259879618883133,-0.0449499785900116,-0.0810379832983017
RGM1,388,215,220,+,8.717,78,-0.2882051467895508,0.008695095777511597,-0.2969002425670624
RGM1,388,253,258,+,8.717,80,0.13383910059928894,0.0986403077840805,0.035198792815208435
RGM1,388,297,302,+,8.717,71,-0.28835922479629517,-0.09849593788385391,-0.18986328691244125
RGM1,389,5,10,+,8.717,36,-0.3545856773853302,-0.2719862759113312,-0.08259940147399902
RGM1,389,20,25,+,8.717,39,0.6434362530708313,-0.22121694684028625,0.8646531999111176
RGM1,389,49,54,+,8.717,56,0.7003603577613831,0.02344319224357605,0.676917165517807
RGM1,389,65,70,-,8.717,56,1.745823621749878,1.0669280290603638,0.6788955926895142
RGM1,389,100,105,+,8.717,71,-0.1721174567937851,0.8839038610458374,-1.0560213178396225
RGM1,389,112,117,+,8.717,75,-0.20875686407089233,0.24896612763404846,-0.4577229917049408
RGM1,389,192,197,+,8.717,85,-0.006305232644081116,-0.23608726263046265,0.22978202998638153
RGM1,389,201,206,-,8.717,84,0.25036606192588806,1.8725051879882812,-1.6221391260623932
RGM1,389,210,215,+,8.717,80,-0.18780866265296936,-0.1891527622938156,0.0013440996408462524
RGM1,389,255,260,+,8.717,75,0.16628536581993103,1.0731006860733032,-0.9068153202533722
RGM1,389,305,310,-,8.717,86,0.48760920763015747,-0.12842638790607452,0.616035595536232
RGM1,389,412,417,-,8.717,95,-0.2004067599773407,-0.17032882571220398,-0.03007793426513672
RGM1,390,59,64,-,8.717,75,-0.6828038692474365,-0.24340054392814636,-0.43940332531929016
RGM1,390,71,76,-,8.717,71,-0.44720950722694397,-0.6324496269226074,0.18524011969566345
RGM1,390,106,111,+,8.717,56,1.4673420190811157,-0.38255512714385986,1.8498971462249756
RGM1,390,122,127,-,8.717,48,1.0942847728729248,-0.10043933987617493,1.1947241127490997
RGM1,390,151,156,-,8.717,49,0.12626491487026215,-0.11543109267950058,0.24169600754976273
RGM1,390,166,171,-,8.717,61,-0.1516568660736084,-0.14426925778388977,-0.007387608289718628
RGM1,390,323,328,+,8.717,76,0.6519535779953003,-0.15094779431819916,0.8029013723134995
RGM1,390,398,403,+,8.717,72,-0.598039984703064,-0.2891418933868408,-0.30889809131622314
RGM1,391,164,169,+,8.717,95,-0.44731268286705017,0.005513250827789307,-0.4528259336948395
RGM1,391,180,185,+,8.717,95,-0.09174907207489014,0.04205918312072754,-0.13380825519561768
RGM1,391,286,291,-,8.717,100,0.7028181552886963,-0.17350739240646362,0.8763255476951599
RGM1,392,151,156,+,8.717,88,-0.4513329267501831,-0.19793516397476196,-0.25339776277542114
RGM1,392,175,180,+,8.717,83,-0.03677612543106079,-0.1454758644104004,0.1086997389793396
RGM1,392,222,227,+,8.717,95,-0.15239134430885315,1.1059330701828003,-1.2583244144916534
RGM1,392,291,296,+,8.717,93,0.24455438554286957,-0.4681980013847351,0.7127523869276047
RGM1,392,393,398,+,8.717,96,-0.22787359356880188,0.2551563084125519,-0.48302990198135376
RGM1,392,444,449,-,8.717,91,0.07680065929889679,1.4510555267333984,-1.3742548674345016
RGM1,392,481,486,+,8.717,59,-0.285096138715744,1.3026676177978516,-1.5877637565135956
RGM1,393,429,434,-,8.717,95,0.7230619788169861,0.27590981125831604,0.44715216755867004
RGM1,393,440,445,+,8.717,95,0.007990896701812744,-0.22131451964378357,0.2293054163455963
RGM1,394,17,22,-,8.717,39,-0.4907609522342682,-0.543046236038208,0.05228528380393982
RGM1,395,108,113,-,8.717,67,1.3178128004074097,-0.1583775132894516,1.4761903136968613
RGM1,395,340,345,-,8.717,88,-0.41842901706695557,-0.179174542427063,-0.23925447463989258
RGM1,395,345,350,-,8.717,89,-0.06651854515075684,-0.41484004259109497,0.34832149744033813
RGM1,395,443,448,-,8.717,72,-0.5668842792510986,0.23147451877593994,-0.7983587980270386
RGM1,396,255,260,-,8.717,95,0.49089059233665466,0.0015986710786819458,0.4892919212579727
RGM1,396,271,276,-,8.717,95,0.13685260713100433,-0.5707728266716003,0.7076254338026047
RGT1,53,315,325,+,12.879,66,0.23013870418071747,0.5711105465888977,-0.34097184240818024
RGT1,82,358,368,+,11.927,67,0.03488386422395706,0.4878784716129303,-0.45299460738897324
RGT1,86,67,77,+,12.879,85,-0.42235827445983887,0.06399103999137878,-0.48634931445121765
RGT1,87,280,290,-,12.108,89,-0.12099292874336243,0.16047130525112152,-0.28146423399448395
RGT1,90,23,33,-,11.499,59,0.07488057017326355,-0.05629730224609375,0.1311778724193573
RGT1,96,280,290,-,12.295,62,-0.6310551762580872,0.21843422949314117,-0.8494894057512283
RGT1,134,162,172,+,11.771,90,-0.46735429763793945,-0.17565980553627014,-0.2916944921016693
RGT1,159,30,40,+,11.39,38,-0.01712629199028015,-0.633618175983429,0.6164918839931488
RGT1,164,471,481,+,13.502,50,0.2337895780801773,-0.2250996232032776,0.4588892012834549
RGT1,167,59,69,-,12.889,71,-0.42019230127334595,-0.4343618154525757,0.014169514179229736
RGT1,167,471,481,-,11.385,66,-0.43809956312179565,0.1476326584815979,-0.5857322216033936
RGT1,175,275,285,+,12.108,49,-0.3231995701789856,-0.09858031570911407,-0.22461925446987152
RGT1,176,340,350,-,12.108,49,-0.5539122223854065,0.11099863052368164,-0.6649108529090881
RGT1,178,351,361,-,12.108,91,-0.4261515736579895,-0.05954292416572571,-0.3666086494922638
RGT1,191,9,19,-,11.368,49,0.3585568368434906,0.2613534927368164,0.0972033441066742
RGT1,212,144,154,-,12.295,78,0.27972400188446045,0.11971720308065414,0.1600067988038063
RGT1,236,450,460,+,13.293,67,0.5232681035995483,-0.2134639024734497,0.736732006072998
RGT1,237,238,248,-,13.293,67,0.9233958125114441,0.29703497886657715,0.6263608336448669
RGT1,252,237,247,-,11.523,77,-0.6418606042861938,0.4491472840309143,-1.0910078883171082
RGT1,258,282,292,+,11.782,79,-0.37367963790893555,-0.13013547658920288,-0.24354416131973267
RGT1,323,229,239,+,12.709,91,0.058899879455566406,-0.13881796598434448,0.1977178454399109
RGT1,334,481,491,-,12.709,53,-0.14666563272476196,0.25451815128326416,-0.4011837840080261
RGT1,340,199,209,-,12.879,92,1.3306233882904053,-0.48306789994239807,1.8136912882328033
RGT1,387,298,308,-,12.889,79,-0.1718214899301529,0.039438098669052124,-0.21125958859920502
RIM101,1,453,460,+,14.278,90,-0.21575075387954712,-0.1739540994167328,-0.04179665446281433
RIM101,26,305,312,-,14.278,85,-0.06574448943138123,-0.3546253442764282,0.288880854845047
RIM101,96,275,282,-,8.798,54,-0.5933839678764343,0.824560284614563,-1.4179442524909973
RIM101,97,165,172,+,14.278,82,0.006462037563323975,-0.3207753300666809,0.3272373676300049
RIM101,104,90,97,+,8.798,82,0.0020216703414916992,-0.16043567657470703,0.16245734691619873
RIM101,114,333,340,-,14.278,63,0.17172937095165253,-0.23918722569942474,0.41091659665107727
RIM101,117,211,218,-,14.278,40,-0.03251400589942932,-0.916573166847229,0.8840591609477997
RIM101,123,199,206,+,14.278,85,-0.18541093170642853,-0.015314623713493347,-0.17009630799293518
RIM101,160,102,109,+,8.798,100,0.13106593489646912,-0.24392831325531006,0.3749942481517792
RIM101,161,130,137,-,8.798,100,0.24133549630641937,-0.18564441800117493,0.4269799143075943
RIM101,161,264,271,-,8.798,83,0.22209450602531433,0.1566988229751587,0.06539568305015564
RIM101,188,179,186,+,8.798,87,0.18322129547595978,0.7601554989814758,-0.576934203505516
RIM101,225,236,243,+,14.278,76,-0.31756168603897095,-0.791778564453125,0.47421687841415405
RIM101,274,256,263,-,8.798,87,0.2685692012310028,-0.5212361216545105,0.7898053228855133
RIM101,295,453,460,+,8.798,90,0.595940351486206,-0.2726222276687622,0.8685625791549683
RIM101,300,0,7,-,8.798,50,-0.17591774463653564,-0.9651898145675659,0.7892720699310303
RIM101,304,53,60,-,8.798,61,1.6464319229125977,-0.16272449493408203,1.8091564178466797
RIM101,306,453,460,+,14.278,82,0.7724471092224121,1.0300674438476562,-0.25762033462524414
RIM101,355,357,364,-,8.798,73,0.18764770030975342,-0.2002379149198532,0.38788561522960663
RIM101,374,266,273,-,14.278,85,-0.4170377552509308,-0.5586186051368713,0.14158084988594055
RIM101,375,485,492,-,14.278,55,-1.2984592914581299,-0.20557677745819092,-1.092882513999939
RIM101,388,319,326,-,8.798,74,-0.006817515008151531,-0.5068750977516174,0.5000575827434659
ROX1,43,224,232,-,10.279,43,-0.26903676986694336,0.3977634906768799,-0.6668002605438232
ROX1,75,107,115,-,10.437,72,-0.07595357298851013,-0.7220149040222168,0.6460613310337067
ROX1,81,405,413,-,10.437,76,-0.3081640303134918,-0.11307907104492188,-0.19508495926856995
ROX1,84,491,499,-,10.279,46,-0.8027204275131226,0.19957995414733887,-1.0023003816604614
ROX1,137,26,34,-,10.505,58,-0.4533270001411438,-0.2057419717311859,-0.24758502840995789
ROX1,150,424,432,+,10.437,74,0.5269428491592407,-0.20410089194774628,0.731043741106987
ROX1,154,171,179,-,10.92,91,-0.8861602544784546,-0.39490556716918945,-0.49125468730926514
ROX1,168,389,397,-,10.92,100,0.09557974338531494,-0.15644855797290802,0.25202830135822296
ROX1,196,156,164,-,10.505,75,-0.3271981477737427,0.5947442054748535,-0.9219423532485962
ROX1,197,432,440,+,10.505,75,-0.0010299235582351685,0.7170195579528809,-0.718049481511116
ROX1,203,232,240,+,10.437,66,0.10004588961601257,-0.4395921528339386,0.5396380424499512
ROX1,226,335,343,-,10.279,82,0.1477811634540558,-0.17051830887794495,0.31829947233200073
ROX1,240,319,327,-,10.437,88,-0.45120981335639954,-0.5707521438598633,0.11954233050346375
ROX1,253,368,376,+,10.505,74,-0.6863000392913818,0.40264010429382324,-1.088940143585205
ROX1,267,358,366,-,10.92,86,-0.12295250594615936,-0.30153322219848633,0.17858071625232697
ROX1,288,468,476,-,10.92,64,0.7297276258468628,0.05490022897720337,0.6748273968696594
ROX1,289,224,232,-,10.92,85,0.7990016341209412,-0.3970867097377777,1.1960883438587189
ROX1,292,315,323,-,10.505,79,-0.04014438018202782,0.024749279022216797,-0.06489365920424461
ROX1,293,236,244,+,10.505,79,-0.39562445878982544,-0.14771825075149536,-0.24790620803833008
ROX1,346,314,322,-,10.279,65,0.09689189493656158,-0.16258414089679718,0.25947603583335876
ROX1,348,308,316,-,10.505,83,-0.025184202939271927,0.45045018196105957,-0.4756343849003315
ROX1,357,293,301,+,10.505,85,-0.3414309024810791,-0.021330401301383972,-0.32010050117969513
ROX1,359,420,428,-,10.279,75,-0.6103260517120361,0.5359460115432739,-1.14627206325531
ROX1,370,98,106,+,10.505,90,0.5354740023612976,-0.2946450710296631,0.8301190733909607
ROX1,371,317,325,-,10.505,90,-0.2953951358795166,0.5659115314483643,-0.8613066673278809
RPH1,25,218,226,-,14.586,56,-0.0014056563377380371,0.1986539512872696,-0.20005960762500763
RPH1,58,288,296,+,14.586,83,0.2087077796459198,0.8705828785896301,-0.6618750989437103
RPH1,68,90,98,-,12.614,86,-0.21592316031455994,-0.26282060146331787,0.046897441148757935
RPH1,84,191,199,-,14.663,90,0.05733351409435272,0.06967144459486008,-0.012337930500507355
RPH1,113,262,270,+,12.525,92,-0.09390619397163391,0.5985243320465088,-0.6924305260181427
RPH1,117,196,204,+,14.324,36,-0.24506187438964844,-0.2946998178958893,0.049637943506240845
RPH1,140,119,127,+,12.525,75,-0.34273597598075867,0.22076407074928284,-0.5635000467300415
RPH1,146,185,193,+,12.787,66,0.814139723777771,-0.5653202533721924,1.3794599771499634
RPH1,167,66,74,+,16.461,69,-0.6301780939102173,-0.398611456155777,-0.2315666377544403
RPH1,198,142,150,-,14.663,73,0.1500203013420105,-0.26109325885772705,0.41111356019973755
RPH1,199,66,74,+,14.663,73,0.2621461749076843,0.22989140450954437,0.032254770398139954
RPH1,218,382,390,-,14.324,67,-0.3030354082584381,-0.060165733098983765,-0.24286967515945435
RPH1,219,229,237,+,14.324,67,-0.42666876316070557,0.031138986349105835,-0.4578077495098114
RPH1,258,310,318,-,12.525,76,-0.235282301902771,-0.20539253950119019,-0.02988976240158081
RPH1,259,100,108,+,12.787,69,-0.1780102401971817,0.7644318342208862,-0.9424420744180679
RPH1,280,30,38,+,14.663,69,0.08161702752113342,0.09722566604614258,-0.015608638525009155
RPH1,284,419,427,+,13.211,87,-0.0505368709564209,-0.11728036403656006,0.06674349308013916
RPH1,323,352,360,+,13.847,90,0.08685141801834106,-0.2077656239271164,0.29461704194545746
RPH1,357,191,199,+,12.525,64,0.1323252171278,-0.6054408550262451,0.7377660721540451
RPN4,43,223,235,+,13.479,44,-0.22378204762935638,0.21645903587341309,-0.44024108350276947
RPN4,63,347,359,-,14.463,88,0.08769191056489944,-0.18812888860702515,0.2758207991719246
RPN4,117,312,324,+,12.789,88,-0.4767208695411682,-0.03747019171714783,-0.4392506778240204
RPN4,150,421,433,-,12.274,78,0.4472714066505432,-0.2010968029499054,0.6483682096004486
RPN4,196,155,167,+,12.442,79,-0.20867708325386047,0.4296782910823822,-0.6383553743362427
RPN4,197,429,441,-,12.442,79,-0.11691389232873917,0.3163253664970398,-0.43323925882577896
RPN4,203,229,241,-,12.85,70,0.019979745149612427,-0.4301545321941376,0.45013427734375
RPN4,205,148,160,+,11.889,100,0.12960727512836456,0.16044092178344727,-0.030833646655082703
RPN4,226,334,346,+,12.006,86,0.26364630460739136,-0.16671904921531677,0.43036535382270813
RPN4,240,318,330,+,11.912,88,-0.370773583650589,-0.43554267287254333,0.06476908922195435
RPN4,251,82,94,+,12.789,79,-0.237167090177536,0.2428606003522873,-0.4800276905298233
RPN4,254,14,26,+,13.079,64,-0.16167718172073364,-0.2960856556892395,0.13440847396850586
RPN4,279,223,235,-,12.553,83,-0.10685918480157852,-0.14127175509929657,0.03441257029771805
RPN4,296,268,280,+,12.834,90,-0.32941561937332153,0.6668360829353333,-0.9962517023086548
RPN4,305,220,232,-,12.459,85,0.025587674230337143,0.4022991955280304,-0.37671152129769325
RPN4,312,199,211,+,15.125,85,0.3999778628349304,-0.5504599809646606,0.9504378437995911
RPN4,333,258,270,+,12.44,95,-0.24372878670692444,-0.061574988067150116,-0.18215379863977432
RPN4,346,313,325,+,12.417,68,0.11676572263240814,-0.155568927526474,0.27233465015888214
RPN4,351,154,166,-,11.604,55,-0.15519440174102783,1.133147120475769,-1.2883415222167969
RPN4,359,419,431,+,13.527,76,-0.5590811371803284,0.5286268591880798,-1.0877079963684082
RPN4,373,183,195,+,11.944,94,-0.15400774776935577,0.03144046291708946,-0.18544821068644524
RPN4,378,138,150,+,11.925,47,0.23651987314224243,-0.1412307769060135,0.3777506500482559
RSC3,12,177,184,-,9.977,74,0.8140987157821655,-0.047882914543151855,0.8619816303253174
RSC3,28,116,123,-,10.697,78,0.9585521221160889,-0.37613242864608765,1.3346845507621765
RSC3,32,115,122,-,10.697,70,2.43912672996521,-0.39236462116241455,2.8314913511276245
RSC3,32,131,138,-,10.697,68,0.5443456172943115,-0.08415186405181885,0.6284974813461304
RSC3,43,187,194,-,10.697,64,0.2848329246044159,0.3724311590194702,-0.08759823441505432
RSC3,44,201,208,-,10.697,76,3.1815152168273926,-0.4759248197078705,3.657440036535263
RSC3,45,293,300,-,10.697,63,0.025141596794128418,1.629964828491211,-1.6048232316970825
RSC3,55,233,240,-,10.697,72,0.3464497923851013,1.7016032934188843,-1.355153501033783
RSC3,55,257,264,-,10.697,75,0.10693284869194031,-0.13727536797523499,0.2442082166671753
RSC3,59,256,263,+,10.697,95,0.21865978837013245,-0.1639954149723053,0.38265520334243774
RSC3,72,309,316,+,10.697,69,0.5812064409255981,1.7851191759109497,-1.2039127349853516
RSC3,87,183,190,-,10.697,74,0.12058369815349579,-0.04792991280555725,0.16851361095905304
RSC3,91,398,405,-,10.697,92,-0.1362147033214569,-0.24390363693237305,0.10768893361091614
RSC3,100,439,446,-,10.697,99,0.3228122293949127,0.38565683364868164,-0.06284460425376892
RSC3,104,245,252,-,9.977,65,2.8844192028045654,0.24140934646129608,2.6430098563432693
RSC3,104,259,266,+,10.697,65,2.3825576305389404,-0.5214859843254089,2.9040436148643494
RSC3,110,271,278,-,10.697,69,0.23287883400917053,-0.2872512638568878,0.5201300978660583
RSC3,145,365,372,-,10.697,61,-0.3298061788082123,-0.21237675845623016,-0.11742942035198212
RSC3,150,432,439,-,10.697,73,0.27635347843170166,-0.0663805902004242,0.34273406863212585
RSC3,156,255,262,-,10.697,95,0.9206209778785706,-0.5925487279891968,1.5131697058677673
RSC3,193,36,43,-,9.977,52,0.06261307001113892,0.03784424066543579,0.024768829345703125
RSC3,213,24,31,+,10.697,41,0.794952392578125,-0.024470776319503784,0.8194231688976288
RSC3,214,126,133,-,10.697,45,1.6415501832962036,-0.2701539099216461,1.9117040932178497
RSC3,226,271,278,+,9.977,99,-0.310893177986145,-0.4231886863708496,0.11229550838470459
RSC3,236,440,447,-,10.697,74,0.6287937760353088,0.15338943898677826,0.4754043370485306
RSC3,237,251,258,+,10.697,74,0.643348217010498,-0.3358481526374817,0.9791963696479797
RSC3,257,42,49,-,10.697,68,0.058982670307159424,-0.09667542576789856,0.15565809607505798
RSC3,273,395,402,-,10.697,84,-0.3334271311759949,0.2072734236717224,-0.5407005548477173
RSC3,280,53,60,-,9.977,88,-0.012359201908111572,0.35358262062072754,-0.3659418225288391
RSC3,291,16,23,-,9.977,57,-0.06294244527816772,-0.2152186632156372,0.15227621793746948
RSC3,308,181,188,+,10.697,97,0.2028907984495163,0.2529883086681366,-0.0500975102186203
RSC3,309,64,71,+,10.697,80,0.13570259511470795,-0.9204196333885193,1.0561222285032272
RSC3,311,6,13,+,10.697,41,-0.31031620502471924,-0.22556857764720917,-0.08474762737751007
RSC3,332,16,23,-,10.697,42,0.013592734932899475,-0.5523827075958252,0.5659754425287247
RSC3,346,285,292,-,10.697,54,-0.2842267155647278,-0.054714351892471313,-0.22951236367225647
RSC3,376,471,478,-,9.977,67,0.4241115152835846,-0.24692115187644958,0.6710326671600342
RSC3,393,34,41,+,10.697,84,0.05378371477127075,-0.13172920048236847,0.18551291525363922
RSC3,394,219,226,+,10.697,100,-0.20020028948783875,0.7124994397163391,-0.9126997292041779
RSF2,6,25,34,+,11.874,65,0.2201462686061859,1.744629144668579,-1.5244828760623932
RSF2,12,408,417,+,11.908,84,-0.46955403685569763,0.9391934275627136,-1.4087474644184113
RSF2,40,189,198,+,11.874,66,-0.4774017333984375,-0.08733668923377991,-0.3900650441646576
RSF2,48,106,115,+,11.908,87,-0.2910022735595703,0.6239168047904968,-0.9149190783500671
RSF2,54,443,452,-,11.908,83,2.836078405380249,-1.1307743787765503,3.9668527841567993
RSF2,84,98,107,-,11.608,83,0.3537084460258484,-0.48504748940467834,0.8387559354305267
RSF2,85,270,279,-,11.908,58,0.0337875634431839,-0.10927203297615051,0.1430595964193344
RSF2,121,444,453,-,11.908,97,1.4579122066497803,-0.41429322957992554,1.8722054362297058
RSF2,126,444,453,-,11.908,97,2.015441656112671,0.3620702624320984,1.6533713936805725
RSF2,148,465,474,-,13.14,51,0.011948168277740479,-0.0947532057762146,0.10670137405395508
RSF2,154,304,313,+,11.908,94,1.244114637374878,0.5115096569061279,0.73260498046875
RSF2,187,376,385,-,11.956,79,-0.2659250795841217,0.23826420307159424,-0.5041892826557159
RSF2,201,238,247,+,11.922,86,-0.3633229434490204,-0.20611536502838135,-0.15720757842063904
RSF2,226,365,374,-,11.608,78,0.4596356451511383,-0.21690534055233002,0.6765409857034683
RSF2,242,283,292,+,13.14,75,-0.14849907159805298,0.4711464047431946,-0.6196454763412476
RSF2,279,462,471,+,11.874,71,-0.2565840184688568,0.46737170219421387,-0.7239557206630707
RSF2,310,250,259,-,11.874,83,0.30088597536087036,0.23385533690452576,0.0670306384563446
RSF2,321,7,16,+,11.956,32,0.4196873903274536,-0.3458700478076935,0.7655574381351471
RSF2,337,98,107,-,11.956,100,-0.608253538608551,-0.6121459007263184,0.003892362117767334
RSF2,351,108,117,+,11.922,52,-0.024806395173072815,0.2423660010099411,-0.2671723961830139
RSF2,386,25,34,+,11.874,65,0.21926864981651306,1.743437647819519,-1.524168998003006
RSF2,387,144,153,-,11.874,85,0.6455313563346863,0.418804407119751,0.2267269492149353
SDD4,1,1,8,+,10.354,49,0.4342079162597656,-0.265485942363739,0.6996938586235046
SDD4,4,113,120,-,10.354,74,-0.00048238039016723633,0.03538346290588379,-0.035865843296051025
SDD4,16,59,66,-,10.354,64,-0.7563690543174744,-0.25319916009902954,-0.5031698942184448
SDD4,17,199,206,+,10.354,64,-0.8477954864501953,-0.5415093898773193,-0.306286096572876
SDD4,24,156,163,+,10.354,94,-0.12381204962730408,-0.9698628187179565,0.8460507690906525
SDD4,25,29,36,-,10.354,72,-0.04382699728012085,-0.14272227883338928,0.09889528155326843
SDD4,32,179,186,-,10.354,79,0.17013970017433167,-0.3892211616039276,0.5593608617782593
SDD4,36,396,403,-,10.354,84,-0.1654667854309082,-0.16017428040504456,-0.0052925050258636475
SDD4,38,119,126,+,10.354,69,-0.35446682572364807,-0.40586057305336,0.051393747329711914
SDD4,41,443,450,-,10.354,94,-0.018979430198669434,-0.515781581401825,0.4968021512031555
SDD4,54,244,251,+,10.354,80,-0.3186241090297699,-0.23228612542152405,-0.08633798360824585
SDD4,68,281,288,+,10.354,93,-0.169000506401062,-0.1910843402147293,0.022083833813667297
SDD4,70,125,132,+,10.354,89,-0.6324409246444702,0.7186678647994995,-1.3511087894439697
SDD4,73,369,376,-,10.354,60,-0.37523722648620605,0.37976324558258057,-0.7550004720687866
SDD4,75,135,142,+,10.354,72,0.1365652233362198,0.02040395699441433,0.11616126634180546
SDD4,78,18,25,-,10.354,60,0.2916739881038666,0.1978304386138916,0.09384354948997498
SDD4,85,431,438,-,10.354,100,0.2587735056877136,-0.5199880599975586,0.7787615656852722
SDD4,97,11,18,-,10.354,56,-0.24160683155059814,-0.10093632340431213,-0.140670508146286
SDD4,97,98,105,+,10.354,77,-0.06443917751312256,-0.23379215598106384,0.16935297846794128
SDD4,101,98,105,-,10.354,84,-0.29256510734558105,-0.14533761143684387,-0.14722749590873718
SDD4,102,74,81,+,10.354,84,-0.4753926396369934,-0.40706539154052734,-0.06832724809646606
SDD4,102,360,367,-,10.354,82,0.41167619824409485,-0.25166410207748413,0.663340300321579
SDD4,105,78,85,-,10.354,84,-0.8452445268630981,-0.19293555617332458,-0.6523089706897736
SDD4,105,110,117,+,10.354,74,-0.30698391795158386,0.03925378620624542,-0.3462377041578293
SDD4,108,237,244,+,10.354,76,-0.184306800365448,-0.31186777353286743,0.12756097316741943
SDD4,111,442,449,-,10.354,65,0.4728219211101532,0.01710498332977295,0.45571693778038025
SDD4,133,170,177,+,10.354,70,-1.0155298709869385,0.19207708537578583,-1.2076069563627243
SDD4,138,262,269,+,10.354,90,0.2663934528827667,-0.007533371448516846,0.27392682433128357
SDD4,144,332,339,-,10.354,94,0.6242823004722595,-0.5762293338775635,1.200511634349823
SDD4,153,169,176,-,10.354,85,0.7886133193969727,1.3017998933792114,-0.5131865739822388
SDD4,161,343,350,+,10.354,81,-0.049166858196258545,-0.13767632842063904,0.0885094702243805
SDD4,162,417,424,-,10.354,81,0.003451049327850342,0.08001601696014404,-0.0765649676322937
SDD4,165,381,388,+,10.354,73,0.0285869762301445,-0.07135220617055893,0.09993918240070343
SDD4,166,248,255,-,10.354,73,-0.10967782884836197,0.26855865120887756,-0.37823648005723953
SDD4,199,211,218,-,10.354,74,-0.251425564289093,0.6413697600364685,-0.8927953243255615
SDD4,206,273,280,-,10.354,56,-0.731188178062439,0.2399515062570572,-0.9711396843194962
SDD4,216,168,175,-,10.354,94,0.10322442650794983,0.09989523887634277,0.0033291876316070557
SDD4,220,445,452,+,10.354,76,-0.029830873012542725,-0.12539583444595337,0.09556496143341064
SDD4,221,101,108,-,10.354,78,-0.040849924087524414,-0.024960190057754517,-0.015889734029769897
SDD4,227,181,188,-,10.354,75,0.4909108281135559,-0.2017456293106079,0.6926564574241638
SDD4,230,169,176,+,10.354,100,0.471268892288208,-0.03181428834795952,0.5030831806361675
SDD4,230,377,384,-,10.354,95,0.24621596932411194,0.17973783612251282,0.06647813320159912
SDD4,231,470,477,-,10.354,68,-0.7572003602981567,0.009792070835828781,-0.7669924311339855
SDD4,241,219,226,+,10.354,100,0.7199490070343018,0.5055563449859619,0.21439266204833984
SDD4,244,492,499,+,10.354,41,0.361519992351532,0.9837698936462402,-0.6222499012947083
SDD4,253,320,327,-,10.354,58,1.370323657989502,-0.36613455414772034,1.7364582121372223
SDD4,256,248,255,+,10.354,90,-0.6672165989875793,-0.10290364176034927,-0.5643129572272301
SDD4,260,382,389,-,10.354,81,0.03182417154312134,0.18652333319187164,-0.1546991616487503
SDD4,267,61,68,-,10.354,95,0.7035519480705261,-0.2190977931022644,0.9226497411727905
SDD4,289,382,389,-,10.354,100,0.3872021436691284,0.24023115634918213,0.1469709873199463
SDD4,301,254,261,+,10.354,85,1.654029369354248,0.5063242316246033,1.1477051377296448
SDD4,302,400,407,-,10.354,85,1.298633098602295,-0.6045663952827454,1.9031994938850403
SDD4,308,91,98,+,10.354,82,-0.08141294121742249,0.10650915652513504,-0.18792209774255753
SDD4,316,84,91,-,10.354,74,-0.010016955435276031,-0.2727079391479492,0.2626909837126732
SDD4,317,140,147,+,10.354,74,0.12089984118938446,0.1229078620672226,-0.0020080208778381348
SDD4,317,382,389,-,10.354,93,0.22422020137310028,-0.11765561997890472,0.341875821352005
SDD4,320,241,248,-,10.354,75,0.2332564741373062,-0.45905551314353943,0.6923119872808456
SDD4,322,253,260,+,10.354,83,-0.49085861444473267,0.29348790645599365,-0.7843465209007263
SDD4,328,113,120,-,10.354,74,0.003049194812774658,0.03377431631088257,-0.03072512149810791
SDD4,341,422,429,-,10.354,75,-0.40761059522628784,0.46437209844589233,-0.8719826936721802
SDD4,348,261,268,-,10.354,67,0.38534119725227356,-0.3658219873905182,0.7511631846427917
SDD4,349,318,325,-,10.354,50,0.7129168510437012,-0.4965013265609741,1.2094181776046753
SDD4,352,446,453,+,10.354,71,-0.15660744905471802,0.4452410936355591,-0.6018485426902771
SDD4,355,167,174,-,10.354,93,-0.2204781472682953,-0.40067726373672485,0.18019911646842957
SDD4,355,193,200,+,10.354,93,0.459749311208725,-0.27259013056755066,0.7323394417762756
SDD4,358,459,466,-,10.354,73,-0.18879364430904388,-0.20179158449172974,0.012997940182685852
SDD4,369,349,356,-,10.354,85,-0.3265365660190582,-0.03575634956359863,-0.2907802164554596
SDD4,376,311,318,-,10.354,81,-0.01279989629983902,0.49013757705688477,-0.5029374733567238
SDD4,390,386,393,-,10.354,63,-0.9972036480903625,-0.549233615398407,-0.44797003269195557
SDD4,392,156,163,+,10.354,90,-0.1040911078453064,-0.12323853373527527,0.019147425889968872
SDD4,392,316,323,-,10.354,95,0.017657332122325897,-0.6620866656303406,0.6797439977526665
SDD4,395,294,301,+,10.354,81,0.4041318893432617,-0.36881011724472046,0.7729420065879822
SDD4,396,404,411,-,10.354,94,0.24483542144298553,0.09917999804019928,0.14565542340278625
SFP1,16,76,97,+,11.704,72,1.2662909030914307,0.47189953923225403,0.7943913638591766
SFP1,17,168,189,-,11.704,72,1.599551796913147,0.5031563639640808,1.0963954329490662
SFP1,115,24,45,-,12.227,56,-0.12710469961166382,-0.030075550079345703,-0.09702914953231812
SFP1,115,25,46,-,13.041,57,-0.1234864592552185,0.02023977041244507,-0.14372622966766357
SFP1,115,26,47,-,16.235,58,-0.10972952842712402,0.03163909912109375,-0.14136862754821777
SFP1,115,27,48,-,14.091,59,-0.10664671659469604,0.06027522683143616,-0.1669219434261322
SFP1,154,94,115,+,13.249,95,-0.30885815620422363,-0.41084760427474976,0.10198944807052612
SFP1,189,458,479,+,15.332,69,-0.08964046090841293,-0.4989045262336731,0.40926406532526016
SFP1,189,459,480,+,15.516,68,-0.153484046459198,-0.464282751083374,0.310798704624176
SFP1,189,460,481,+,16.089,67,-0.22882972657680511,-0.5221620798110962,0.2933323532342911
SFP1,220,434,455,-,12.867,86,-0.13417094945907593,-0.1430792212486267,0.008908271789550781
SFP1,221,98,119,+,12.867,91,-0.03969627618789673,0.1164214164018631,-0.15611769258975983
SFP1,225,475,496,+,12.724,54,-0.4888770580291748,-0.14487643539905548,-0.3440006226301193
SFP1,246,165,186,-,12.464,84,0.18733182549476624,0.05708068609237671,0.13025113940238953
SFP1,246,166,187,-,12.747,84,0.3809189796447754,-0.030200108885765076,0.41111908853054047
SFP1,313,357,378,+,12.376,82,0.21063272655010223,0.31441134214401245,-0.10377861559391022
SFP1,321,174,195,-,11.833,67,0.05950179696083069,-0.13019752502441406,0.18969932198524475
SFP1,321,175,196,-,12.283,67,0.12818776071071625,-0.13684198260307312,0.26502974331378937
SFP1,324,172,193,+,12.68,79,-0.13903778791427612,0.1455014944076538,-0.28453928232192993
SFP1,338,283,304,-,11.997,76,0.7180173397064209,-0.17967379093170166,0.8976911306381226
SKN7.1,1,261,270,-,10.98,61,0.08643651008605957,0.08706972002983093,-0.0006332099437713623
SKN7.1,5,160,169,-,10.98,89,0.7037069201469421,0.48412343859672546,0.21958348155021667
SKN7.1,12,424,433,-,10.928,90,-0.6233468055725098,-0.3173731565475464,-0.3059736490249634
SKN7.1,34,78,87,-,10.98,80,0.020582377910614014,-0.10062730312347412,0.12120968103408813
SKN7.1,40,141,150,+,10.98,67,2.098944664001465,-0.09705585241317749,2.1960005164146423
SKN7.1,48,166,175,+,10.98,95,-0.14070777595043182,-0.16532015800476074,0.02461238205432892
SKN7.1,83,22,31,+,11.7,56,0.0007366538047790527,-0.004304349422454834,0.005041003227233887
SKN7.1,89,70,79,-,10.976,97,0.018529236316680908,-0.0708405077457428,0.0893697440624237
SKN7.1,94,204,213,-,10.98,75,0.6370658278465271,-0.013905912637710571,0.6509717404842377
SKN7.1,95,81,90,+,10.753,83,-0.19322124123573303,-0.5313365459442139,0.33811530470848083
SKN7.1,105,70,79,-,10.98,87,-0.23102720081806183,-0.031592994928359985,-0.19943420588970184
SKN7.1,110,278,287,+,10.98,70,-0.3295321464538574,0.8429329991340637,-1.1724651455879211
SKN7.1,112,462,471,-,10.976,76,-0.04482787474989891,0.10214543342590332,-0.14697330817580223
SKN7.1,120,107,116,-,10.951,89,-0.20874786376953125,0.3751350939273834,-0.5838829576969147
SKN7.1,120,108,117,-,11.13,89,-0.2102183699607849,0.4289705455303192,-0.6391889154911041
SKN7.1,126,156,165,+,10.951,84,-0.027703285217285156,-0.13047677278518677,0.10277348756790161
SKN7.1,126,206,215,+,10.928,56,0.5209472179412842,-0.08505639433860779,0.606003612279892
SKN7.1,170,48,57,+,10.753,88,0.3654683232307434,0.0025220513343811035,0.3629462718963623
SKN7.1,188,155,164,+,10.903,90,0.45901644229888916,0.01971551775932312,0.43930092453956604
SKN7.1,191,350,359,-,10.875,79,-0.28135401010513306,0.8481535911560059,-1.129507601261139
SKN7.1,198,125,134,+,10.753,74,-0.04404905438423157,0.18757525086402893,-0.2316243052482605
SKN7.1,199,82,91,-,10.753,74,0.2099694013595581,0.4939274787902832,-0.2839580774307251
SKN7.1,222,30,39,-,10.951,79,0.19570516049861908,0.07483631372451782,0.12086884677410126
SKN7.1,222,31,40,-,11.13,80,0.29887276887893677,0.35958805680274963,-0.060715287923812866
SKN7.1,223,356,365,+,11.13,99,0.29725876450538635,0.03763434290885925,0.2596244215965271
SKN7.1,223,357,366,+,10.951,99,0.2666431963443756,0.0056795477867126465,0.26096364855766296
SKN7.1,235,21,30,-,11.025,60,0.16723793745040894,-0.4110095798969269,0.5782475173473358
SKN7.1,235,415,424,-,10.903,49,-0.334781676530838,0.2084338665008545,-0.5432155430316925
SKN7.1,259,91,100,-,10.778,70,-0.20676082372665405,0.880183219909668,-1.086944043636322
SKN7.1,321,177,186,+,11.025,57,0.015412628650665283,-0.050687357783317566,0.06609998643398285
SKN7.1,345,160,169,-,10.98,89,0.7031845450401306,0.46776247024536133,0.2354220747947693
SKN7.1,354,468,477,-,10.753,62,-0.08331699669361115,-0.22648975253105164,0.1431727558374405
SKN7.1,354,489,498,-,10.753,41,-0.2546519339084625,-0.3846936523914337,0.1300417184829712
SKN7.2,6,172,178,+,9.653,85,-0.17245912551879883,-0.01428559422492981,-0.15817353129386902
SKN7.2,15,302,308,+,9.653,82,-0.039237916469573975,-0.24816693365573883,0.20892901718616486
SKN7.2,21,1,7,+,9.653,45,-0.24484622478485107,-0.021613508462905884,-0.2232327163219452
SKN7.2,21,31,37,-,9.653,75,-0.2186356484889984,0.6816648244857788,-0.9003004729747772
SKN7.2,22,437,443,-,9.653,88,-0.04091370105743408,-0.395069420337677,0.3541557192802429
SKN7.2,25,407,413,-,9.653,81,-0.3545314073562622,-0.6995142102241516,0.3449828028678894
SKN7.2,41,166,172,-,9.653,90,-0.5013306140899658,-0.06574958562850952,-0.4355810284614563
SKN7.2,74,174,180,+,9.653,87,0.21382315456867218,0.0754866898059845,0.13833646476268768
SKN7.2,77,391,397,-,9.653,70,-0.12384888529777527,-0.2122558057308197,0.08840692043304443
SKN7.2,82,362,368,-,9.653,67,-0.012418635189533234,0.14002656936645508,-0.1524452045559883
SKN7.2,83,56,62,-,9.653,81,-0.07865536212921143,-0.14096614718437195,0.06231078505516052
SKN7.2,91,128,134,-,9.653,79,-0.2759482264518738,0.5977255702018738,-0.8736737966537476
SKN7.2,96,191,197,+,9.653,64,0.3627028465270996,0.14355939626693726,0.21914345026016235
SKN7.2,106,79,85,-,9.653,76,-0.1810835301876068,-0.28590142726898193,0.10481789708137512
SKN7.2,109,295,301,-,9.653,67,0.31293946504592896,0.2908407151699066,0.02209874987602234
SKN7.2,118,130,136,+,9.653,90,1.1112697124481201,-0.21559274196624756,1.3268624544143677
SKN7.2,126,211,217,+,9.653,56,0.918470561504364,-1.0397857427597046,1.9582563042640686
SKN7.2,126,256,262,+,9.653,60,0.07649187743663788,-0.1951286792755127,0.2716205567121506
SKN7.2,128,91,97,+,9.653,76,-0.3562365174293518,-0.7808135747909546,0.4245770573616028
SKN7.2,128,107,113,+,9.653,75,-0.3114877939224243,-0.25042980909347534,-0.061057984828948975
SKN7.2,132,145,151,+,9.653,95,-0.20091190934181213,0.36914825439453125,-0.5700601637363434
SKN7.2,138,62,68,+,9.653,89,-0.28140223026275635,0.36960190534591675,-0.6510041356086731
SKN7.2,151,84,90,-,9.653,87,0.021511226892471313,0.48267048597335815,-0.46115925908088684
SKN7.2,156,436,442,+,9.653,95,0.20717093348503113,-0.20220929384231567,0.4093802273273468
SKN7.2,158,357,363,-,9.653,94,0.19289150834083557,0.5056411623954773,-0.3127496540546417
SKN7.2,180,295,301,-,9.653,84,0.3747675120830536,0.5408268570899963,-0.16605934500694275
SKN7.2,181,265,271,+,9.653,84,-0.6335315108299255,-0.061458855867385864,-0.5720726549625397
SKN7.2,182,434,440,-,9.653,84,-0.3946893811225891,-0.08931826055049896,-0.30537112057209015
SKN7.2,195,11,17,+,9.653,38,-0.8165198564529419,0.05508279800415039,-0.8716026544570923
SKN7.2,195,470,476,-,9.653,66,0.1879652440547943,0.08422908186912537,0.10373616218566895
SKN7.2,231,104,110,-,9.653,80,-0.07787907123565674,0.3565472364425659,-0.43442630767822266
SKN7.2,232,421,427,-,9.653,92,0.20246422290802002,0.9132738709449768,-0.7108096480369568
SKN7.2,233,490,496,+,9.653,45,-0.42029526829719543,0.14098623394966125,-0.5612815022468567
SKN7.2,234,204,210,+,9.653,71,-0.23024418950080872,-0.5330586433410645,0.30281445384025574
SKN7.2,245,74,80,-,9.653,68,0.06837451457977295,-0.4104984998703003,0.47887301445007324
SKN7.2,245,185,191,+,9.653,77,-0.39708834886550903,0.10288411378860474,-0.49997246265411377
SKN7.2,257,185,191,+,9.653,89,-0.00822022557258606,-0.10112673044204712,0.09290650486946106
SKN7.2,277,391,397,-,9.653,78,-0.12571604549884796,-0.6622769236564636,0.5365608781576157
SKN7.2,285,349,355,+,9.653,92,-0.194271981716156,0.08807087689638138,-0.2823428586125374
SKN7.2,292,381,387,-,9.653,61,0.10513240098953247,0.5465396642684937,-0.4414072632789612
SKN7.2,293,172,178,+,9.653,61,0.07385429739952087,0.44486260414123535,-0.3710083067417145
SKN7.2,304,204,210,-,9.653,100,0.5009801387786865,-0.12671487033367157,0.6276950091123581
SKN7.2,308,107,113,+,9.653,81,-0.21846124529838562,-0.10085874795913696,-0.11760249733924866
SKN7.2,321,17,23,+,9.653,39,-0.22387295961380005,-0.7639628052711487,0.5400898456573486
SKN7.2,329,474,480,-,9.653,70,0.041480839252471924,-0.05656811594963074,0.09804895520210266
SKN7.2,330,49,55,-,9.653,84,-0.13901850581169128,-0.7344154119491577,0.5953969061374664
SKN7.2,339,7,13,-,9.653,57,-0.1411752700805664,0.17743074893951416,-0.31860601902008057
SKN7.2,349,267,273,+,9.653,81,-0.09868660569190979,0.06574636697769165,-0.16443297266960144
SKN7.2,369,61,67,-,9.653,72,0.5140839219093323,-0.5892657041549683,1.1033496260643005
SKN7.2,386,172,178,+,9.653,85,-0.17255255579948425,-0.01254880428314209,-0.16000375151634216
SKN7.2,387,0,6,-,9.653,48,-0.9750921726226807,1.151934266090393,-2.1270264387130737
SKN7.2,387,262,268,+,9.653,67,0.2457512617111206,0.3597818911075592,-0.1140306293964386
SKN7.2,388,63,69,+,9.653,74,0.1951330304145813,-0.13793233036994934,0.33306536078453064
SKN7.2,392,94,100,+,9.653,82,0.07476337999105453,0.4452178180217743,-0.37045443803071976
SKN7.2,394,52,58,-,9.653,55,-0.2340809404850006,-0.4080471098423004,0.1739661693572998
SKN7.2,395,478,484,-,9.653,38,-0.48491406440734863,0.14455276727676392,-0.6294668316841125
SKO1,2,278,286,-,12.259,75,-0.38059771060943604,0.027944445610046387,-0.4085421562194824
SKO1,61,26,34,-,11.508,71,1.1596704721450806,0.01656019687652588,1.1431102752685547
SKO1,84,250,258,+,11.467,83,0.06146107614040375,-0.7014243602752686,0.7628854364156723
SKO1,95,223,231,-,12.83,68,-0.021214868873357773,-0.1801518201828003,0.15893695130944252
SKO1,133,150,158,+,12.83,69,-0.9321944713592529,0.3063622713088989,-1.2385567426681519
SKO1,135,98,106,+,12.038,67,-0.5096985101699829,-0.21492400765419006,-0.29477450251579285
SKO1,142,461,469,-,12.259,69,-0.29340308904647827,-0.3362720012664795,0.04286891222000122
SKO1,161,413,421,-,12.83,93,-0.036731988191604614,0.0661599338054657,-0.10289192199707031
SKO1,162,346,354,+,12.83,93,-0.07368122041225433,0.34152916073799133,-0.41521038115024567
SKO1,197,67,75,+,12.038,97,-0.08474242687225342,0.11533060669898987,-0.2000730335712433
SKO1,208,479,487,+,11.426,36,-0.31395223736763,0.5087404251098633,-0.8226926624774933
SKO1,209,224,232,-,11.426,56,-0.2966318130493164,0.7650416493415833,-1.0616734623908997
SKO1,227,212,220,-,12.83,81,-0.1367555856704712,-0.18466687202453613,0.04791128635406494
SKO1,233,6,14,+,11.426,33,0.047299861907958984,0.1645684838294983,-0.1172686219215393
SKO1,235,59,67,-,12.83,83,-0.04252558946609497,0.6903743743896484,-0.7328999638557434
SKO1,246,283,291,+,12.259,88,0.8341591358184814,-0.06828826665878296,0.9024474024772644
SKO1,349,14,22,+,12.83,51,-0.03415966033935547,-1.5917739868164062,1.5576143264770508
SKO1,361,377,385,+,12.259,81,-0.02628502994775772,-0.22797928750514984,0.20169425755739212
SKO1,395,27,35,+,12.83,46,0.21862086653709412,-0.8980088829994202,1.1166297495365143
SOK2,14,91,99,-,10.33,83,-0.017974853515625,0.30712366104125977,-0.32509851455688477
SOK2,15,364,372,+,10.701,81,-0.1474447250366211,-0.1990077644586563,0.05156303942203522
SOK2,19,114,122,+,10.701,71,0.09134379029273987,0.22015279531478882,-0.12880900502204895
SOK2,33,243,251,-,10.767,66,0.25943079590797424,0.5224046111106873,-0.262973815202713
SOK2,39,262,270,+,10.701,91,0.012817412614822388,-0.16074919700622559,0.17356660962104797
SOK2,52,257,265,+,10.33,74,-0.11698730289936066,-0.27684658765792847,0.1598592847585678
SOK2,70,379,387,+,10.701,83,-0.40947744250297546,0.03800293803215027,-0.44748038053512573
SOK2,75,314,322,+,11.655,94,0.1978711187839508,-0.3093772530555725,0.5072483718395233
SOK2,86,353,361,-,10.767,80,0.2350870966911316,-0.31631895899772644,0.551406055688858
SOK2,88,20,28,-,10.767,64,-0.05077219009399414,-0.5050139427185059,0.4542417526245117
SOK2,113,324,332,+,10.767,99,0.23935455083847046,0.0004672277718782425,0.23888732306659222
SOK2,151,113,121,+,10.33,89,-0.11983394622802734,-0.6842430830001831,0.5644091367721558
SOK2,198,252,260,-,11.284,100,-0.1759480983018875,-0.03890180587768555,-0.13704629242420197
SOK2,200,166,174,+,11.655,81,0.12756527960300446,-0.0811847373843193,0.20875001698732376
SOK2,202,339,347,-,11.655,81,0.5300835371017456,-0.21504896879196167,0.7451325058937073
SOK2,220,365,373,+,9.924,91,-0.0932704508304596,-0.17758631706237793,0.08431586623191833
SOK2,231,229,237,-,10.637,97,0.06703449785709381,-0.7974710464477539,0.8645055443048477
SOK2,297,403,411,+,10.33,89,-0.01838759332895279,-0.1521058976650238,0.13371830433607101
SOK2,321,374,382,+,11.655,73,-0.08968962728977203,0.19003504514694214,-0.2797246724367142
SOK2,330,391,399,+,9.924,79,0.008892789483070374,1.0257059335708618,-1.0168131440877914
SOK2,341,41,49,-,10.396,67,0.18014004826545715,0.02779737114906311,0.15234267711639404
SOK2,358,62,70,+,10.33,74,-0.03389517962932587,-0.39204391837120056,0.3581487387418747
SOK2,365,222,230,+,9.924,83,0.12601006031036377,-0.18472719192504883,0.3107372522354126
SPT15,40,273,294,+,12.435,84,0.3166372776031494,0.24348343908786774,0.07315383851528168
SPT15,43,177,198,+,11.332,71,0.4123954176902771,0.39529138803482056,0.017104029655456543
SPT15,62,260,281,-,12.286,92,-0.07552598416805267,0.5475525856018066,-0.6230785697698593
SPT15,104,255,276,-,13.153,79,1.1435630321502686,-0.42897558212280273,1.5725386142730713
SPT15,125,94,115,-,11.978,82,-0.47002190351486206,-0.1870250403881073,-0.28299686312675476
SPT15,128,305,326,+,11.563,82,0.040004197508096695,0.09084109961986542,-0.05083690211176872
SPT15,136,182,203,+,11.144,50,-0.21060395240783691,-0.14583614468574524,-0.06476780772209167
SPT15,139,464,485,+,17.844,40,-0.05058354139328003,-0.658998966217041,0.608415424823761
SPT15,140,320,341,-,17.844,75,-0.22020834684371948,0.6888573169708252,-0.9090656638145447
SPT15,145,359,380,+,15.73,69,0.0725739598274231,-0.35468825697898865,0.42726221680641174
SPT15,145,361,382,+,12.504,67,0.17492839694023132,-0.43498748540878296,0.6099158823490143
SPT15,145,363,384,+,17.855,65,0.05725448578596115,-0.4349755048751831,0.49222999066114426
SPT15,145,365,386,+,15.703,65,0.16043540835380554,-0.4955090880393982,0.6559444963932037
SPT15,145,367,388,+,16.711,65,0.08298670500516891,-0.5564484000205994,0.6394351050257683
SPT15,145,369,390,+,15.248,65,0.11314240843057632,-0.5977148413658142,0.7108572497963905
SPT15,145,371,392,+,16.306,65,0.14171992242336273,-0.6551446914672852,0.7968646138906479
SPT15,145,373,394,+,12.23,65,0.10447381436824799,-0.700760543346405,0.805234357714653
SPT15,195,339,360,-,10.903,83,-0.036901772022247314,-0.10249179601669312,0.0655900239944458
SPT15,196,125,146,+,10.914,68,-0.2511003017425537,-0.2459602952003479,-0.0051400065422058105
SPT15,197,450,471,-,10.914,67,-0.32455724477767944,0.4358418583869934,-0.7603991031646729
SPT15,213,16,37,-,13.381,45,0.46178269386291504,0.07362395524978638,0.38815873861312866
SPT15,214,120,141,+,13.381,49,0.6869300603866577,-0.15955668687820435,0.8464867472648621
SPT15,235,377,398,+,11.088,69,-0.7912580370903015,0.23422092199325562,-1.0254789590835571
SPT15,236,432,453,+,10.894,85,0.44146639108657837,0.025586605072021484,0.4158797860145569
SPT15,236,434,455,+,12.88,83,0.4660412073135376,0.0004766732454299927,0.4655645340681076
SPT15,237,243,264,-,12.88,83,0.45088255405426025,-0.16142433881759644,0.6123068928718567
SPT15,237,245,266,-,10.894,85,0.386701762676239,-0.08200228214263916,0.4687040448188782
SPT15,257,32,53,+,11.469,72,-0.07448136806488037,-0.16273745894432068,0.08825609087944031
SPT15,286,411,432,+,10.876,95,-0.02363460138440132,-0.3629501760005951,0.33931557461619377
SPT15,287,223,244,-,10.876,95,0.16528350114822388,0.08402359485626221,0.08125990629196167
SPT15,292,348,369,-,11.51,73,0.04961250722408295,0.9189162254333496,-0.8693037182092667
SPT15,293,190,211,+,11.51,73,-0.25439149141311646,-0.09230083227157593,-0.16209065914154053
SPT15,304,127,148,-,17.199,78,0.8141026496887207,0.10698956251144409,0.7071130871772766
SPT15,316,37,58,-,12.379,67,-0.11318251490592957,-0.21806934475898743,0.10488682985305786
SPT15,317,173,194,+,12.379,80,0.013756543397903442,-0.04961666464805603,0.06337320804595947
SPT15,356,74,95,+,12.288,75,-0.3869738280773163,0.038301050662994385,-0.42527487874031067
SPT15,356,76,97,+,11.552,75,-0.3903431296348572,-0.0465693473815918,-0.3437737822532654
SPT15,356,78,99,+,14.968,75,-0.3468616306781769,-0.12532836198806763,-0.22153326869010925
SPT15,356,80,101,+,15.12,75,-0.3182837665081024,-0.12729161977767944,-0.19099214673042297
SPT15,356,82,103,+,16.711,75,-0.29943543672561646,-0.14859485626220703,-0.15084058046340942
SPT15,356,84,105,+,16.711,77,-0.28107354044914246,-0.13640928268432617,-0.14466425776481628
SPT15,356,86,107,+,16.711,79,-0.23961639404296875,-0.1449645757675171,-0.09465181827545166
SPT15,356,88,109,+,16.711,80,-0.20462831854820251,-0.17939013242721558,-0.02523818612098694
SPT15,356,90,111,+,15.248,80,-0.20562246441841125,-0.16471493244171143,-0.04090753197669983
SPT15,356,92,113,+,16.306,80,-0.14489522576332092,-0.15614843368530273,0.011253207921981812
SPT15,356,94,115,+,12.23,80,-0.07125163078308105,-0.12846893072128296,0.057217299938201904
SPT15,374,181,202,-,10.748,80,-0.05588182806968689,-0.3797628879547119,0.323881059885025
SPT15,384,49,70,-,11.662,79,0.2112499326467514,-0.5837384462356567,0.7949883788824081
STB4,5,432,441,-,13.918,95,0.03227768465876579,0.9741830229759216,-0.9419053383171558
STB4,7,298,307,+,11.892,72,-0.036886006593704224,-0.4762991964817047,0.4394131898880005
STB4,14,281,290,+,12.42,89,-0.2732003331184387,-0.363558292388916,0.0903579592704773
STB4,18,4,13,+,13.918,45,-0.060191214084625244,-0.7503982186317444,0.6902070045471191
STB4,22,206,215,+,13.561,84,0.4142017364501953,0.0676068440079689,0.3465948924422264
STB4,32,319,328,-,13.561,81,-0.03185074031352997,-0.7225028276443481,0.6906520873308182
STB4,68,474,483,-,14.618,64,-0.5688822269439697,0.5587854385375977,-1.1276676654815674
STB4,177,187,196,-,13.177,89,-0.6572927236557007,0.2424764633178711,-0.8997691869735718
STB4,179,52,61,-,13.177,53,0.45559415221214294,0.3681739568710327,0.08742019534111023
STB4,180,84,93,+,13.177,58,0.2931179106235504,-0.659649133682251,0.9527670443058014
STB4,212,34,43,+,16.643,77,0.5243865847587585,0.05239756405353546,0.4719890207052231
STB4,214,184,193,-,12.084,64,-0.4796687364578247,0.1512991338968277,-0.6309678703546524
STB4,285,89,98,+,12.973,89,-0.17938455939292908,0.17941392958164215,-0.35879848897457123
STB4,329,141,150,-,11.892,70,0.18284735083580017,0.6532323956489563,-0.47038504481315613
STB4,345,432,441,-,13.918,95,0.030304603278636932,0.9709867238998413,-0.9406821206212044
STB4,356,374,383,+,11.892,100,-0.17829462885856628,0.32237157225608826,-0.5006662011146545
STB4,387,198,207,+,12.57,79,0.15777362883090973,0.5254101157188416,-0.3676364868879318
STB5,13,97,105,-,12.318,79,0.316840797662735,0.12024223804473877,0.19659855961799622
STB5,25,271,279,-,10.768,74,0.2170543670654297,-0.1364385187625885,0.3534928858280182
STB5,36,451,459,-,11.452,64,1.0781810283660889,0.6764864325523376,0.4016945958137512
STB5,40,338,346,+,10.999,83,0.7132569551467896,-0.28306466341018677,0.9963216185569763
STB5,45,310,318,+,10.95,69,-0.023645102977752686,1.1751796007156372,-1.19882470369339
STB5,52,16,24,-,10.999,49,0.34648144245147705,0.009019076824188232,0.3374623656272888
STB5,53,451,459,-,11.534,76,1.2801287174224854,0.046008676290512085,1.2341200411319733
STB5,63,217,225,-,11.534,72,0.11175916343927383,-0.2013150006532669,0.31307416409254074
STB5,65,28,36,+,10.768,59,0.013779491186141968,-0.62083899974823,0.634618490934372
STB5,73,118,126,-,11.452,85,-0.6630889177322388,0.3419782519340515,-1.0050671696662903
STB5,78,451,459,-,11.452,64,0.35484278202056885,-0.10619866847991943,0.4610414505004883
STB5,81,450,458,-,11.534,68,0.2409515082836151,0.6301143169403076,-0.3891628086566925
STB5,93,120,128,+,12.318,68,0.0049273669719696045,0.14061987400054932,-0.1356925070285797
STB5,98,187,195,+,11.534,80,0.10966222733259201,0.4441656172275543,-0.3345033898949623
STB5,113,450,458,-,11.452,71,0.5784810781478882,-0.04942959547042847,0.6279106736183167
STB5,148,259,267,+,11.188,76,-0.6278696656227112,-0.31250476837158203,-0.31536489725112915
STB5,178,271,279,+,10.95,96,-0.3873371183872223,0.14889167249202728,-0.5362287908792496
STB5,206,253,261,+,12.664,60,-0.09088421612977982,-0.2069154679775238,0.11603125184774399
STB5,208,450,458,+,11.452,65,0.011078611016273499,-0.008463874459266663,0.01954248547554016
STB5,209,253,261,-,11.452,73,-0.07505031675100327,0.8669725060462952,-0.9420228227972984
STB5,217,9,17,+,12.664,46,0.11892028152942657,0.057987961918115616,0.06093231961131096
STB5,225,26,34,+,11.452,44,-0.20129579305648804,0.0333976149559021,-0.23469340801239014
STB5,234,36,44,+,10.768,83,0.040931880474090576,0.48610395193099976,-0.4451720714569092
STB5,236,198,206,+,11.363,79,-0.182089164853096,1.2619736194610596,-1.4440627843141556
STB5,237,492,500,-,11.363,42,0.2925119400024414,-0.8086222410202026,1.101134181022644
STB5,281,8,16,-,10.999,46,0.5830851793289185,0.49369150400161743,0.08939367532730103
STB5,284,117,125,+,10.999,58,-0.0835830569267273,-0.8948477506637573,0.81126469373703
STB5,316,47,55,+,11.534,64,0.4698149263858795,-0.3590151071548462,0.8288300335407257
STB5,317,176,184,-,11.534,67,0.346085786819458,0.291412353515625,0.05467343330383301
STB5,321,28,36,+,10.768,52,-0.3669047951698303,-0.458202600479126,0.09129780530929565
STB5,333,153,161,-,10.999,82,-0.08486855030059814,-0.07417526841163635,-0.010693281888961792
STB5,334,114,122,+,11.534,100,0.14390535652637482,0.03156062960624695,0.11234472692012787
STB5,335,332,340,-,11.534,100,0.4322565197944641,0.026427149772644043,0.40582937002182007
STB5,370,466,474,+,11.296,66,-0.11391204595565796,-0.05064970254898071,-0.06326234340667725
STB5,375,149,157,-,11.296,97,-0.0813310444355011,0.08668044209480286,-0.16801148653030396
STE12,34,406,413,-,11.362,95,-0.6750746965408325,-0.6007519960403442,-0.07432270050048828
STE12,34,411,418,+,11.362,95,-0.4492465853691101,-0.15322977304458618,-0.2960168123245239
STE12,46,294,301,-,11.362,95,-0.08701460063457489,-0.28475338220596313,0.19773878157138824
STE12,46,476,483,-,11.362,61,-0.465531587600708,-0.1918632984161377,-0.2736682891845703
STE12,60,145,152,-,11.362,48,-0.6895959973335266,0.34474191069602966,-1.0343379080295563
STE12,77,32,39,-,11.362,82,0.029368609189987183,-0.6968020796775818,0.726170688867569
STE12,77,489,496,+,11.362,54,-0.5912816524505615,0.10514378547668457,-0.6964254379272461
STE12,80,406,413,+,11.362,88,-0.9311112761497498,0.3329141438007355,-1.2640254199504852
STE12,85,263,270,-,11.362,61,0.15307211875915527,0.039353907108306885,0.11371821165084839
STE12,89,210,217,-,11.362,79,-0.6585067510604858,-0.12417671084403992,-0.5343300402164459
STE12,99,25,32,-,11.362,68,-0.7359525561332703,0.04603159427642822,-0.7819841504096985
STE12,110,181,188,-,11.362,83,-0.16878479719161987,-0.17756259441375732,0.008777797222137451
STE12,115,37,44,-,11.362,55,-0.06107282638549805,0.07452820241451263,-0.13560102880001068
STE12,125,92,99,-,11.362,68,-0.0726141631603241,-0.11156171560287476,0.03894755244255066
STE12,129,17,24,+,11.362,57,-0.20299559831619263,0.06124858558177948,-0.2642441838979721
STE12,146,464,471,-,11.362,79,-0.3159453868865967,-0.1918867528438568,-0.12405863404273987
STE12,153,299,306,+,11.362,94,-0.11811918020248413,0.5723114013671875,-0.6904305815696716
STE12,163,397,404,-,11.362,90,-0.22721236944198608,0.021452784538269043,-0.24866515398025513
STE12,165,266,273,+,11.362,88,-0.7571089267730713,-0.06815217435359955,-0.6889567524194717
STE12,166,363,370,-,11.362,88,-0.8684197664260864,1.4667561054229736,-2.33517587184906
STE12,200,63,70,-,11.362,90,0.010711729526519775,0.17288753390312195,-0.16217580437660217
STE12,200,127,134,+,11.362,85,-0.13225574791431427,-0.18435175716876984,0.052096009254455566
STE12,202,379,386,-,11.362,85,-0.30908071994781494,0.06295305490493774,-0.3720337748527527
STE12,202,443,450,+,11.362,90,0.40431854128837585,-0.548951268196106,0.9532698094844818
STE12,223,433,440,+,11.362,87,-0.09668706357479095,-0.11135011911392212,0.014663055539131165
STE12,229,254,261,-,11.362,90,0.3178669214248657,0.08895033597946167,0.22891658544540405
STE12,229,341,348,-,11.362,81,-0.3086394965648651,-0.5014455914497375,0.19280609488487244
STE12,271,411,418,-,11.362,85,-0.29956597089767456,0.5219571590423584,-0.821523129940033
STE12,303,352,359,-,11.362,89,-0.24953626096248627,-0.2585453391075134,0.00900907814502716
STE12,305,124,131,-,11.362,64,2.079449415206909,-0.2825661599636078,2.362015575170517
STE12,374,241,248,-,11.362,74,-0.22263115644454956,0.15550246834754944,-0.378133624792099
STE12,385,314,321,+,11.362,77,-0.6126749515533447,-0.1452747881412506,-0.4674001634120941
STP1,19,86,94,+,11.965,79,-0.22721928358078003,0.15579667687416077,-0.3830159604549408
STP1,33,434,442,-,12.74,98,-0.03961056470870972,-0.0216904878616333,-0.017920076847076416
STP1,45,108,116,-,11.965,95,1.929079294204712,-0.20873814821243286,2.1378174424171448
STP1,46,90,98,+,11.965,95,3.06103777885437,-0.12636452913284302,3.187402307987213
STP1,57,233,241,+,13.065,95,-0.09724016487598419,-0.5394160747528076,0.4421759098768234
STP1,65,252,260,-,11.965,79,3.524230718612671,0.09173883497714996,3.432491883635521
STP1,66,82,90,+,13.065,73,0.04751181602478027,-0.03237122297286987,0.07988303899765015
STP1,67,179,187,-,13.065,71,0.27844464778900146,-0.05916208028793335,0.3376067280769348
STP1,72,259,267,+,12.96,59,-0.025548651814460754,-0.42494553327560425,0.3993968814611435
STP1,76,120,128,-,13.436,84,-0.009790301322937012,-0.10800078511238098,0.09821048378944397
STP1,84,271,279,+,12.185,86,-0.152391716837883,-0.4829022288322449,0.3305105119943619
STP1,107,40,48,-,13.655,82,0.06845441460609436,-0.35740530490875244,0.4258597195148468
STP1,112,198,206,+,11.965,85,0.5016769170761108,-0.4211297035217285,0.9228066205978394
STP1,118,470,478,-,13.436,59,-0.14607608318328857,0.9766153693199158,-1.1226914525032043
STP1,144,101,109,-,11.814,84,0.28064844012260437,-0.11899793148040771,0.3996463716030121
STP1,146,197,205,-,13.065,72,-0.0034699290990829468,-0.3782368302345276,0.37476690113544464
STP1,151,200,208,-,11.965,78,0.007185056805610657,-0.28381526470184326,0.2910003215074539
STP1,152,479,487,+,11.965,52,-0.12582874298095703,-0.0877251923084259,-0.03810355067253113
STP1,165,5,13,-,12.74,55,-0.03827089071273804,-0.85709547996521,0.8188245892524719
STP1,192,435,443,+,13.655,92,0.03648725152015686,-0.401845782995224,0.43833303451538086
STP1,194,173,181,-,13.065,73,-0.4687783718109131,0.6803668141365051,-1.1491451859474182
STP1,226,68,76,+,11.814,78,0.009397372603416443,0.057928651571273804,-0.04853127896785736
STP1,231,173,181,+,12.185,80,-0.32845771312713623,0.3293517827987671,-0.6578094959259033
STP1,234,217,225,-,12.74,67,-0.5237078666687012,0.22512187063694,-0.7488297373056412
STP1,303,204,212,+,13.065,87,-0.6649616956710815,0.1194968968629837,-0.7844585925340652
STP1,303,275,283,-,11.965,88,-0.7486922144889832,0.09960731863975525,-0.8482995331287384
STP1,377,418,426,+,13.436,100,-0.3486921191215515,0.10925456881523132,-0.45794668793678284
STP2,20,302,312,+,9.75,53,0.22319933772087097,-0.47536858916282654,0.6985679268836975
STP2,36,269,279,-,9.455,89,-0.06939194351434708,0.6344689726829529,-0.7038609161973
STP2,51,182,192,-,9.937,75,0.5911791324615479,-0.1492767035961151,0.740455836057663
STP2,58,243,253,-,10.058,85,-0.05084043741226196,0.22093617916107178,-0.27177661657333374
STP2,134,302,312,-,9.929,78,0.19338366389274597,-0.40619564056396484,0.5995793044567108
STP2,135,61,71,-,9.405,75,-0.6185446977615356,-0.08689001202583313,-0.5316546857357025
STP2,138,303,313,+,9.891,93,-0.32808011770248413,-0.018272459506988525,-0.3098076581954956
STP2,142,348,358,+,9.719,94,-0.5335245132446289,0.059509098529815674,-0.5930336117744446
STP2,150,403,413,-,9.777,65,0.2521354854106903,-0.6708410978317261,0.9229765832424164
STP2,151,203,213,-,9.719,80,-0.073332279920578,0.09197437763214111,-0.16530665755271912
STP2,152,474,484,+,9.719,57,-0.281427800655365,0.18878760933876038,-0.47021540999412537
STP2,162,95,105,+,10.538,82,-0.42139679193496704,-0.017407402396202087,-0.40398938953876495
STP2,172,253,263,-,9.673,61,0.08900915086269379,-0.063221275806427,0.1522304266691208
STP2,173,471,481,-,9.673,46,0.7782427072525024,0.04949873685836792,0.7287439703941345
STP2,196,309,319,-,9.472,93,-0.03580571711063385,-0.21760988235473633,0.18180416524410248
STP2,197,277,287,+,9.472,93,0.014011606574058533,0.318109393119812,-0.3040977865457535
STP2,204,385,395,-,9.943,84,0.12742680311203003,0.005845475941896439,0.12158132717013359
STP2,205,254,264,+,9.943,84,-0.11521229147911072,-0.42936861515045166,0.31415632367134094
STP2,233,53,63,-,9.412,73,-0.07466530799865723,-0.07678532600402832,0.0021200180053710938
STP2,234,292,302,-,9.581,67,1.3262656927108765,-0.435841828584671,1.7621075212955475
STP2,281,158,168,-,10.064,69,-0.5225509405136108,-0.5305916666984558,0.00804072618484497
STP2,281,179,189,-,9.848,69,-0.4297940135002136,-0.8890150785446167,0.4592210650444031
STP2,285,479,489,+,9.647,61,0.0447261780500412,0.2082005739212036,-0.16347439587116241
STP2,336,474,484,-,9.472,66,-0.3110390305519104,0.20389553904533386,-0.5149345695972443
STP2,394,81,91,+,9.413,56,-0.4925212860107422,0.18271088600158691,-0.6752321720123291
SUM1.1,1,130,139,+,11.4,94,-0.03466695547103882,-0.3216608762741089,0.28699392080307007
SUM1.1,13,398,407,-,11.647,89,-0.9446030855178833,-0.48915210366249084,-0.45545098185539246
SUM1.1,16,82,91,+,11.716,60,1.7781628370285034,0.42067208886146545,1.357490748167038
SUM1.1,17,174,183,-,11.716,60,1.9147604703903198,0.30418652296066284,1.610573947429657
SUM1.1,36,399,408,+,11.716,81,-0.10683684051036835,-0.5079660415649414,0.40112920105457306
SUM1.1,64,75,84,+,11.4,93,-0.28254663944244385,-0.11529764533042908,-0.16724899411201477
SUM1.1,78,23,32,+,11.716,60,0.07803964614868164,0.3570152223110199,-0.27897557616233826
SUM1.1,92,167,176,+,11.4,78,-0.36813899874687195,0.08072774857282639,-0.44886674731969833
SUM1.1,104,93,102,-,11.716,87,0.044533222913742065,-0.13158376514911652,0.17611698806285858
SUM1.1,120,458,467,+,12.015,73,-0.3249436616897583,0.02207934856414795,-0.34702301025390625
SUM1.1,122,224,233,-,11.513,80,-0.0879645049571991,-0.21824920177459717,0.13028469681739807
SUM1.1,125,98,107,-,12.914,70,-0.11927905678749084,-0.18006503582000732,0.06078597903251648
SUM1.1,126,158,167,-,11.4,82,-0.012138128280639648,-0.36362186074256897,0.3514837324619293
SUM1.1,151,335,344,+,11.496,94,-0.4017515182495117,-0.05958244204521179,-0.3421690762042999
SUM1.1,152,343,352,-,11.496,94,-0.4290708601474762,-0.7427448034286499,0.3136739432811737
SUM1.1,207,135,144,-,11.716,92,0.13941577076911926,-0.2855515778064728,0.42496734857559204
SUM1.1,210,351,360,-,12.325,58,-0.1801782250404358,0.12869536876678467,-0.30887359380722046
SUM1.1,217,37,46,+,11.716,68,0.33135032653808594,-0.11484137177467346,0.4461916983127594
SUM1.1,217,63,72,-,11.716,81,0.1654500663280487,0.13617807626724243,0.029271990060806274
SUM1.1,229,451,460,+,11.69,74,0.6669955253601074,-1.338186502456665,2.0051820278167725
SUM1.1,234,213,222,+,11.716,68,-0.5804438591003418,-0.24185818433761597,-0.33858567476272583
SUM1.1,294,317,326,+,11.882,85,-0.6689304113388062,-0.2335759699344635,-0.43535444140434265
SUM1.1,310,301,310,+,11.882,81,0.10453183948993683,-0.8048009276390076,0.9093327671289444
SUM1.1,323,355,364,-,12.325,91,0.06888037919998169,-0.20785599946975708,0.27673637866973877
SUM1.1,324,177,186,+,11.882,67,-0.28594115376472473,0.19939693808555603,-0.48533809185028076
SUM1.1,338,290,299,-,11.496,66,0.8700748085975647,-0.3522622883319855,1.2223370969295502
SUM1.1,340,197,206,-,11.496,91,2.0061497688293457,-0.5221103429794312,2.528260111808777
SUM1.1,376,315,324,+,11.882,86,-0.023666802793741226,-0.06470784544944763,0.041041042655706406
SUM1.2,29,75,86,+,11.674,77,-0.057810891419649124,-0.26940077543258667,0.21158988401293755
SUM1.2,60,320,331,-,11.333,92,-0.19561275839805603,0.31678393483161926,-0.5123966932296753
SUM1.2,125,119,130,+,11.713,72,-0.4727562963962555,-0.25955405831336975,-0.21320223808288574
SUM1.2,132,300,311,+,11.484,72,0.8530535697937012,0.21652725338935852,0.6365263164043427
SUM1.2,134,295,306,-,10.771,78,0.1935252547264099,-0.44291430711746216,0.6364395618438721
SUM1.2,210,336,347,+,13.342,50,0.2364550232887268,-0.2102995216846466,0.4467545449733734
SUM1.2,222,320,331,-,11.951,72,-0.08939674496650696,1.067093849182129,-1.1564905941486359
SUM1.2,223,65,76,+,11.951,72,-0.15518319606781006,-0.4420297145843506,0.2868465185165405
SUM1.2,246,487,498,+,11.056,39,-0.04932895302772522,-0.2347126603126526,0.18538370728492737
SUM1.2,251,155,166,-,10.777,85,0.11079169809818268,0.4600771367549896,-0.34928543865680695
SUM1.2,292,50,61,-,11.975,75,-0.6112321019172668,0.07361865043640137,-0.6848507523536682
SUM1.2,298,296,307,-,11.364,95,-0.38194048404693604,-0.468830406665802,0.08688992261886597
SUM1.2,304,43,54,+,11.598,60,0.827342689037323,-0.2004750669002533,1.0278177559375763
SUM1.2,304,338,349,+,11.622,83,0.5343300104141235,0.3975847363471985,0.13674527406692505
SUM1.2,315,0,11,-,12.103,40,1.4742811918258667,0.08782553672790527,1.3864556550979614
SUM1.2,330,336,347,+,12.832,88,0.46661853790283203,-0.07970225811004639,0.5463207960128784
SUM1.2,332,27,38,+,11.713,56,0.0631345584988594,-0.08017806708812714,0.14331262558698654
SUM1.2,349,359,370,-,11.713,69,-0.33587491512298584,-0.2564150094985962,-0.07945990562438965
SUM1.2,363,170,181,+,12.338,95,0.5148768424987793,-0.16492483019828796,0.6798016726970673
SUM1.2,385,250,261,-,12.296,65,0.1964721977710724,1.0137810707092285,-0.8173088729381561
SWI4,39,161,169,-,16.0,78,0.2496386617422104,-0.39193689823150635,0.6415755599737167
SWI4,123,180,188,+,13.311,69,-0.0948149561882019,0.06731697916984558,-0.16213193535804749
SWI4,132,28,36,-,13.305,65,0.4697808027267456,0.9414846301078796,-0.47170382738113403
SWI4,225,151,159,+,13.059,100,-0.2536042332649231,-0.21574096381664276,-0.037863269448280334
SWI4,280,55,63,-,13.059,89,-0.0713496208190918,0.3850845694541931,-0.4564341902732849
SWI4,282,260,268,-,13.059,85,3.526789665222168,0.6242005825042725,2.9025890827178955
SWI4,283,324,332,+,13.059,85,3.0770246982574463,-0.15760166943073273,3.234626367688179
SWI4,284,417,425,-,16.0,87,0.2552245259284973,-0.1416609287261963,0.3968854546546936
SWI4,293,29,37,+,13.887,69,-0.18550580739974976,1.5451380014419556,-1.7306438088417053
SWI4,304,61,69,+,14.244,54,0.9097771644592285,-0.25447678565979004,1.1642539501190186
SWI4,305,103,111,+,14.244,69,-0.19076919555664062,-0.30887284874916077,0.11810365319252014
SWI4,308,178,186,+,13.311,98,0.16531936824321747,0.014374196529388428,0.15094517171382904
SWI4,309,92,100,-,13.059,81,-0.15075750648975372,-0.6499777436256409,0.49922023713588715
SWI4,341,336,344,+,13.305,86,0.021070361137390137,0.08691483736038208,-0.06584447622299194
SWI4,377,61,69,+,13.059,89,-0.1513497233390808,-0.24444526433944702,0.09309554100036621
SWI5,17,368,376,-,11.617,85,0.06143994629383087,-0.4881983995437622,0.5496383458375931
SWI5,20,406,414,+,11.617,89,0.2720484435558319,-0.36213088035583496,0.6341793239116669
SWI5,31,28,36,-,11.562,73,0.16306698322296143,0.0854593813419342,0.07760760188102722
SWI5,69,469,477,+,11.562,68,0.5704817771911621,0.03026154637336731,0.5402202308177948
SWI5,76,468,476,+,11.562,63,2.2406859397888184,0.18497592210769653,2.055710017681122
SWI5,88,343,351,+,11.562,76,-0.11663644760847092,-0.18102103471755981,0.0643845871090889
SWI5,159,428,436,-,11.574,70,0.4343980848789215,0.3361334800720215,0.09826460480690002
SWI5,208,349,357,-,11.562,95,0.44513270258903503,-0.4122732877731323,0.8574059903621674
SWI5,209,354,362,+,11.562,95,0.3940478563308716,0.4057002365589142,-0.011652380228042603
SWI5,215,65,73,-,11.562,95,-0.6462025046348572,-0.06236211955547333,-0.5838403850793839
SWI5,217,192,200,+,11.617,85,0.31477999687194824,0.6485682129859924,-0.3337882161140442
SWI5,218,169,177,+,11.617,95,-0.10536101460456848,0.14971661567687988,-0.25507763028144836
SWI5,219,442,450,-,11.617,95,0.30193567276000977,-0.4227948784828186,0.7247305512428284
SWI5,222,126,134,+,11.617,100,-0.38448426127433777,0.019158221781253815,-0.4036424830555916
SWI5,223,262,270,-,11.617,94,-0.10293012112379074,-0.26395663619041443,0.1610265150666237
SWI5,224,396,404,-,11.562,90,-0.4009140729904175,-0.31507593393325806,-0.08583813905715942
SWI5,229,357,365,+,11.562,79,-0.06638973951339722,-0.29402345418930054,0.22763371467590332
SWI5,247,44,52,+,11.562,81,-0.6094299554824829,-0.02724987268447876,-0.5821800827980042
SWI5,248,46,54,+,11.574,91,-0.001508861780166626,-0.16248279809951782,0.1609739363193512
SWI5,253,362,370,+,11.574,70,-0.370320200920105,-0.20561392605304718,-0.1647062748670578
SWI5,255,480,488,+,11.617,57,-0.24960877001285553,0.25034278631210327,-0.4999515563249588
SWI5,265,228,236,-,11.617,51,0.15002469718456268,-0.060082077980041504,0.2101067751646042
SWI5,298,115,123,+,11.562,82,-0.2694856524467468,-0.7432703375816345,0.4737846851348877
SWI5,308,445,453,-,11.574,92,0.3975908160209656,-0.7582307457923889,1.1558215618133545
SWI5,322,354,362,+,11.562,94,-0.08764556050300598,0.14963191747665405,-0.23727747797966003
SWI5,322,360,368,-,11.562,94,0.055359721183776855,-0.10887734591960907,0.16423706710338593
SWI5,338,336,344,-,11.574,69,1.6101839542388916,0.14120618999004364,1.468977764248848
SWI5,343,8,16,+,11.617,58,0.3619837462902069,-0.1420792043209076,0.5040629506111145
SWI5,390,431,439,+,11.617,88,0.08694732189178467,1.0347381830215454,-0.9477908611297607
TBF1,15,284,294,-,10.998,81,-0.0717424750328064,0.041292473673820496,-0.11303494870662689
TBF1,15,397,407,+,11.093,84,-0.14627382159233093,-0.6114509105682373,0.46517708897590637
TBF1,33,294,304,-,10.998,93,0.2696124017238617,0.2164067029953003,0.0532056987285614
TBF1,49,324,334,-,11.243,86,-0.2530800998210907,-0.0387759655714035,-0.2143041342496872
TBF1,54,398,408,-,11.053,91,-0.5491651892662048,-0.17766311764717102,-0.3715020716190338
TBF1,63,411,421,-,10.846,88,-0.44379371404647827,0.8922402858734131,-1.3360339999198914
TBF1,89,366,376,+,11.082,96,-0.30817675590515137,-0.3549502491950989,0.04677349328994751
TBF1,111,181,191,-,11.093,38,-0.36223655939102173,1.420107126235962,-1.7823436856269836
TBF1,177,418,428,-,11.499,93,0.10481162369251251,0.06312137842178345,0.041690245270729065
TBF1,188,337,347,+,10.912,95,-0.025903351604938507,0.6593891382217407,-0.6852924898266792
TBF1,198,349,359,+,10.998,89,-0.21002182364463806,0.6197835206985474,-0.8298053443431854
TBF1,210,358,368,-,11.157,56,0.22931039333343506,-0.06321624666452408,0.29252663999795914
TBF1,237,188,198,+,10.998,70,-0.12044812738895416,0.10523912310600281,-0.22568725049495697
TBF1,245,30,40,-,11.298,52,-0.001981079578399658,-0.3461458683013916,0.34416478872299194
TBF1,321,215,225,-,10.998,51,-0.4616217017173767,0.06206977367401123,-0.5236914753913879
TBF1,365,260,270,+,10.998,92,-0.34966176748275757,0.7734753489494324,-1.12313711643219
TBF1,392,68,78,-,10.998,86,0.48991331458091736,-0.38470518589019775,0.8746185004711151
TBS1.2,5,298,306,-,14.059,78,0.03988654911518097,0.4968937039375305,-0.45700715482234955
TBS1.2,32,126,134,-,11.649,71,0.4870837330818176,0.16116946935653687,0.32591426372528076
TBS1.2,63,158,166,+,11.947,74,-0.2060680240392685,-0.1702776551246643,-0.03579036891460419
TBS1.2,87,484,492,+,11.947,51,0.5159319639205933,1.1019171476364136,-0.5859851837158203
TBS1.2,91,175,183,-,14.059,84,0.010525735095143318,0.6588433980941772,-0.6483176629990339
TBS1.2,95,177,185,+,14.059,76,-0.15139302611351013,0.4359057545661926,-0.5872987806797028
TBS1.2,113,67,75,+,12.11,84,-0.23430165648460388,-0.4453354477882385,0.21103379130363464
TBS1.2,142,24,32,+,12.11,59,0.06362709403038025,-0.0598071813583374,0.12343427538871765
TBS1.2,149,469,477,+,14.059,44,0.2782367169857025,-0.44033706188201904,0.7185737788677216
TBS1.2,159,75,83,-,12.11,57,-0.2257082760334015,-0.5942201018333435,0.368511825799942
TBS1.2,176,77,85,+,12.11,87,0.08094730973243713,0.1081322729587555,-0.02718496322631836
TBS1.2,178,379,387,-,12.11,89,0.14620961248874664,0.6530115604400635,-0.5068019479513168
TBS1.2,237,127,135,+,11.947,57,0.032934993505477905,-0.6260704398155212,0.6590054333209991
TBS1.2,255,265,273,+,12.11,95,-0.12171263992786407,0.11058900505304337,-0.23230164498090744
TBS1.2,270,53,61,+,11.947,58,-0.40263864398002625,0.20197908580303192,-0.6046177297830582
TBS1.2,275,104,112,+,11.649,76,-0.1535617560148239,0.13665717840194702,-0.29021893441677094
TBS1.2,276,481,489,-,11.649,61,-0.6450796127319336,-0.37164196372032166,-0.27343764901161194
TBS1.2,303,188,196,-,14.059,87,-0.08992037177085876,0.4650599956512451,-0.5549803674221039
TBS1.2,322,61,69,+,12.11,83,0.06713998317718506,0.8753851652145386,-0.8082451820373535
TBS1.2,340,453,461,-,11.649,89,0.11261534690856934,-0.4036197066307068,0.5162350535392761
TBS1.2,345,298,306,-,14.059,78,0.03791145235300064,0.5009710788726807,-0.46305962651968
TBS1.2,373,67,75,+,11.649,90,-0.42013901472091675,-0.10053062438964844,-0.3196083903312683
TDA9,2,441,451,-,9.957,86,1.429966688156128,1.179431676864624,0.2505350112915039
TDA9,12,408,418,+,9.824,85,-0.32875490188598633,0.9461771845817566,-1.274932086467743
TDA9,15,9,19,+,9.951,52,0.007861942052841187,0.02890273928642273,-0.021040797233581543
TDA9,31,246,256,+,9.378,68,-0.044885046780109406,0.7198730707168579,-0.7647581174969673
TDA9,54,199,209,+,9.378,86,0.7290661931037903,-0.26333481073379517,0.9924010038375854
TDA9,64,142,152,-,9.511,84,0.7072417736053467,-0.3927074074745178,1.0999491810798645
TDA9,71,115,125,+,9.511,86,0.1780799925327301,-0.6154267191886902,0.7935067117214203
TDA9,84,114,124,-,9.828,84,-0.9856777191162109,0.1083020269870758,-1.0939797461032867
TDA9,85,269,279,-,9.824,59,0.11237728595733643,-0.16458705067634583,0.27696433663368225
TDA9,118,219,229,+,9.951,67,0.16958466172218323,-0.21393480896949768,0.3835194706916809
TDA9,128,112,122,+,9.383,79,-0.1017768383026123,0.4909414052963257,-0.592718243598938
TDA9,148,464,474,-,10.078,51,0.03214046359062195,-0.11102467775344849,0.14316514134407043
TDA9,172,285,295,-,9.391,49,-0.2141943871974945,-0.13098850846290588,-0.08320587873458862
TDA9,185,370,380,+,9.397,79,0.017018258571624756,0.33468061685562134,-0.3176623582839966
TDA9,201,238,248,+,9.641,87,-0.0737384706735611,-0.3061700165271759,0.2324315458536148
TDA9,228,465,475,+,9.391,51,-0.49884918332099915,-0.2804792821407318,-0.21836990118026733
TDA9,241,12,22,+,9.383,62,-0.28126955032348633,0.5387564897537231,-0.8200260400772095
TDA9,242,283,293,+,10.087,76,-0.2390880137681961,0.3803619146347046,-0.6194499284029007
TDA9,245,435,445,-,9.391,58,0.15430471301078796,0.667756974697113,-0.5134522616863251
TDA9,279,462,472,+,9.701,71,-0.16936591267585754,0.46432316303253174,-0.6336890757083893
TDA9,310,249,259,-,9.701,84,0.246728777885437,0.2623693645000458,-0.015640586614608765
TDA9,311,118,128,+,9.505,89,-0.3429580628871918,0.19345621764659882,-0.5364142805337906
TDA9,369,145,155,-,9.957,70,-0.19684407114982605,-0.3784708082675934,0.18162673711776733
TDA9,370,203,213,+,9.821,93,0.05631636083126068,1.0198612213134766,-0.9635448604822159
TDA9,371,210,220,-,9.821,93,-0.10861852020025253,-0.13113301992416382,0.022514499723911285
TEC1,3,243,263,-,16.269,87,-0.18308740854263306,0.27889007329940796,-0.461977481842041
TEC1,30,96,116,-,13.211,92,-0.0019456744194030762,-0.03653275966644287,0.034587085247039795
TEC1,34,193,213,+,11.307,84,-0.1252991408109665,-0.4493802487850189,0.32408110797405243
TEC1,37,155,175,-,14.95,83,0.1493142545223236,-0.10652010142803192,0.25583435595035553
TEC1,52,81,101,+,10.911,52,-0.026202678680419922,0.03366643190383911,-0.05986911058425903
TEC1,72,118,138,-,13.002,86,-0.10546448826789856,-0.17017288506031036,0.0647083967924118
TEC1,93,122,142,-,14.316,74,0.10020565986633301,-0.2112807333469391,0.3114863932132721
TEC1,111,158,178,+,11.927,43,-0.039478905498981476,0.9850631952285767,-1.0245421007275581
TEC1,138,153,173,+,11.823,91,-0.4989245533943176,0.04966506361961365,-0.5485896170139313
TEC1,164,475,495,-,10.924,46,0.16420124471187592,0.2733156979084015,-0.10911445319652557
TEC1,167,357,377,-,15.245,82,-0.21211665868759155,0.12493628263473511,-0.33705294132232666
TEC1,209,171,191,+,11.323,76,0.13416069746017456,0.40167954564094543,-0.2675188481807709
TEC1,225,475,495,+,15.327,54,-0.45097488164901733,-0.2024359554052353,-0.24853892624378204
TEC1,268,52,72,+,16.269,87,-0.10655315220355988,0.2546283006668091,-0.36118145287036896
TEC1,269,243,263,-,16.269,87,-0.18343549966812134,0.28908586502075195,-0.4725213646888733
TEC1,305,90,110,+,10.872,81,0.2757646441459656,-0.12828540802001953,0.4040500521659851
TEC1,316,145,165,+,15.017,71,0.3339211642742157,0.3172178864479065,0.016703277826309204
TEC1,317,66,86,-,15.017,71,0.0021543502807617188,0.7101777791976929,-0.7080234289169312
TEC1,336,273,293,+,17.102,93,-0.21476256847381592,-0.02667132019996643,-0.1880912482738495
TEC1,385,479,499,-,12.434,51,-0.3634694218635559,0.488017201423645,-0.8514866232872009
TEC1,396,167,187,+,10.867,100,-0.10103951394557953,-0.556006908416748,0.4549673944711685
THI2,28,100,120,-,10.612,81,0.20740433037281036,-0.1452556550502777,0.3526599854230881
THI2,43,247,267,+,11.114,64,0.07657058537006378,0.03261357545852661,0.04395700991153717
THI2,80,229,249,+,10.869,77,0.05364936590194702,0.8322716951370239,-0.7786223292350769
THI2,99,224,244,+,10.505,60,-0.17444857954978943,0.11083477735519409,-0.2852833569049835
THI2,110,255,275,-,10.916,82,0.058475613594055176,0.18012449145317078,-0.1216488778591156
THI2,111,475,495,+,11.845,33,0.20064882934093475,-0.2516145706176758,0.45226339995861053
THI2,146,184,204,-,11.738,78,0.4704832136631012,-0.5327059626579285,1.0031891763210297
THI2,179,18,38,+,11.675,42,-0.10944895446300507,0.439922958612442,-0.5493719130754471
THI2,180,107,127,-,11.675,48,0.2772478759288788,-0.3721104562282562,0.649358332157135
THI2,189,294,314,-,11.861,90,-0.8517230749130249,-0.02176501601934433,-0.8299580588936806
THI2,208,449,469,+,10.556,66,-0.20835168659687042,-0.01399199664592743,-0.194359689950943
THI2,209,242,262,-,10.556,85,-0.23153141140937805,0.6076472401618958,-0.8391786515712738
THI2,215,449,469,+,10.981,72,0.044217824935913086,-0.13455206155776978,0.17876988649368286
THI2,225,15,35,-,11.193,45,-0.22387373447418213,0.16675831377506256,-0.3906320482492447
THI2,258,453,473,-,10.702,51,-0.280752569437027,-0.25792694091796875,-0.022825628519058228
THI2,259,299,319,-,11.107,79,0.6552519202232361,-0.24171045422554016,0.8969623744487762
THI2,296,472,492,-,12.144,46,-0.8241192102432251,-0.01542896032333374,-0.8086902499198914
THI2,312,86,106,+,11.255,87,0.1709727644920349,0.3574317395687103,-0.18645897507667542
THI2,313,50,70,-,11.255,87,0.16589325666427612,-0.12712153792381287,0.293014794588089
THI2,385,244,264,-,11.639,74,-0.1478685438632965,1.0915696620941162,-1.2394382059574127
TOD6,4,120,141,-,13.017,88,0.036907583475112915,0.2665503919124603,-0.2296428084373474
TOD6,59,182,203,-,11.861,90,-0.20738612115383148,-0.34833067655563354,0.14094455540180206
TOD6,65,67,88,-,11.703,88,-0.0805356502532959,0.9052321314811707,-0.9857677817344666
TOD6,98,231,252,-,11.947,67,0.09471280127763748,0.026364922523498535,0.06834787875413895
TOD6,99,225,246,+,10.869,61,-0.013780072331428528,0.04382249712944031,-0.057602569460868835
TOD6,118,466,487,-,12.929,63,-0.21873630583286285,1.2545397281646729,-1.4732760339975357
TOD6,129,285,306,-,11.696,95,0.009581446647644043,-0.47506630420684814,0.4846477508544922
TOD6,144,475,496,-,13.179,54,-0.2662215828895569,0.21889716386795044,-0.4851187467575073
TOD6,167,72,93,+,10.379,82,-0.5035951733589172,-0.18939650058746338,-0.31419867277145386
TOD6,175,306,327,-,12.366,64,0.9746065139770508,-0.057052746415138245,1.031659260392189
TOD6,176,298,319,+,12.366,64,0.9679487943649292,0.024460971355438232,0.943487823009491
TOD6,192,223,244,-,11.943,76,-0.6660908460617065,0.035307977348566055,-0.7013988234102726
TOD6,199,227,248,-,10.885,93,-0.16187213361263275,0.0010455548763275146,-0.16291768848896027
TOD6,205,18,39,-,12.511,68,0.012931764125823975,-0.11043223738670349,0.12336400151252747
TOD6,207,236,257,-,12.171,72,-0.4196232855319977,-0.11366941034793854,-0.30595387518405914
TOD6,220,240,261,-,13.446,87,0.3894616961479187,0.24309268593788147,0.14636901021003723
TOD6,221,292,313,+,13.446,87,-0.010667800903320312,-0.031424567103385925,0.020756766200065613
TOD6,263,143,164,-,15.46,84,-0.07383745908737183,0.2707386612892151,-0.3445761203765869
TOD6,328,120,141,-,13.017,88,0.03814131021499634,0.265903115272522,-0.22776180505752563
TOS8,32,98,106,-,12.053,62,-0.06690649688243866,0.08208316564559937,-0.14898966252803802
TOS8,36,112,120,+,11.77,100,-0.05944588780403137,-0.18711602687835693,0.12767013907432556
TOS8,61,174,182,+,11.643,67,0.05984759330749512,0.2851438522338867,-0.2252962589263916
TOS8,61,232,240,+,11.643,86,-0.11744192242622375,0.2502586245536804,-0.3677005469799042
TOS8,102,318,326,-,11.77,63,-0.10871237516403198,0.1505003720521927,-0.25921274721622467
TOS8,144,210,218,-,14.01,90,0.4045456051826477,-0.37267565727233887,0.7772212624549866
TOS8,181,91,99,+,11.935,91,0.09961557388305664,0.11519339680671692,-0.015577822923660278
TOS8,204,10,18,-,13.212,53,0.026899635791778564,-0.4913470447063446,0.5182466804981232
TOS8,222,324,332,-,11.77,69,-0.04164189100265503,0.9513419270515442,-0.9929838180541992
TOS8,223,64,72,+,11.77,69,-0.12581905722618103,-0.6397372484207153,0.5139181911945343
TOS8,226,468,476,+,11.935,69,-0.5118343234062195,0.1755421757698059,-0.6873764991760254
TOS8,254,110,118,+,11.935,90,-0.07660125195980072,0.13150271773338318,-0.2081039696931839
TOS8,311,20,28,+,11.935,56,-0.3176133334636688,0.44113513827323914,-0.758748471736908
TOS8,313,252,260,-,12.359,84,-0.032690539956092834,-0.1671804040670395,0.13448986411094666
TOS8,348,52,60,+,14.01,85,0.11343967914581299,-0.24720633029937744,0.36064600944519043
TOS8,350,19,27,-,12.053,69,0.2281317412853241,-0.04363569617271423,0.27176743745803833
TYE7,19,136,145,+,13.002,72,0.23591239750385284,0.11698523163795471,0.11892716586589813
TYE7,37,313,322,-,13.783,69,-0.33963051438331604,0.39221155643463135,-0.7318420708179474
TYE7,49,293,302,+,11.871,80,-0.008053690195083618,-0.07977798581123352,0.0717242956161499
TYE7,64,469,478,-,11.811,72,-1.3672316074371338,-0.34619346261024475,-1.021038144826889
TYE7,80,167,176,+,11.638,75,0.24714511632919312,0.8497709631919861,-0.602625846862793
TYE7,85,232,241,-,11.871,77,0.016562342643737793,-0.2878758907318115,0.3044382333755493
TYE7,92,345,354,+,15.035,81,-0.028898537158966064,1.5754176378250122,-1.6043161749839783
TYE7,109,265,274,-,10.922,72,-0.03626266121864319,0.056859105825424194,-0.09312176704406738
TYE7,124,270,279,-,14.086,69,0.4063120186328888,0.5595703721046448,-0.15325835347175598
TYE7,135,99,108,+,10.95,68,-0.5805416703224182,-0.17712673544883728,-0.40341493487358093
TYE7,135,305,314,+,15.035,92,0.05274254083633423,-0.36491644382476807,0.4176589846611023
TYE7,138,11,20,+,11.406,52,-0.2630171775817871,0.1730411946773529,-0.43605837225914
TYE7,143,458,467,-,11.462,78,-0.17880666255950928,-0.1337539255619049,-0.04505273699760437
TYE7,195,210,219,+,14.086,50,-0.034457363188266754,-0.263627827167511,0.22917046397924423
TYE7,220,394,403,-,11.837,73,-0.13977491855621338,0.23065701127052307,-0.37043192982673645
TYE7,221,150,159,+,11.837,81,-0.09548750519752502,0.04998336732387543,-0.14547087252140045
TYE7,247,94,103,-,12.053,82,-0.1179724633693695,-0.5072969794273376,0.38932451605796814
TYE7,319,359,368,+,15.035,83,-0.001171112060546875,0.12336283922195435,-0.12453395128250122
TYE7,336,271,280,+,11.338,80,-0.638401210308075,0.3124065399169922,-0.9508077502250671
TYE7,389,25,34,+,12.285,40,0.6829216480255127,-0.23936036229133606,0.9222820103168488
TYE7,390,142,151,-,12.285,45,0.21782031655311584,-0.17684249579906464,0.3946628123521805
UGA3,50,205,215,+,12.924,65,0.0004366636276245117,-0.3369068503379822,0.3373435139656067
UGA3,70,16,26,+,13.62,46,0.19409862160682678,-0.7384939193725586,0.9325925409793854
UGA3,78,321,331,-,12.838,95,0.03589019924402237,-0.2688465714454651,0.30473677068948746
UGA3,133,198,208,-,12.961,75,-0.6120799779891968,-0.060052886605262756,-0.552027091383934
UGA3,141,87,97,-,12.918,88,0.013081297278404236,-0.3142181634902954,0.32729946076869965
UGA3,148,80,90,-,12.222,97,-0.2739086151123047,-0.29899340867996216,0.02508479356765747
UGA3,153,455,465,-,12.222,73,-0.45397791266441345,0.08704406023025513,-0.5410219728946686
UGA3,166,9,19,-,12.967,43,-0.01912549138069153,-0.12714968621730804,0.10802419483661652
UGA3,167,66,76,-,13.533,71,-0.6975295543670654,-0.3116201162338257,-0.38590943813323975
UGA3,169,290,300,-,12.875,95,-0.13474003970623016,-0.7854450941085815,0.6507050544023514
UGA3,181,227,237,+,12.961,80,-0.3862203061580658,-0.835557758808136,0.4493374526500702
UGA3,182,468,478,-,12.961,60,-0.12384113669395447,-0.47305694222450256,0.3492158055305481
UGA3,195,249,259,+,12.832,63,-0.07568472623825073,-0.2024330496788025,0.12674832344055176
UGA3,207,468,478,-,12.875,64,0.06825077533721924,0.328624427318573,-0.26037365198135376
UGA3,227,490,500,+,12.881,40,-0.644694447517395,-0.20648542046546936,-0.43820902705192566
UGA3,236,13,23,-,12.229,48,-0.505074143409729,1.4559296369552612,-1.9610037803649902
UGA3,306,311,321,+,12.229,53,-0.4331701397895813,-0.04134732484817505,-0.39182281494140625
UGA3,320,191,201,+,13.62,72,-0.1518075317144394,0.5630536675453186,-0.714861199259758
UGA3,322,168,178,-,12.924,64,0.31813958287239075,0.16299095749855042,0.15514862537384033
UGA3,330,75,85,+,12.881,84,0.21682806313037872,0.5360086560249329,-0.31918059289455414
UGA3,355,301,311,-,12.918,78,-0.15905427932739258,-0.18590402603149414,0.026849746704101562
UGA3,372,56,66,-,12.229,82,-0.17113161087036133,0.03953038156032562,-0.21066199243068695
UGA3,376,19,29,+,12.961,63,0.3005271553993225,-0.24540075659751892,0.5459279119968414
UME6,0,62,72,-,10.476,67,-0.004095107316970825,-0.2051103115081787,0.20101520419120789
UME6,4,121,131,-,9.88,77,0.04900920391082764,0.4166276454925537,-0.3676184415817261
UME6,9,443,453,-,10.018,92,1.5100380182266235,-0.19595187902450562,1.7059898972511292
UME6,30,158,168,+,10.771,92,-0.12608543038368225,-0.11158925294876099,-0.014496177434921265
UME6,75,152,162,+,9.841,75,0.07369279861450195,0.6284606456756592,-0.5547678470611572
UME6,102,334,344,-,10.795,65,-0.13659581542015076,-0.3556346297264099,0.21903881430625916
UME6,118,245,255,-,9.737,51,-0.15409718453884125,1.095241665840149,-1.2493388503789902
UME6,130,443,453,-,10.018,82,2.1568737030029297,0.12782630324363708,2.0290473997592926
UME6,148,83,93,-,10.756,97,-0.3318246304988861,-0.09139633178710938,-0.24042829871177673
UME6,151,422,432,+,10.052,100,0.289510577917099,-0.3486606180667877,0.6381711959838867
UME6,152,255,265,-,10.052,100,0.18863445520401,0.3031966984272003,-0.11456224322319031
UME6,162,96,106,+,9.808,82,-0.2945426106452942,-0.004074007272720337,-0.29046860337257385
UME6,200,39,49,+,10.78,82,-0.5752482414245605,0.9029170274734497,-1.4781652688980103
UME6,202,464,474,-,10.78,69,-0.4909901022911072,0.15506163239479065,-0.6460517346858978
UME6,206,247,257,+,10.771,66,-0.3770052194595337,-0.09426817297935486,-0.28273704648017883
UME6,227,475,485,+,10.556,55,-0.09431257843971252,0.6720365881919861,-0.7663491666316986
UME6,260,101,111,+,10.476,67,0.05639928579330444,1.235395073890686,-1.1789957880973816
UME6,261,62,72,-,10.476,67,-0.006117016077041626,-0.19812268018722534,0.19200566411018372
UME6,282,16,26,+,9.994,48,-0.0422341525554657,0.5436186194419861,-0.5858527719974518
UME6,292,398,408,-,10.829,56,0.04795190691947937,0.019778430461883545,0.028173476457595825
UME6,293,151,161,+,10.829,56,0.15198779106140137,0.12657499313354492,0.025412797927856445
UME6,304,49,59,-,10.523,64,1.1964843273162842,-0.14258119463920593,1.3390655219554901
UME6,315,258,268,-,9.794,82,0.6598228216171265,0.24559679627418518,0.4142260253429413
UME6,322,130,140,+,10.795,79,-0.001252591609954834,0.9809381365776062,-0.982190728187561
UME6,328,121,131,-,9.88,77,0.05237969756126404,0.41377896070480347,-0.36139926314353943
UME6,332,160,170,+,9.738,90,-0.023081988096237183,0.021606355905532837,-0.04468834400177002
UME6,373,50,60,+,10.018,92,-0.0006512999534606934,-0.013078063726425171,0.012426763772964478
UME6,373,247,257,-,9.831,98,-0.29091763496398926,0.20199546217918396,-0.4929130971431732
UME6,381,388,398,+,10.125,86,-0.3034115135669708,-0.04153628647327423,-0.2618752270936966
UPC2,3,271,278,-,11.519,74,0.3450411558151245,0.45536327362060547,-0.11032211780548096
UPC2,11,314,321,-,11.519,75,-0.11088408529758453,-0.3914022445678711,0.28051815927028656
UPC2,33,182,189,-,11.519,61,0.2618134319782257,0.19335885345935822,0.06845457851886749
UPC2,37,217,224,+,11.618,78,-0.48156672716140747,0.0848720520734787,-0.5664387792348862
UPC2,40,37,44,-,11.519,73,-0.029481887817382812,0.04626858979463577,-0.07575047761201859
UPC2,52,298,305,-,11.619,79,-0.05299108475446701,0.27598968148231506,-0.3289807662367821
UPC2,61,157,164,+,11.619,69,0.3933851718902588,-0.34403741359710693,0.7374225854873657
UPC2,62,141,148,-,11.519,90,0.12158055603504181,-0.027474895119667053,0.14905545115470886
UPC2,63,127,134,-,11.519,73,0.18229687213897705,0.7233891487121582,-0.5410922765731812
UPC2,72,415,422,+,11.519,96,0.4142146706581116,-0.09724673628807068,0.5114614069461823
UPC2,84,220,227,+,11.619,75,-0.16553263366222382,0.2069573849439621,-0.3724900186061859
UPC2,95,453,460,+,11.519,90,-0.25147658586502075,-0.8757239580154419,0.6242473721504211
UPC2,108,294,301,-,11.519,62,0.12254566699266434,-0.17350566387176514,0.2960513308644295
UPC2,111,187,194,+,11.619,37,0.09090770035982132,0.9816693067550659,-0.8907616063952446
UPC2,122,254,261,-,11.618,91,0.14814972877502441,-0.7092211246490479,0.8573708534240723
UPC2,131,169,176,+,11.619,90,-0.12979140877723694,0.17079761624336243,-0.30058902502059937
UPC2,147,350,357,-,11.519,76,-0.7854728698730469,-0.4603829085826874,-0.3250899612903595
UPC2,164,8,15,+,11.519,58,-0.016779780387878418,-0.6125985383987427,0.5958187580108643
UPC2,165,107,114,-,11.519,84,-0.07001468539237976,-0.42473968863487244,0.3547250032424927
UPC2,168,43,50,-,11.619,78,0.31189972162246704,0.3110407888889313,0.0008589327335357666
UPC2,170,462,469,-,11.519,61,-0.1757867932319641,0.15212702751159668,-0.3279138207435608
UPC2,173,200,207,+,11.619,81,0.2152993083000183,-0.08519014716148376,0.3004894554615021
UPC2,174,191,198,-,11.619,81,-0.0764882043004036,0.11571980267763138,-0.19220800697803497
UPC2,192,69,76,-,11.519,74,-0.12445226311683655,-0.05930638313293457,-0.06514587998390198
UPC2,195,187,194,-,11.519,71,0.051227912306785583,-0.04061155021190643,0.09183946251869202
UPC2,248,118,125,+,11.619,88,0.23250125348567963,0.045863837003707886,0.18663741648197174
UPC2,249,279,286,+,11.618,88,-0.16075719892978668,0.05451503396034241,-0.2152722328901291
UPC2,250,52,59,-,11.618,88,0.08776427805423737,0.06477522850036621,0.022989049553871155
UPC2,268,37,44,+,11.519,61,-0.22563308477401733,0.5664739012718201,-0.7921069860458374
UPC2,269,271,278,-,11.519,74,0.34044569730758667,0.4698812961578369,-0.12943559885025024
UPC2,332,87,94,+,11.619,91,-0.135891392827034,1.4063982963562012,-1.5422896891832352
UPC2,366,247,254,-,11.618,72,-0.3107115626335144,-0.08090429753065109,-0.2298072651028633
UPC2,378,35,42,+,11.618,45,1.9627645015716553,-0.2974216341972351,2.2601861357688904
UPC2,378,209,216,+,11.619,82,-0.016843333840370178,-0.3198646306991577,0.30302129685878754
UPC2,379,28,35,-,11.618,30,-0.048459798097610474,0.7173225283622742,-0.7657823264598846
UPC2,381,38,45,-,11.519,88,0.030969560146331787,0.1142454445362091,-0.08327588438987732
UPC2,388,171,178,-,11.618,95,-0.06957101821899414,0.14561715722084045,-0.2151881754398346
URC2,2,30,40,-,13.105,44,-0.12536494433879852,-0.31109434366226196,0.18572939932346344
URC2,36,450,460,-,13.365,64,1.3574937582015991,0.3734315037727356,0.9840622544288635
URC2,42,297,307,-,12.384,90,0.308271199464798,-0.0365128368139267,0.34478403627872467
URC2,63,216,226,-,13.792,73,0.024045828729867935,-0.26252099871635437,0.2865668274462223
URC2,73,117,127,-,13.846,87,-0.582292914390564,0.47930312156677246,-1.0615960359573364
URC2,75,255,265,-,12.275,89,0.03989277780056,-0.1913275420665741,0.2312203198671341
URC2,78,450,460,-,13.552,65,0.6452211141586304,-0.17402136325836182,0.8192424774169922
URC2,111,211,221,-,12.226,50,-0.022882819175720215,-0.29557356238365173,0.2726907432079315
URC2,112,213,223,-,12.384,87,0.12185317277908325,0.023442670702934265,0.09841050207614899
URC2,113,449,459,-,12.74,72,0.6508896350860596,-0.050342410802841187,0.7012320458889008
URC2,136,326,336,-,13.105,67,-0.11068318039178848,0.04904961585998535,-0.15973279625177383
URC2,160,284,294,+,12.702,100,0.047877438366413116,-0.4708654284477234,0.5187428668141365
URC2,168,8,18,-,12.423,46,0.5914014577865601,0.13945674896240234,0.4519447088241577
URC2,172,281,291,+,14.153,49,-0.14143727719783783,0.06235513091087341,-0.20379240810871124
URC2,208,449,459,+,13.301,66,0.20429787039756775,-0.0011936277151107788,0.20549149811267853
URC2,209,252,262,-,13.301,75,-0.09993480890989304,0.8165997266769409,-0.916534535586834
URC2,219,71,81,+,13.235,82,0.10883709788322449,-0.6284915208816528,0.7373286187648773
URC2,225,25,35,+,13.552,45,-0.20985209941864014,0.2027512490749359,-0.41260334849357605
URC2,253,197,207,-,13.528,79,-0.5764791965484619,-0.2004508078098297,-0.3760283887386322
URC2,367,260,270,-,13.048,79,-0.2771245241165161,-0.1321687400341034,-0.14495578408241272
URC2,391,31,41,+,12.384,75,0.033785879611968994,-0.10076475143432617,0.13455063104629517
USV1,0,109,114,+,11.014,50,-0.13477614521980286,-0.09274604916572571,-0.04203009605407715
USV1,2,251,256,-,11.014,82,-0.03797638416290283,0.2119695395231247,-0.24994592368602753
USV1,6,344,349,+,11.014,100,0.14558736979961395,-0.754610002040863,0.900197371840477
USV1,12,251,256,-,11.014,70,-0.3753929138183594,-0.24071010947227478,-0.1346828043460846
USV1,15,362,367,-,11.014,78,0.029682323336601257,-0.33873021602630615,0.3684125393629074
USV1,17,403,408,+,11.014,87,0.13365250825881958,0.07233797013759613,0.06131453812122345
USV1,25,174,179,-,11.014,68,-0.09711974859237671,-0.11899617314338684,0.021876424551010132
USV1,25,219,224,-,11.014,55,0.17361265420913696,0.5256261229515076,-0.3520134687423706
USV1,27,227,232,+,11.014,92,0.10251279175281525,0.04856685921549797,0.053945932537317276
USV1,31,293,298,-,11.014,70,0.3352694511413574,0.1185363233089447,0.21673312783241272
USV1,33,215,220,+,11.014,50,0.46033257246017456,-0.4743083715438843,0.9346409440040588
USV1,37,341,346,-,11.014,84,2.605177640914917,-0.535538375377655,3.140716016292572
USV1,37,346,351,-,11.014,84,0.9589055776596069,0.034925490617752075,0.9239800870418549
USV1,42,242,247,-,11.014,80,0.03374798223376274,0.03551666438579559,-0.0017686821520328522
USV1,50,254,259,-,11.014,60,0.24964037537574768,-0.5374937057495117,0.7871340811252594
USV1,54,142,147,+,11.014,96,-0.07211673259735107,-0.11309459805488586,0.04097786545753479
USV1,57,255,260,-,11.014,92,0.37590348720550537,0.08151215314865112,0.29439133405685425
USV1,58,290,295,+,11.014,80,0.20366573333740234,0.6446136832237244,-0.440947949886322
USV1,65,468,473,+,11.014,77,0.09818226099014282,0.4411958158016205,-0.34301355481147766
USV1,68,91,96,-,11.014,83,-0.19366857409477234,-0.13025206327438354,-0.0634165108203888
USV1,69,394,399,+,11.014,92,0.5853546261787415,-0.026406317949295044,0.6117609441280365
USV1,71,180,185,-,11.014,83,0.3792971670627594,-1.0349197387695312,1.4142169058322906
USV1,71,211,216,-,11.014,83,0.21577595174312592,-0.18500448763370514,0.40078043937683105
USV1,72,234,239,+,11.014,75,0.7856951951980591,-0.5320879817008972,1.3177831768989563
USV1,82,90,95,-,11.014,63,-0.027295976877212524,0.2583150267601013,-0.28561100363731384
USV1,84,192,197,-,11.014,87,0.09064958244562149,-0.07540494203567505,0.16605452448129654
USV1,88,314,319,+,11.014,73,-0.8865151405334473,-0.5220645666122437,-0.3644505739212036
USV1,95,96,101,-,11.014,81,0.31716954708099365,0.8767600059509277,-0.5595904588699341
USV1,96,489,494,+,11.014,56,-0.7142741680145264,-0.11674907803535461,-0.5975250899791718
USV1,103,167,172,-,11.014,72,-0.06988072395324707,-0.13257861137390137,0.0626978874206543
USV1,105,218,223,-,11.014,82,-0.1232682541012764,-0.28477928042411804,0.16151102632284164
USV1,110,339,344,+,11.014,89,0.8992164731025696,0.045287251472473145,0.8539292216300964
USV1,113,264,269,+,11.014,89,-0.002578169107437134,-0.5109676718711853,0.5083895027637482
USV1,115,22,27,+,11.014,38,-0.11565381288528442,-0.19151358306407928,0.07585977017879486
USV1,117,187,192,+,11.014,44,-0.45407387614250183,0.3789832293987274,-0.8330571055412292
USV1,117,198,203,+,11.014,34,-0.1286410093307495,-0.4307704269886017,0.3021294176578522
USV1,118,83,88,+,11.014,87,-0.015910983085632324,0.049310922622680664,-0.06522190570831299
USV1,123,29,34,-,11.014,76,-0.2648163437843323,-0.10350564122200012,-0.16131070256233215
USV1,123,179,184,-,11.014,65,-0.16535627841949463,0.18368516862392426,-0.3490414470434189
USV1,131,480,485,+,11.014,47,-0.8831767439842224,-0.09648996591567993,-0.7866867780685425
USV1,132,32,37,+,11.014,66,-0.1531449258327484,1.0361461639404297,-1.189291089773178
USV1,132,481,486,+,11.014,54,-0.37243470549583435,-0.38422685861587524,0.011792153120040894
USV1,134,115,120,+,11.014,92,0.4342687427997589,-0.4625123143196106,0.8967810571193695
USV1,137,0,5,-,11.014,29,-0.4694719910621643,0.25913822650909424,-0.7286102175712585
USV1,140,121,126,+,11.014,73,-0.6931540966033936,0.048398345708847046,-0.7415524423122406
USV1,146,137,142,+,11.014,76,-0.007290318608283997,0.8066611289978027,-0.8139514476060867
USV1,146,187,192,+,11.014,63,1.2013399600982666,-0.5569632053375244,1.758303165435791
USV1,147,170,175,-,11.014,91,0.16716450452804565,0.8192100524902344,-0.6520455479621887
USV1,148,264,269,-,11.014,73,0.036122918128967285,-0.1301148533821106,0.16623777151107788
USV1,151,44,49,-,11.014,88,-0.10212588310241699,0.07335281372070312,-0.17547869682312012
USV1,151,490,495,-,11.014,55,-0.38866689801216125,-0.18272623419761658,-0.20594066381454468
USV1,152,192,197,+,11.014,95,-0.4766521751880646,-0.2267809957265854,-0.2498711794614792
USV1,153,339,344,-,11.014,88,-0.6764341592788696,-0.10807615518569946,-0.5683580040931702
USV1,154,51,56,-,11.014,88,-0.03765648603439331,-0.40112146735191345,0.36346498131752014
USV1,154,109,114,-,11.014,84,-0.07955768704414368,-0.8280298113822937,0.74847212433815
USV1,155,339,344,-,11.014,83,0.6490345001220703,-0.09281888604164124,0.7418533861637115
USV1,159,491,496,+,11.014,34,-0.2947574555873871,-0.26311710476875305,-0.03164035081863403
USV1,163,5,10,+,11.014,30,-0.6069605350494385,-0.5552923679351807,-0.05166816711425781
USV1,163,347,352,+,11.014,86,0.4827614724636078,0.2809235155582428,0.201837956905365
USV1,167,68,73,+,11.014,66,-0.7563415765762329,-0.4855119287967682,-0.2708296477794647
USV1,167,86,91,-,11.014,68,-0.47951221466064453,0.10589434951543808,-0.5854065641760826
USV1,171,312,317,-,11.014,80,-0.11527734994888306,0.5827363133430481,-0.6980136632919312
USV1,175,407,412,+,11.014,82,-0.28273284435272217,-0.5042284727096558,0.2214956283569336
USV1,176,213,218,-,11.014,82,-0.34372901916503906,-0.07496891915798187,-0.2687601000070572
USV1,179,309,314,+,11.014,79,0.7835922241210938,-0.07856640219688416,0.8621586263179779
USV1,179,326,331,-,11.014,81,-0.05486610531806946,-0.28061845898628235,0.2257523536682129
USV1,179,441,446,+,11.014,78,-0.43255868554115295,-0.615675687789917,0.18311700224876404
USV1,186,337,342,+,11.014,100,-0.07184667885303497,-0.48166900873184204,0.40982232987880707
USV1,189,356,361,+,11.014,86,-0.5425094962120056,0.63124018907547,-1.1737496852874756
USV1,195,72,77,-,11.014,77,0.6755112409591675,1.1759588718414307,-0.5004476308822632
USV1,198,143,148,-,11.014,70,0.11588144302368164,-0.44454336166381836,0.5604248046875
USV1,199,68,73,+,11.014,70,0.31260424852371216,0.028895750641822815,0.28370849788188934
USV1,201,325,330,+,11.014,82,0.5849326848983765,0.2506992518901825,0.33423343300819397
USV1,210,350,355,+,11.014,53,-0.12339988350868225,0.5424172878265381,-0.6658171713352203
USV1,210,411,416,+,11.014,87,-0.19546836614608765,-0.003050863742828369,-0.19241750240325928
USV1,213,239,244,+,11.014,81,-0.827534556388855,-0.42026448249816895,-0.40727007389068604
USV1,213,290,295,+,11.014,96,1.0722163915634155,0.6901218891143799,0.38209450244903564
USV1,218,383,388,-,11.014,64,-0.19465643167495728,0.09878891706466675,-0.293445348739624
USV1,219,231,236,+,11.014,64,-0.46906808018684387,0.21564079821109772,-0.6847088783979416
USV1,220,77,82,-,11.014,89,-0.5838454961776733,-0.2703702449798584,-0.31347525119781494
USV1,221,471,476,+,11.014,63,-0.19449228048324585,0.4307749271392822,-0.6252672076225281
USV1,222,294,299,+,11.014,75,-0.05116848647594452,-0.38243597745895386,0.33126749098300934
USV1,223,97,102,-,11.014,75,-0.23766551911830902,-0.4600784182548523,0.22241289913654327
USV1,225,6,11,-,11.014,31,-0.19530844688415527,0.010780468583106995,-0.20608891546726227
USV1,225,486,491,-,11.014,43,-0.9766953587532043,0.0830695629119873,-1.0597649216651917
USV1,229,320,325,+,11.014,75,-0.22099758684635162,0.3241082429885864,-0.545105829834938
USV1,229,456,461,-,11.014,74,-0.47217416763305664,-0.7495526671409607,0.27737849950790405
USV1,231,233,238,+,11.014,96,-0.38056376576423645,-0.584099292755127,0.2035355269908905
USV1,231,421,426,+,11.014,94,-0.7781152725219727,0.6222327351570129,-1.4003480076789856
USV1,234,456,461,-,11.014,89,0.6344547867774963,0.32960695028305054,0.3048478364944458
USV1,235,164,169,+,11.014,85,-0.03554794192314148,-0.666165292263031,0.6306173503398895
USV1,235,430,435,-,11.014,48,-0.013766616582870483,-0.1593024730682373,0.14553585648536682
USV1,236,435,440,-,11.014,72,0.44096916913986206,-0.13327279686927795,0.57424196600914
USV1,237,258,263,+,11.014,72,-0.37076225876808167,-0.07868288457393646,-0.2920793741941452
USV1,247,316,321,-,11.014,79,-0.01256398856639862,0.2709660232067108,-0.28353001177310944
USV1,251,329,334,+,11.014,70,-0.09560228884220123,-0.11377884447574615,0.018176555633544922
USV1,251,489,494,-,11.014,44,0.007813617587089539,0.2511420249938965,-0.24332840740680695
USV1,252,278,283,+,11.014,78,-0.6795763969421387,-0.08358776569366455,-0.5959886312484741
USV1,252,438,443,-,11.014,70,0.18812128901481628,0.8735384345054626,-0.6854171454906464
USV1,253,19,24,-,11.014,44,-0.4392978250980377,0.5617303252220154,-1.001028150320053
USV1,255,193,198,-,11.014,95,-0.06269937753677368,-0.3687742352485657,0.306074857711792
USV1,257,357,362,+,11.014,73,2.1344351768493652,0.5997929573059082,1.534642219543457
USV1,258,311,316,-,11.014,74,-0.2646704614162445,-0.3751320242881775,0.11046156287193298
USV1,259,102,107,+,11.014,66,-0.11283287405967712,1.3724656105041504,-1.4852984845638275
USV1,260,59,64,-,11.014,50,-0.3948485851287842,-0.8566051125526428,0.46175652742385864
USV1,260,479,484,-,11.014,61,-0.47611814737319946,-0.3868252635002136,-0.08929288387298584
USV1,261,109,114,+,11.014,50,-0.13719740509986877,-0.0865551233291626,-0.05064228177070618
USV1,263,223,228,+,11.014,84,0.16058900952339172,-1.1279515027999878,1.2885405123233795
USV1,264,475,480,-,11.014,60,-0.745692253112793,-0.12730681896209717,-0.6183854341506958
USV1,267,51,56,-,11.014,93,-0.003612518310546875,0.5061495304107666,-0.5097620487213135
USV1,280,32,37,+,11.014,68,-0.12174707651138306,0.2151012420654297,-0.33684831857681274
USV1,281,65,70,+,11.014,70,-0.09673595428466797,-0.46634864807128906,0.3696126937866211
USV1,281,96,101,-,11.014,75,-0.592640221118927,-0.007849514484405518,-0.5847907066345215
USV1,281,321,326,-,11.014,79,-0.46529024839401245,-0.14287284016609192,-0.32241740822792053
USV1,282,397,402,+,11.014,85,0.015715792775154114,-0.12716737389564514,0.14288316667079926
USV1,283,190,195,-,11.014,85,0.283694326877594,1.5396701097488403,-1.2559757828712463
USV1,284,421,426,+,11.014,84,-0.5508901476860046,-0.29855877161026,-0.25233137607574463
USV1,290,260,265,-,11.014,81,-0.18300014734268188,-1.5881085395812988,1.405108392238617
USV1,291,290,295,+,11.014,81,-0.19686010479927063,2.174074411392212,-2.3709345161914825
USV1,297,307,312,-,11.014,77,0.18321140110492706,-0.2993859052658081,0.48259730637073517
USV1,299,350,355,+,11.014,90,-0.27499452233314514,0.27253949642181396,-0.5475340187549591
USV1,300,304,309,-,11.014,90,0.04494959115982056,0.18025854229927063,-0.13530895113945007
USV1,305,315,320,+,11.014,100,-0.5610540509223938,-0.47612127661705017,-0.08493277430534363
USV1,306,268,273,-,11.014,66,0.455968976020813,-0.12224149703979492,0.5782104730606079
USV1,311,348,353,-,11.014,78,-0.12308959662914276,0.8338338732719421,-0.9569234699010849
USV1,313,368,373,-,11.014,66,0.03927433490753174,-0.04464161396026611,0.08391594886779785
USV1,314,118,123,-,11.014,90,-0.14610284566879272,0.1006951630115509,-0.24679800868034363
USV1,315,95,100,+,11.014,86,0.9309555888175964,0.9417790770530701,-0.010823488235473633
USV1,315,109,114,-,11.014,91,0.5563622117042542,0.7650047540664673,-0.20864254236221313
USV1,321,423,428,+,11.014,75,-0.563016414642334,-1.0678852796554565,0.5048688650131226
USV1,323,354,359,+,11.014,87,0.4628247022628784,-0.07370609045028687,0.5365307927131653
USV1,324,93,98,+,11.014,86,0.061129242181777954,-0.5443754196166992,0.6055046617984772
USV1,330,113,118,-,11.014,74,-0.10395663976669312,0.5076067447662354,-0.6115633845329285
USV1,332,344,349,+,11.014,98,0.2491370439529419,-1.0282450914382935,1.2773821353912354
USV1,334,229,234,+,11.014,73,-0.6845327615737915,0.22282740473747253,-0.907360166311264
USV1,335,220,225,-,11.014,73,-0.08675339818000793,-0.1926344931125641,0.10588109493255615
USV1,343,237,242,+,11.014,100,0.31053024530410767,0.34445908665657043,-0.03392884135246277
USV1,344,336,341,-,11.014,100,0.12454980611801147,-0.6366822719573975,0.7612320780754089
USV1,348,239,244,-,11.014,77,-0.6750895380973816,-0.5576749444007874,-0.11741459369659424
USV1,349,297,302,+,11.014,61,1.1455516815185547,-0.17698317766189575,1.3225348591804504
USV1,350,344,349,+,11.014,85,0.1475294530391693,0.0734681636095047,0.07406128942966461
USV1,353,324,329,+,11.014,90,0.33858251571655273,-0.23497429490089417,0.5735568106174469
USV1,357,193,198,+,11.014,61,0.20368432998657227,-0.4178474545478821,0.6215317845344543
USV1,358,440,445,+,11.014,87,-0.04576864466071129,0.25614309310913086,-0.30191173776984215
USV1,359,267,272,-,11.014,82,-0.4259554147720337,-0.23970481753349304,-0.18625059723854065
USV1,361,13,18,-,11.014,63,0.010903483256697655,0.10401853919029236,-0.0931150559335947
USV1,366,214,219,+,11.014,70,-0.019438505172729492,0.3968222141265869,-0.4162607192993164
USV1,370,273,278,-,11.014,91,0.5396660566329956,0.0060424357652664185,0.5336236208677292
USV1,371,145,150,+,11.014,91,0.03110755980014801,0.05135393142700195,-0.020246371626853943
USV1,372,123,128,-,11.014,82,-0.3220508396625519,0.12645068764686584,-0.4485015273094177
USV1,374,150,155,+,11.014,74,0.08109521865844727,-0.12106883525848389,0.20216405391693115
USV1,386,344,349,+,11.014,100,0.14573590457439423,-0.758026123046875,0.9037620276212692
USV1,388,88,93,+,11.014,91,0.06206965446472168,-0.3862139880657196,0.4482836425304413
USV1,388,405,410,+,11.014,90,-0.7713662385940552,0.27051669359207153,-1.0418829321861267
USV1,389,296,301,+,11.014,86,0.039343755692243576,-0.13594748079776764,0.17529123649001122
USV1,393,294,299,-,11.014,91,0.32500895857810974,0.04162701964378357,0.28338193893432617
USV1,394,48,53,+,11.014,57,-0.0430445671081543,-0.12290869653224945,0.07986412942409515
USV1,394,479,484,-,11.014,57,1.1157946586608887,-0.9322845339775085,2.048079192638397
USV1,395,474,479,+,11.014,42,-0.20989464223384857,0.09350916743278503,-0.3034038096666336
XBP1,11,148,160,-,12.341,87,0.3365652561187744,0.1593989133834839,0.17716634273529053
XBP1,69,70,82,+,12.849,82,-0.9818950891494751,-0.023086294531822205,-0.9588087946176529
XBP1,81,255,267,-,13.058,90,-0.3592570424079895,-0.41277554631233215,0.05351850390434265
XBP1,96,206,218,+,14.548,66,-0.07754851132631302,0.19399333000183105,-0.2715418413281441
XBP1,113,141,153,+,12.183,72,0.026386499404907227,-0.49968671798706055,0.5260732173919678
XBP1,184,130,142,+,12.037,100,-0.08322909474372864,0.40752118825912476,-0.4907502830028534
XBP1,188,411,423,+,12.055,76,0.06464315205812454,1.134979248046875,-1.0703360959887505
XBP1,190,407,419,-,11.966,88,0.09747111797332764,0.13089370727539062,-0.03342258930206299
XBP1,194,69,81,+,13.489,76,-0.1177791953086853,0.30301427841186523,-0.42079347372055054
XBP1,203,483,495,+,12.063,54,-0.11286988854408264,0.4116445779800415,-0.5245144665241241
XBP1,210,45,57,-,13.627,84,0.18724872171878815,-0.1081809401512146,0.29542966187000275
XBP1,241,283,295,+,13.667,90,-0.4454748034477234,0.08614318072795868,-0.5316179841756821
XBP1,310,5,17,-,13.32,50,-0.36811307072639465,-0.1935582458972931,-0.17455482482910156
XBP1,323,478,490,-,12.82,60,0.40146756172180176,0.9873025417327881,-0.5858349800109863
XBP1,334,278,290,-,12.641,89,-0.27815085649490356,-0.26251333951950073,-0.015637516975402832
XBP1,335,164,176,+,12.641,89,-0.09511283040046692,0.40333759784698486,-0.4984504282474518
XBP1,359,202,214,-,12.381,85,0.4059050679206848,-0.09400253742933273,0.49990760535001755
XBP1,379,73,85,-,12.334,62,-0.30269768834114075,-0.4945486783981323,0.19185099005699158
YAP1,2,317,327,-,9.233,92,-0.45536181330680847,0.09108543395996094,-0.5464472472667694
YAP1,11,291,301,+,9.323,72,0.17606347799301147,-0.544934868812561,0.7209983468055725
YAP1,93,485,495,+,9.492,45,-0.38358545303344727,0.8935940861701965,-1.2771795392036438
YAP1,94,42,52,+,9.454,73,-0.05734676122665405,0.0451967716217041,-0.10254353284835815
YAP1,118,291,301,+,9.257,59,-0.23851199448108673,-0.1194629818201065,-0.11904901266098022
YAP1,120,296,306,+,9.365,73,0.3841325640678406,0.03822711110115051,0.34590545296669006
YAP1,128,433,443,+,9.412,95,-0.4924548864364624,-0.8362613916397095,0.34380650520324707
YAP1,165,132,142,-,9.23,87,-0.11065606772899628,0.07879336178302765,-0.18944942951202393
YAP1,195,236,246,+,9.679,51,0.18597625195980072,-0.1063769981265068,0.2923532500863075
YAP1,230,445,455,+,9.506,90,1.1583540439605713,-0.2241118997335434,1.3824659436941147
YAP1,243,332,342,-,9.258,83,0.009020768105983734,-0.48902207612991333,0.49804284423589706
YAP1,251,196,206,-,9.426,84,0.15165746212005615,-0.7386561632156372,0.8903136253356934
YAP1,254,157,167,-,9.973,81,-0.5591109991073608,-0.12422269582748413,-0.4348883032798767
YAP1,263,31,41,+,10.401,69,0.20362672209739685,0.4291681945323944,-0.22554147243499756
YAP1,316,406,416,+,9.685,87,-0.09421464800834656,-0.24668338894844055,0.152468740940094
YAP1,322,166,176,+,9.365,64,0.5588282942771912,0.0640956461429596,0.49473264813423157
YAP1,348,295,305,-,9.201,85,-0.4898512661457062,0.003576219081878662,-0.49342748522758484
YAP1,369,139,149,-,9.515,70,-0.38334059715270996,0.08545100688934326,-0.4687916040420532
YAP3.1,42,138,145,-,13.484,92,0.10868516564369202,-0.23812410235404968,0.3468092679977417
YAP3.1,61,475,482,-,13.484,63,1.1519126892089844,-0.332419753074646,1.4843324422836304
YAP3.1,82,306,313,-,13.484,74,0.011756673455238342,0.25234904885292053,-0.2405923753976822
YAP3.1,83,37,44,-,13.484,69,-0.08878779411315918,-0.06725433468818665,-0.021533459424972534
YAP3.1,90,30,37,+,13.484,63,-0.034322500228881836,-0.16615498065948486,0.13183248043060303
YAP3.1,93,487,494,+,13.484,45,-0.41641199588775635,1.0388261079788208,-1.4552381038665771
YAP3.1,111,472,479,-,13.484,36,0.33420494198799133,-0.013293445110321045,0.3474983870983124
YAP3.1,114,76,83,+,13.484,90,0.24876779317855835,0.6934996843338013,-0.4447318911552429
YAP3.1,128,435,442,+,13.484,93,-0.35835301876068115,-0.840054988861084,0.48170197010040283
YAP3.1,148,175,182,-,13.484,91,-0.06595789641141891,-0.015631094574928284,-0.05032680183649063
YAP3.1,153,458,465,+,13.484,73,-0.33797889947891235,0.1611827313899994,-0.49916163086891174
YAP3.1,165,336,343,+,13.484,73,-0.49012741446495056,-0.6037071347236633,0.11357972025871277
YAP3.1,166,293,300,-,13.484,73,-0.5827237963676453,0.3450523614883423,-0.9277761578559875
YAP3.1,171,213,220,+,13.484,89,-0.4177883267402649,-0.09279733896255493,-0.32499098777770996
YAP3.1,186,406,413,-,13.484,100,0.020792052149772644,0.17163166403770447,-0.15083961188793182
YAP3.1,193,475,482,+,13.484,64,-0.8027656078338623,-0.6690075993537903,-0.13375800848007202
YAP3.1,226,5,12,-,13.484,43,-0.25090986490249634,0.24253101646900177,-0.4934408813714981
YAP3.1,254,240,247,+,13.484,80,0.173414409160614,-0.023440469056367874,0.1968548782169819
YAP3.1,265,239,246,+,13.484,61,0.46394264698028564,-0.06052994728088379,0.5244725942611694
YAP3.1,271,310,317,-,13.484,96,-0.4208740293979645,0.6705042123794556,-1.09137824177742
YAP3.1,275,9,16,-,13.484,55,-0.07254397869110107,-0.7882000207901001,0.715656042098999
YAP3.1,306,299,306,-,13.484,55,-0.3445764183998108,0.2916794419288635,-0.6362558603286743
YAP3.1,308,58,65,+,13.484,81,-0.239280104637146,-0.4548588991165161,0.21557879447937012
YAP3.1,351,492,499,+,13.484,46,-0.6440037488937378,1.23503839969635,-1.879042148590088
YAP3.1,354,8,15,+,13.484,49,-0.1591992974281311,-0.2071792185306549,0.047979921102523804
YAP3.1,355,346,353,-,13.484,67,0.3996720612049103,0.5021079182624817,-0.10243585705757141
YAP3.1,369,140,147,-,13.484,67,-0.4406644105911255,0.4145415723323822,-0.8552059829235077
YAP3.1,377,259,266,-,13.484,87,-0.067743681371212,0.7182309627532959,-0.7859746441245079
YAP3.1,382,200,207,-,13.484,87,0.179773211479187,-0.8755416870117188,1.0553148984909058
YAP3.2,1,219,227,-,14.103,69,0.04928502440452576,0.04751415550708771,0.0017708688974380493
YAP3.2,18,248,256,+,13.236,95,-0.015855252742767334,0.4166560173034668,-0.43251127004623413
YAP3.2,60,34,42,+,14.103,70,-0.5885442495346069,-0.6373720169067383,0.04882776737213135
YAP3.2,117,252,260,-,14.103,71,-0.4163588881492615,0.6839578151702881,-1.1003167033195496
YAP3.2,121,101,109,-,13.245,67,-0.8184349536895752,0.6629074811935425,-1.4813424348831177
YAP3.2,133,85,93,+,13.245,91,0.0995558500289917,-0.4955194592475891,0.5950753092765808
YAP3.2,134,32,40,-,13.245,68,0.1907837986946106,-0.19434519112110138,0.385128989815712
YAP3.2,180,241,249,+,13.245,81,0.6875122785568237,-0.26270440220832825,0.950216680765152
YAP3.2,191,423,431,+,13.245,80,-0.14149954915046692,0.37994158267974854,-0.5214411318302155
YAP3.2,229,165,173,+,14.103,89,-0.05947387218475342,1.5397074222564697,-1.5991812944412231
YAP3.2,230,447,455,+,14.103,88,1.2276405096054077,-0.29857194423675537,1.526212453842163
YAP3.2,238,123,131,+,13.245,90,0.1023293137550354,-0.29600706696510315,0.39833638072013855
YAP3.2,251,196,204,-,14.103,82,0.14875929057598114,-0.7957659959793091,0.9445252865552902
YAP3.2,320,459,467,-,13.245,83,-0.6302452087402344,0.2199665606021881,-0.8502117693424225
YAP3.2,374,223,231,-,13.245,65,-0.30392271280288696,0.31466951966285706,-0.618592232465744
YAP5,50,205,216,-,12.798,66,0.006666213274002075,-0.37466201186180115,0.3813282251358032
YAP5,61,206,217,+,12.727,69,-0.09421718120574951,-0.20201236009597778,0.10779517889022827
YAP5,81,422,433,+,13.461,79,0.1793946921825409,1.0553100109100342,-0.8759153187274933
YAP5,94,43,54,+,13.679,75,-0.07591938972473145,0.05761826038360596,-0.1335376501083374
YAP5,136,227,238,-,13.055,56,0.6152528524398804,0.27026382088661194,0.34498903155326843
YAP5,149,424,435,+,13.206,68,0.060870181769132614,0.16986185312271118,-0.10899167135357857
YAP5,157,9,20,+,13.709,59,-0.0764041543006897,-0.009258836507797241,-0.06714531779289246
YAP5,171,483,494,-,14.117,51,-0.17012141644954681,0.3099396824836731,-0.4800610989332199
YAP5,172,16,27,+,15.165,66,-0.12616968154907227,0.38506025075912476,-0.511229932308197
YAP5,173,234,245,+,15.165,85,-0.001155465841293335,-0.0971800684928894,0.09602460265159607
YAP5,174,153,164,-,15.165,85,-0.14177283644676208,0.4652024805545807,-0.6069753170013428
YAP5,180,149,160,-,14.087,39,-0.13759544491767883,-0.287700891494751,0.15010544657707214
YAP5,180,176,187,+,14.852,59,-0.6877983212471008,-0.5318797826766968,-0.15591853857040405
YAP5,203,17,28,+,15.198,59,-0.038542211055755615,-0.02795250713825226,-0.010589703917503357
YAP5,207,222,233,+,13.006,70,0.7024882435798645,-0.18030156195163727,0.8827898055315018
YAP5,235,422,433,+,13.991,51,0.43257033824920654,-0.13883543014526367,0.5714057683944702
YAP5,251,12,23,-,12.192,41,-0.07653754949569702,-0.8070708513259888,0.7305333018302917
YAP5,258,473,484,-,12.536,41,0.15021365880966187,0.15686586499214172,-0.006652206182479858
YAP5,279,284,295,-,13.14,89,-0.10090029239654541,-0.09467601776123047,-0.006224274635314941
YAP5,342,374,385,-,14.224,68,-0.3046829104423523,0.0822889655828476,-0.3869718760251999
YAP5,369,57,68,+,14.182,77,0.414529025554657,-0.1773802936077118,0.5919093191623688
YAP5,395,115,126,-,12.513,70,0.21025893092155457,-0.43116194009780884,0.6414208710193634
YAP6,1,219,227,-,12.673,69,0.04928502440452576,0.04751415550708771,0.0017708688974380493
YAP6,7,273,281,-,12.987,76,-0.029471993446350098,-0.4695764183998108,0.4401044249534607
YAP6,18,248,256,+,14.448,95,-0.015855252742767334,0.4166560173034668,-0.43251127004623413
YAP6,60,34,42,+,12.673,70,-0.5885442495346069,-0.6373720169067383,0.04882776737213135
YAP6,117,252,260,-,12.673,71,-0.4163588881492615,0.6839578151702881,-1.1003167033195496
YAP6,120,298,306,+,12.987,73,-0.1376645416021347,-0.2702564001083374,0.1325918585062027
YAP6,136,491,499,-,12.029,25,-1.0881199836730957,-0.3396171033382416,-0.7485028803348541
YAP6,229,165,173,+,12.673,89,-0.05947387218475342,1.5397074222564697,-1.5991812944412231
YAP6,230,447,455,+,12.673,88,1.2276405096054077,-0.29857194423675537,1.526212453842163
YAP6,251,196,204,-,12.673,82,0.14875929057598114,-0.7957659959793091,0.9445252865552902
YAP6,263,37,45,+,12.987,73,0.2638401389122009,0.054190993309020996,0.20964914560317993
YAP6,267,377,385,-,12.029,80,-0.1793006956577301,-0.23905712366104126,0.05975642800331116
YAP6,299,129,137,+,12.541,95,-0.01710084080696106,0.03750881552696228,-0.05460965633392334
YAP6,322,136,144,-,12.029,76,0.020880937576293945,0.5742204785346985,-0.5533395409584045
YAP6,322,168,176,+,12.987,63,0.3971859812736511,0.17206354439258575,0.22512243688106537
YAP6,347,194,202,-,12.541,100,0.047697171568870544,-0.2245955765247345,0.27229274809360504
YAP7.1,0,139,151,+,12.555,49,0.038849472999572754,1.1035226583480835,-1.0646731853485107
YAP7.1,52,456,468,+,13.551,77,-0.4905432164669037,-0.5049769282341003,0.014433711767196655
YAP7.1,80,456,468,+,13.551,62,-0.6319328546524048,0.41284313797950745,-1.0447759926319122
YAP7.1,82,459,471,+,12.618,79,-0.2649018168449402,0.5843608975410461,-0.8492627143859863
YAP7.1,93,485,497,+,14.079,45,-0.4816051125526428,0.8265812993049622,-1.308186411857605
YAP7.1,107,228,240,-,12.755,74,-0.45410609245300293,-0.0903313010931015,-0.36377479135990143
YAP7.1,115,260,272,-,12.755,93,-0.42487141489982605,0.47287654876708984,-0.8977479636669159
YAP7.1,119,109,121,-,12.293,100,-0.03486308455467224,0.22604987025260925,-0.2609129548072815
YAP7.1,139,93,105,-,16.422,80,-0.8128845691680908,-0.10459522902965546,-0.7082893401384354
YAP7.1,153,456,468,+,12.906,73,-0.5358192920684814,0.08103644847869873,-0.6168557405471802
YAP7.1,173,93,105,-,12.353,93,-0.13136228919029236,-0.12987172603607178,-0.001490563154220581
YAP7.1,174,293,305,+,12.353,93,-0.4381512999534607,0.1414610743522644,-0.5796123743057251
YAP7.1,194,402,414,+,14.32,57,-0.11511290818452835,-0.26392263174057007,0.14880972355604172
YAP7.1,237,96,108,-,12.675,69,-0.057844728231430054,0.32942360639572144,-0.3872683346271515
YAP7.1,260,22,34,-,12.555,39,-0.2608482837677002,0.06040853261947632,-0.3212568163871765
YAP7.1,261,139,151,+,12.555,49,0.04121258854866028,1.0975892543792725,-1.0563766658306122
YAP7.1,265,237,249,+,12.901,64,0.11250557005405426,-0.02372920513153076,0.13623477518558502
YAP7.1,281,259,271,-,13.724,92,-0.3018141984939575,-0.21279960870742798,-0.08901458978652954
YAP7.1,295,26,38,-,13.546,71,-0.269147127866745,-0.3058475852012634,0.03670045733451843
YAP7.1,296,162,174,+,13.546,90,-0.4325914978981018,0.3945402204990387,-0.8271317183971405
YAP7.1,395,115,127,-,13.331,71,0.30548790097236633,-0.28341975808143616,0.5889076590538025
YAP7.2,1,219,227,-,13.31,69,0.04928502440452576,0.04751415550708771,0.0017708688974380493
YAP7.2,59,16,24,-,11.95,52,-0.2190067172050476,-0.05871379375457764,-0.16029292345046997
YAP7.2,60,34,42,+,13.31,70,-0.5885442495346069,-0.6373720169067383,0.04882776737213135
YAP7.2,117,252,260,-,13.31,71,-0.4163588881492615,0.6839578151702881,-1.1003167033195496
YAP7.2,135,100,108,+,12.989,67,-0.59698486328125,-0.25252920389175415,-0.34445565938949585
YAP7.2,135,256,264,-,11.95,86,0.05252957344055176,-0.6328333616256714,0.6853629350662231
YAP7.2,142,459,467,-,13.009,71,-0.3275447487831116,-0.20197147130966187,-0.1255732774734497
YAP7.2,183,324,332,-,11.95,92,3.6028072834014893,-0.06890235841274261,3.671709641814232
YAP7.2,184,313,321,+,11.95,92,3.6665844917297363,-0.2572636902332306,3.923848181962967
YAP7.2,194,432,440,+,11.95,53,-0.6212853789329529,0.10206449031829834,-0.7233498692512512
YAP7.2,200,225,233,+,11.95,95,-0.45392459630966187,-0.10909967124462128,-0.3448249250650406
YAP7.2,202,280,288,-,11.95,95,0.3006267547607422,0.10377833247184753,0.19684842228889465
YAP7.2,229,165,173,+,13.31,89,-0.05947387218475342,1.5397074222564697,-1.5991812944412231
YAP7.2,230,447,455,+,13.31,88,1.2276405096054077,-0.29857194423675537,1.526212453842163
YAP7.2,246,285,293,+,12.989,88,1.1254997253417969,-0.21990904211997986,1.3454087674617767
YAP7.2,246,290,298,+,12.989,88,0.5129292011260986,0.05704657733440399,0.45588262379169464
YAP7.2,251,196,204,-,13.31,82,0.14875929057598114,-0.7957659959793091,0.9445252865552902
YAP7.2,289,312,320,-,12.989,95,1.456430435180664,-0.13993090391159058,1.5963613390922546
YAP7.2,385,4,12,-,13.291,39,0.04639780521392822,-0.2111836075782776,0.2575814127922058
YAP7.2,394,101,109,+,12.989,61,0.298580139875412,0.6056684255599976,-0.30708828568458557
YGR067C,0,171,181,+,13.205,47,0.33060166239738464,-0.32232901453971863,0.6529306769371033
YGR067C,9,273,283,+,12.337,72,0.4213271737098694,0.16410589218139648,0.2572212815284729
YGR067C,32,246,256,+,12.949,87,0.5673640370368958,-0.7211095094680786,1.2884735465049744
YGR067C,37,339,349,-,11.701,89,1.8934751749038696,-0.235883429646492,2.1293586045503616
YGR067C,57,165,175,-,13.205,86,-0.15159785747528076,0.9735603332519531,-1.1251581907272339
YGR067C,110,336,346,+,11.701,93,0.4956957995891571,-0.07052713632583618,0.5662229359149933
YGR067C,148,262,272,-,11.842,78,-0.24966776371002197,-0.16762474179267883,-0.08204302191734314
YGR067C,170,235,245,-,12.266,66,-0.6610335111618042,-0.09721478819847107,-0.5638187229633331
YGR067C,261,171,181,+,13.205,47,0.3296148180961609,-0.32367709279060364,0.6532919108867645
YGR067C,298,175,185,+,11.866,80,1.2730242013931274,0.7128432989120483,0.5601809024810791
YGR067C,306,116,126,-,11.857,79,0.4143986403942108,0.9798929691314697,-0.5654943287372589
YGR067C,307,127,137,+,11.857,84,0.4955044984817505,0.3115869164466858,0.1839175820350647
YGR067C,323,282,292,-,12.079,90,-0.6052920818328857,0.9708234667778015,-1.5761155486106873
YGR067C,330,157,167,-,12.124,92,-0.03494906425476074,-0.19212695956230164,0.1571778953075409
YGR067C,348,99,109,+,12.096,71,0.13658824563026428,-0.40248262882232666,0.5390708744525909
YGR067C,348,124,134,+,11.966,79,0.07303636521100998,0.34977012872695923,-0.27673376351594925
YGR067C,384,264,274,-,11.837,90,0.4113924205303192,-0.09431236982345581,0.505704790353775
YHP1,22,438,446,+,10.966,90,-0.17587810754776,-0.502810001373291,0.326931893825531
YHP1,42,37,45,-,10.659,70,0.11204308271408081,0.05426189303398132,0.05778118968009949
YHP1,68,471,479,+,10.896,67,-0.6248230338096619,0.5267502665519714,-1.1515733003616333
YHP1,111,430,438,+,10.896,73,-0.3551335036754608,0.07081645727157593,-0.42594996094703674
YHP1,111,434,442,+,10.896,69,-0.07102073729038239,-0.1342645287513733,0.0632437914609909
YHP1,111,438,446,+,10.659,66,0.03178996592760086,-0.30069488286972046,0.3324848487973213
YHP1,112,339,347,+,10.659,81,-1.424094557762146,-0.08336840569972992,-1.340726152062416
YHP1,135,71,79,+,11.361,78,-0.6262112855911255,0.1825604885816574,-0.8087717741727829
YHP1,138,59,67,-,10.896,90,-0.3488345146179199,0.7462449073791504,-1.0950794219970703
YHP1,191,111,119,+,10.966,86,-0.2457370012998581,-0.35925018787384033,0.11351318657398224
YHP1,203,138,146,-,10.966,95,0.39855119585990906,0.12894588708877563,0.2696053087711334
YHP1,222,302,310,-,10.966,72,-0.31681662797927856,-0.6408071517944336,0.32399052381515503
YHP1,223,86,94,+,10.966,72,-0.25439295172691345,-0.6348572969436646,0.3804643452167511
YHP1,232,422,430,+,11.361,94,-0.22342932224273682,0.6063246726989746,-0.8297539949417114
YHP1,233,487,495,-,11.361,45,-0.6322183609008789,0.4707171320915222,-1.1029354929924011
YHP1,245,449,457,-,10.659,63,1.0736963748931885,0.6206825971603394,0.4530137777328491
YHP1,256,341,349,-,10.659,94,0.10925419628620148,-0.8437302708625793,0.9529844671487808
YHP1,292,382,390,+,10.659,62,0.15477462112903595,-0.22074219584465027,0.3755168169736862
YHP1,293,169,177,-,10.659,62,0.08134402334690094,0.4855182468891144,-0.40417422354221344
YHP1,316,10,18,-,10.659,39,0.40285301208496094,-0.40066689252853394,0.8035199046134949
YHP1,317,213,221,+,10.659,79,0.22989167273044586,0.1605013906955719,0.06939028203487396
YHP1,372,59,67,+,10.896,83,-0.1616024374961853,0.14925788342952728,-0.3108603209257126
YHP1,378,23,31,-,11.361,38,-0.13305413722991943,-0.21623626351356506,0.08318212628364563
YHP1,379,39,47,+,11.361,34,-0.13459783792495728,-0.4975930452346802,0.3629952073097229
YKL222C,2,31,41,-,9.257,44,-0.1004791408777237,-0.17044219374656677,0.06996305286884308
YKL222C,9,274,284,+,9.795,72,0.4692876935005188,0.15901541709899902,0.3102722764015198
YKL222C,22,209,219,+,8.922,85,0.5991172790527344,0.3373750150203705,0.2617422640323639
YKL222C,22,215,225,-,8.977,85,0.5275653600692749,0.6059180498123169,-0.07835268974304199
YKL222C,56,140,150,+,9.002,89,-0.36732515692710876,0.642059862613678,-1.0093850195407867
YKL222C,69,198,208,+,9.093,93,0.12096463143825531,-0.42744454741477966,0.548409178853035
YKL222C,69,264,274,+,9.325,98,0.6113029718399048,-0.30614542961120605,0.9174484014511108
YKL222C,73,118,128,-,8.914,86,-0.6314021348953247,0.2731935679912567,-0.9045957028865814
YKL222C,110,127,137,-,9.415,83,-0.05439555644989014,-0.1284952610731125,0.07409970462322235
YKL222C,113,450,460,-,9.329,71,0.47674643993377686,-0.07888978719711304,0.5556362271308899
YKL222C,142,10,20,-,8.864,47,0.2006717473268509,0.014972150325775146,0.18569959700107574
YKL222C,147,272,282,+,8.912,84,-0.12175197154283524,-0.16909562051296234,0.047343648970127106
YKL222C,166,47,57,-,9.041,81,0.0031476616859436035,1.4621796607971191,-1.4590319991111755
YKL222C,167,364,374,-,9.11,72,-0.05206763371825218,0.12516750395298004,-0.17723513767123222
YKL222C,194,482,492,+,8.913,34,-0.4729194939136505,0.042652428150177,-0.5155719220638275
YKL222C,196,7,17,-,9.325,51,-0.08466356992721558,0.3957487940788269,-0.4804123640060425
YKL222C,196,377,387,+,9.111,88,-0.5865620970726013,0.9404544830322266,-1.5270165801048279
YKL222C,197,209,219,-,9.111,88,-0.5540347695350647,0.6541072130203247,-1.2081419825553894
YKL222C,253,198,208,-,8.886,79,-0.4512803554534912,-0.16428422927856445,-0.28699612617492676
YKL222C,275,76,86,-,8.912,78,-0.10979822278022766,-0.27501967549324036,0.1652214527130127
YKL222C,316,45,55,+,9.274,64,0.29355695843696594,-0.2024064064025879,0.49596336483955383
YKL222C,317,176,186,-,9.274,69,0.1878238022327423,0.1499381959438324,0.03788560628890991
YKL222C,368,57,67,+,8.929,100,0.04023358225822449,-0.48603153228759766,0.5262651145458221
YLR278C,24,212,221,+,12.248,69,0.222070574760437,-0.25261229276657104,0.47468286752700806
YLR278C,53,474,483,-,12.136,53,-0.8385015726089478,-0.3774591088294983,-0.46104246377944946
YLR278C,78,474,483,-,12.136,52,-0.9554151296615601,0.5827924013137817,-1.5382075309753418
YLR278C,80,230,239,+,11.907,67,-0.29189813137054443,0.7487415075302124,-1.0406396389007568
YLR278C,86,34,43,+,12.248,68,0.3870552182197571,0.026707440614700317,0.36034777760505676
YLR278C,110,480,489,-,13.833,43,-0.5256733298301697,1.6459155082702637,-2.1715888381004333
YLR278C,119,479,488,-,13.833,54,0.42424821853637695,0.04791504144668579,0.37633317708969116
YLR278C,123,475,484,-,14.927,66,0.016414202749729156,0.1679903268814087,-0.15157612413167953
YLR278C,135,64,73,-,13.0,74,-0.6480485200881958,-0.01972752809524536,-0.6283209919929504
YLR278C,181,44,53,+,12.964,86,-0.1584162712097168,-0.8069117665290833,0.6484954953193665
YLR278C,194,181,190,+,12.248,74,-0.8218023777008057,0.1536552906036377,-0.9754576683044434
YLR278C,206,343,352,+,13.217,70,-0.7034058570861816,0.41428667306900024,-1.1176925301551819
YLR278C,229,397,406,-,11.907,81,-0.5024905800819397,0.7128074169158936,-1.2152979969978333
YLR278C,242,33,42,-,12.964,78,-0.7162138819694519,0.5385504364967346,-1.2547643184661865
YLR278C,274,460,469,-,12.964,71,-0.07464750111103058,0.205356165766716,-0.2800036668777466
YLR278C,304,375,384,+,13.217,74,-0.19602976739406586,-0.35086843371391296,0.1548386663198471
YLR278C,314,202,211,+,13.0,100,0.08361777663230896,-0.11000806093215942,0.19362583756446838
YLR278C,352,474,483,-,12.964,55,-0.2862938642501831,0.09643852710723877,-0.3827323913574219
YOX1,6,170,178,-,12.069,87,-0.24014070630073547,0.21274182200431824,-0.4528825283050537
YOX1,44,426,434,+,14.057,84,0.6825351715087891,0.44086557626724243,0.24166959524154663
YOX1,60,341,349,+,14.057,89,-0.16511701047420502,-0.5232185125350952,0.3581015020608902
YOX1,83,19,27,-,14.057,52,0.057617902755737305,-0.1026923656463623,0.1603102684020996
YOX1,111,433,441,+,14.057,70,-0.204858660697937,-0.16716346144676208,-0.03769519925117493
YOX1,118,128,136,-,12.069,90,0.9349359273910522,-0.1325499415397644,1.0674858689308167
YOX1,126,261,269,+,14.057,67,-0.1157178282737732,0.7130798101425171,-0.8287976384162903
YOX1,138,60,68,-,12.069,90,-0.4335898458957672,0.7039175629615784,-1.1375074088573456
YOX1,158,357,365,+,12.069,94,-0.1332823634147644,0.18046055734157562,-0.31374292075634
YOX1,212,359,367,-,14.057,76,0.6113285422325134,1.1890578269958496,-0.5777292847633362
YOX1,277,391,399,+,12.069,80,0.00777069479227066,-0.2799871265888214,0.28775782138109207
YOX1,349,265,273,-,12.069,83,-0.18852144479751587,0.168245330452919,-0.3567667752504349
YOX1,386,170,178,-,12.069,87,-0.24048052728176117,0.21318621933460236,-0.4536667466163635
YOX1,387,0,8,+,12.069,50,-0.5645041465759277,1.0120809078216553,-1.576585054397583
YOX1,387,260,268,-,12.069,69,0.22737978398799896,0.2667500078678131,-0.03937022387981415
YPR196W,2,81,102,+,13.167,59,0.18134282529354095,0.005911022424697876,0.17543180286884308
YPR196W,33,36,57,+,12.504,78,0.07269850373268127,0.5331846475601196,-0.46048614382743835
YPR196W,50,459,480,-,13.905,65,0.06988441944122314,0.7777529954910278,-0.7078685760498047
YPR196W,60,170,191,+,11.647,40,0.07649573683738708,-0.048191845417022705,0.12468758225440979
YPR196W,97,215,236,-,13.047,56,-0.06879645586013794,-0.1079559177160263,0.03915946185588837
YPR196W,111,212,233,-,14.688,62,0.12388384342193604,0.6830794811248779,-0.5591956377029419
YPR196W,115,12,33,-,15.075,44,-0.11467099189758301,-0.09365876019001007,-0.021012231707572937
YPR196W,136,459,480,-,13.905,57,-0.10623049736022949,-0.0869518518447876,-0.019278645515441895
YPR196W,188,410,431,-,12.812,85,0.05454893410205841,1.1459360122680664,-1.091387078166008
YPR196W,194,94,115,-,11.607,73,-0.02619689702987671,-0.17118746042251587,0.14499056339263916
YPR196W,251,39,60,-,13.177,66,-0.09261494874954224,0.2359943687915802,-0.32860931754112244
YPR196W,251,319,340,-,12.843,86,0.23461076617240906,0.19357241690158844,0.04103834927082062
YPR196W,252,432,453,+,12.843,83,0.5404375791549683,0.7744718790054321,-0.23403429985046387
YPR196W,265,179,200,-,16.2,78,-0.0035260431468486786,-0.3072357773780823,0.3037097342312336
YPR196W,321,15,36,+,11.631,52,-0.16532596945762634,-0.6605226993560791,0.49519672989845276
YPR196W,329,35,56,+,12.722,83,-0.03232622146606445,-1.0724215507507324,1.040095329284668
YRM1,32,308,329,-,11.527,93,0.011901495978236198,-0.7763083577156067,0.7882098536938429
YRM1,36,444,465,-,11.84,66,1.7597094774246216,0.964388906955719,0.7953205704689026
YRM1,46,205,226,+,13.172,82,-0.10175654292106628,0.2042529135942459,-0.3060094565153122
YRM1,52,256,277,-,11.558,87,-0.06869403272867203,-0.2836739718914032,0.21497993916273117
YRM1,71,302,323,-,12.277,93,-0.1625393033027649,0.4591054320335388,-0.6216447353363037
YRM1,72,44,65,+,13.457,80,0.9208091497421265,0.4870408773422241,0.43376827239990234
YRM1,97,209,230,+,12.674,56,-0.06357419490814209,-0.12186120450496674,0.058287009596824646
YRM1,105,306,327,-,16.474,90,-0.21922655403614044,-0.23432959616184235,0.015103042125701904
YRM1,107,174,195,-,11.976,82,-0.03933432698249817,-0.21877126395702362,0.17943693697452545
YRM1,114,303,324,-,12.169,69,-0.0845295786857605,-0.12137754261493683,0.03684796392917633
YRM1,136,192,213,-,11.466,60,0.007485896348953247,-0.017475008964538574,0.02496090531349182
YRM1,136,320,341,-,11.706,76,-0.30446726083755493,0.038603007793426514,-0.34307026863098145
YRM1,148,446,467,+,14.202,58,-0.10170406103134155,-0.2533229887485504,0.15161892771720886
YRM1,159,24,45,+,11.983,43,-0.023335754871368408,-0.37382954359054565,0.35049378871917725
YRM1,171,394,415,-,11.553,87,1.0201385021209717,0.13030783832073212,0.8898306638002396
YRM1,172,235,256,-,13.27,61,0.37296921014785767,0.11291877925395966,0.260050430893898
YRM1,172,276,297,+,13.147,60,-0.3942005932331085,0.04394403100013733,-0.43814462423324585
YRM1,173,453,474,-,13.27,53,0.8546778559684753,-0.0882711410522461,0.9429489970207214
YRM1,187,350,371,+,11.543,85,0.33448269963264465,0.4492861330509186,-0.11480343341827393
YRM1,247,272,293,-,11.926,89,-0.027390476316213608,0.12640967965126038,-0.15380015596747398
YRM1,281,329,350,-,11.821,90,0.027075529098510742,0.11229066550731659,-0.08521513640880585
YRM1,284,122,143,+,12.598,73,-0.5191118121147156,-0.36051133275032043,-0.15860047936439514
YRM1,316,159,180,+,11.837,65,-0.20074455440044403,0.005844704806804657,-0.2065892592072487
YRM1,317,51,72,-,11.837,65,-0.14902187883853912,0.42306071519851685,-0.572082594037056
YRM1,394,44,65,+,12.107,57,-0.5316560864448547,-0.16862395405769348,-0.36303213238716125
YRM1,395,470,491,+,12.107,46,-0.37038010358810425,0.23878401517868042,-0.6091641187667847
YRR1,2,30,40,-,11.17,44,-0.12536494433879852,-0.31109434366226196,0.18572939932346344
YRR1,5,271,281,-,10.448,83,-0.05569860711693764,-0.031535714864730835,-0.024162892252206802
YRR1,69,265,275,+,10.405,98,0.8528122901916504,-0.2683038115501404,1.1211161017417908
YRR1,73,117,127,-,10.207,87,-0.582292914390564,0.47930312156677246,-1.0615960359573364
YRR1,94,177,187,+,10.805,86,-0.12284058332443237,-0.2225642204284668,0.09972363710403442
YRR1,110,126,136,-,10.175,84,-0.16785746812820435,-0.12627212703227997,-0.04158534109592438
YRR1,121,236,246,+,9.88,80,-0.4968918263912201,-0.1801532506942749,-0.3167385756969452
YRR1,136,326,336,-,11.17,67,-0.11068318039178848,0.04904961585998535,-0.15973279625177383
YRR1,140,7,17,-,10.814,51,0.00801841914653778,0.12526583671569824,-0.11724741756916046
YRR1,148,451,461,+,10.451,53,-0.10870957374572754,-0.20855283737182617,0.09984326362609863
YRR1,157,165,175,-,10.98,84,-0.14221809804439545,0.9999316930770874,-1.1421497911214828
YRR1,165,349,359,+,10.767,76,-0.6879420876502991,0.1357126533985138,-0.8236547410488129
YRR1,166,46,56,-,10.632,80,-0.011138051748275757,1.1490354537963867,-1.1601735055446625
YRR1,166,277,287,-,10.767,76,-0.7308244109153748,0.5031483769416809,-1.2339727878570557
YRR1,196,6,16,-,10.405,50,-0.08040213584899902,0.2772302031517029,-0.3576323390007019
YRR1,196,378,388,+,10.647,88,-0.5654475092887878,1.1518635749816895,-1.7173110842704773
YRR1,197,208,218,-,10.647,88,-0.36892199516296387,0.6510916948318481,-1.020013689994812
YRR1,206,125,135,+,10.442,80,0.0174100399017334,0.569205641746521,-0.5517956018447876
YRR1,208,449,459,+,10.031,66,0.20429787039756775,-0.0011936277151107788,0.20549149811267853
YRR1,209,252,262,-,10.031,75,-0.09993480890989304,0.8165997266769409,-0.916534535586834
YRR1,253,197,207,-,10.397,79,-0.5764791965484619,-0.2004508078098297,-0.3760283887386322
YRR1,265,418,428,+,9.992,97,-0.4670031666755676,0.014615476131439209,-0.48161864280700684
YRR1,281,335,345,-,10.808,79,-0.03240525722503662,-0.17502006888389587,0.14261481165885925
YRR1,295,95,105,+,10.632,93,-0.12007567286491394,0.20653343200683594,-0.3266091048717499
YRR1,296,95,105,-,10.632,93,-0.12566766142845154,0.18699437379837036,-0.3126620352268219
YRR1,304,81,91,+,10.647,47,0.4678777754306793,-0.022976398468017578,0.4908541738986969
YRR1,316,46,56,+,10.442,65,0.3070598244667053,-0.40711915493011475,0.7141789793968201
YRR1,317,175,185,-,10.442,69,0.28971004486083984,0.15304774045944214,0.1366623044013977
YRR1,323,359,369,-,10.04,92,-0.3672444224357605,-0.1794964075088501,-0.1877480149269104
YRR1,336,401,411,+,10.814,91,-0.6263033747673035,-0.38846421241760254,-0.23783916234970093
YRR1,345,271,281,-,10.448,83,-0.05640539526939392,-0.03228563070297241,-0.02411976456642151
YRR1,346,330,340,+,10.98,78,-0.4043654203414917,0.34986358880996704,-0.7542290091514587
YRR1,362,4,14,-,10.229,54,-0.16623757779598236,-0.25763922929763794,0.09140165150165558
cons_PAC,3,254,262,-,15.23,75,-0.22298642992973328,0.6864829659461975,-0.9094693958759308
cons_PAC,93,131,139,-,11.908,62,-0.027044832706451416,-0.5691741108894348,0.5421292781829834
cons_PAC,104,248,256,-,11.176,66,1.4080313444137573,-0.0033459309488534927,1.4113772753626108
cons_PAC,107,95,103,-,11.871,81,0.2277131974697113,-0.18901655077934265,0.41672974824905396
cons_PAC,111,113,121,-,11.176,65,0.7597209215164185,-0.17210794985294342,0.9318288713693619
cons_PAC,121,367,375,-,11.212,84,0.04902401566505432,-0.0895783007144928,0.13860231637954712
cons_PAC,148,401,409,+,15.23,72,4.493278980255127,-0.13913562893867493,4.632414609193802
cons_PAC,160,8,16,-,11.176,58,0.02915952354669571,0.41405123472213745,-0.38489171117544174
cons_PAC,161,223,231,+,11.176,93,0.11860114336013794,0.3539253771305084,-0.23532423377037048
cons_PAC,172,195,203,+,11.914,67,0.031931668519973755,0.04229035973548889,-0.010358691215515137
cons_PAC,173,413,421,+,11.914,67,-0.08188431710004807,0.4085579514503479,-0.49044226855039597
cons_PAC,175,314,322,-,11.865,51,1.3575752973556519,0.0512518584728241,1.3063234388828278
cons_PAC,175,486,494,+,11.212,51,-0.03004308044910431,0.10813139379024506,-0.13817447423934937
cons_PAC,176,131,139,-,11.212,91,-0.03841681778430939,0.3542187809944153,-0.39263559877872467
cons_PAC,176,303,311,+,11.865,51,1.2244288921356201,0.09615704417228699,1.1282718479633331
cons_PAC,181,177,185,-,11.176,86,0.10245727002620697,-0.25370630621910095,0.3561635762453079
cons_PAC,192,406,414,-,11.176,92,-0.11352945864200592,-0.5885701179504395,0.47504065930843353
cons_PAC,193,108,116,-,11.914,76,0.10009366273880005,0.19056883454322815,-0.0904751718044281
cons_PAC,195,417,425,+,11.871,84,0.6755785942077637,-0.1347212791442871,0.8102998733520508
cons_PAC,205,26,34,-,11.865,63,-0.01240190863609314,0.014440596103668213,-0.026842504739761353
cons_PAC,208,468,476,+,11.176,47,-0.5393850803375244,0.8212563395500183,-1.3606414198875427
cons_PAC,209,235,243,-,11.176,67,-0.26500409841537476,0.29893893003463745,-0.5639430284500122
cons_PAC,220,435,443,+,11.908,78,-0.156744122505188,-0.2016901969909668,0.04494607448577881
cons_PAC,221,110,118,-,11.908,78,-0.033045172691345215,0.2798064351081848,-0.31285160779953003
cons_PAC,236,243,251,-,11.212,90,0.5481157302856445,0.23937451839447021,0.3087412118911743
cons_PAC,237,447,455,+,11.212,87,0.6305992007255554,-0.3283596336841583,0.9589588344097137
cons_PAC,239,459,467,-,15.23,70,0.5792897343635559,0.24350619316101074,0.33578354120254517
cons_PAC,246,284,292,+,11.871,88,1.0717496871948242,-0.02341023087501526,1.0951599180698395
cons_PAC,246,289,297,+,11.871,88,0.5632219314575195,0.02862486243247986,0.5345970690250397
cons_PAC,253,350,358,-,15.23,59,2.74698805809021,-0.018996119499206543,2.7659841775894165
cons_PAC,268,53,61,+,15.23,75,-0.23093077540397644,-0.007171511650085449,-0.223759263753891
cons_PAC,268,327,335,+,15.23,88,0.5229247808456421,0.5457038879394531,-0.022779107093811035
cons_PAC,269,254,262,-,15.23,75,-0.2257150113582611,0.7023596167564392,-0.9280746281147003
cons_PAC,272,334,342,+,11.871,77,0.8532261848449707,-0.44352513551712036,1.296751320362091
cons_PAC,289,313,321,-,11.871,96,1.7279945611953735,0.07753301411867142,1.6504615470767021
cons_PAC,318,96,104,+,11.908,65,0.3230046033859253,-0.10125219821929932,0.4242568016052246
cons_PAC,344,41,49,-,11.865,79,0.08040529489517212,-0.1758861243724823,0.2562914192676544
cons_PAC,360,245,253,-,11.914,74,2.7065134048461914,0.7527616024017334,1.953751802444458
cons_PAC,394,105,113,+,11.176,65,1.335243821144104,0.11206009984016418,1.2231837213039398
cons_RRPE,4,295,306,+,16.647,80,1.9175564050674438,0.40873780846595764,1.5088185966014862
cons_RRPE,8,389,400,-,13.288,86,0.3194359242916107,0.3869438171386719,-0.06750789284706116
cons_RRPE,21,328,339,-,13.288,79,0.5313950777053833,0.14684046804904938,0.3845546096563339
cons_RRPE,24,280,291,-,13.282,69,-0.5093045234680176,0.1880369484424591,-0.6973414719104767
cons_RRPE,30,318,329,-,12.593,72,0.161586731672287,-0.7005040049552917,0.8620907366275787
cons_RRPE,34,102,113,+,13.331,87,-0.3025496006011963,-0.24257686734199524,-0.05997273325920105
cons_RRPE,38,398,409,-,13.325,95,-0.45786798000335693,0.19235268235206604,-0.650220662355423
cons_RRPE,40,165,176,+,13.288,59,-0.03479224443435669,0.008469462394714355,-0.043261706829071045
cons_RRPE,70,335,346,+,13.325,87,-0.18607738614082336,-0.22618207335472107,0.040104687213897705
cons_RRPE,79,289,300,-,16.647,90,1.105023980140686,0.03327828273177147,1.0717456974089146
cons_RRPE,81,327,338,-,13.288,95,-0.3379783630371094,0.5427486300468445,-0.8807269930839539
cons_RRPE,89,230,241,-,13.331,83,-0.17338094115257263,-0.16944169998168945,-0.003939241170883179
cons_RRPE,92,228,239,+,13.282,86,0.6426764130592346,-0.2952192425727844,0.937895655632019
cons_RRPE,107,330,341,-,12.593,83,0.7068830728530884,0.08418364077806473,0.6226994320750237
cons_RRPE,114,283,294,-,13.282,58,0.04697440564632416,0.0017010271549224854,0.04527337849140167
cons_RRPE,117,243,254,+,13.288,67,-0.3814159631729126,-0.14776356518268585,-0.23365239799022675
cons_RRPE,118,301,312,-,16.647,70,0.8085181713104248,-0.04596680402755737,0.8544849753379822
cons_RRPE,120,259,270,-,13.325,76,-0.14884518086910248,0.5468634963035583,-0.6957086771726608
cons_RRPE,132,307,318,-,13.325,76,2.1612722873687744,0.3191996216773987,1.8420726656913757
cons_RRPE,170,332,343,-,13.331,85,-0.2074601948261261,0.2524814307689667,-0.4599416255950928
cons_RRPE,175,334,345,-,16.647,64,0.012496814131736755,-0.513066828250885,0.5255636423826218
cons_RRPE,176,280,291,+,16.647,64,-0.46506059169769287,0.04138858616352081,-0.5064491778612137
cons_RRPE,189,35,46,-,12.593,76,-0.03830932080745697,-0.19276896119117737,0.1544596403837204
cons_RRPE,190,313,324,+,16.647,89,-1.0454028844833374,0.10046367347240448,-1.1458665579557419
cons_RRPE,194,346,357,+,13.325,71,-0.49310365319252014,1.2604361772537231,-1.7535398304462433
cons_RRPE,196,250,261,-,13.282,83,1.7045150995254517,-0.35155901312828064,2.0560741126537323
cons_RRPE,197,335,346,+,13.282,83,1.246299147605896,-0.2565767467021942,1.5028758943080902
cons_RRPE,206,303,314,-,12.593,48,-0.3565775454044342,-0.0921417772769928,-0.2644357681274414
cons_RRPE,210,292,303,-,12.593,65,0.45907360315322876,0.49782484769821167,-0.03875124454498291
cons_RRPE,214,292,303,-,16.647,82,1.7186822891235352,-0.25294843316078186,1.971630722284317
cons_RRPE,226,31,42,-,13.288,55,-0.2512094974517822,-0.18529865145683289,-0.06591084599494934
cons_RRPE,268,341,352,+,13.282,86,-0.08277225494384766,0.43649500608444214,-0.5192672610282898
cons_RRPE,273,12,23,-,12.593,62,-0.10214054584503174,-0.2556089758872986,0.15346843004226685
cons_RRPE,314,335,346,+,13.282,96,0.045176565647125244,-0.4140457510948181,0.45922231674194336
cons_RRPE,314,338,349,-,13.331,97,0.02474689483642578,-0.332769513130188,0.35751640796661377
cons_RRPE,318,204,215,+,16.647,78,2.076920509338379,-0.44368815422058105,2.52060866355896
cons_RRPE,318,206,217,-,12.593,78,2.0406863689422607,-0.6946063041687012,2.735292673110962
cons_RRPE,319,90,101,+,12.593,90,-0.6666287779808044,-0.1000012457370758,-0.5666275322437286
cons_RRPE,325,399,410,-,13.282,87,-0.4546709358692169,0.03457687795162201,-0.48924781382083893
cons_RRPE,326,267,278,-,16.647,88,-0.4317309856414795,0.5866461992263794,-1.0183771848678589
cons_RRPE,327,72,83,+,16.647,87,-0.3395739197731018,-0.021958306431770325,-0.3176156133413315
cons_RRPE,327,74,85,-,12.593,87,-0.4229227304458618,-0.015595987439155579,-0.40732674300670624
cons_RRPE,328,295,306,+,16.647,80,1.9138115644454956,0.4088956117630005,1.5049159526824951
cons_RRPE,355,2,13,-,12.593,47,-0.9840202331542969,-0.2421552538871765,-0.7418649792671204
cons_RRPE,360,225,236,-,16.647,77,2.3046650886535645,0.22444894909858704,2.0802161395549774
cons_RRPE,379,89,100,+,16.647,64,-0.07367709279060364,-0.1913471817970276,0.11767008900642395
cons_RRPE,380,120,131,-,13.325,92,0.32090115547180176,0.17826509475708008,0.14263606071472168
cons_RRPE,380,351,362,+,16.647,70,0.035315439105033875,0.44915497303009033,-0.41383953392505646
cons_TATA,2,428,434,+,8.669,83,-0.5591870546340942,0.3631993532180786,-0.9223864078521729
cons_TATA,3,377,383,-,8.669,89,-0.07426366209983826,0.7926788926124573,-0.8669425547122955
cons_TATA,4,343,349,-,8.669,74,3.396021842956543,0.6399626731872559,2.756059169769287
cons_TATA,4,347,353,+,8.669,72,4.285348892211914,0.49635034799575806,3.788998544216156
cons_TATA,5,57,63,+,8.669,100,-0.08343404531478882,0.0576511025428772,-0.14108514785766602
cons_TATA,9,56,62,+,8.669,90,-0.2070140242576599,-0.9110894203186035,0.7040753960609436
cons_TATA,12,185,191,-,8.669,73,-0.2920691967010498,-0.17249280214309692,-0.11957639455795288
cons_TATA,12,361,367,+,8.669,82,0.395921915769577,0.4958714246749878,-0.09994950890541077
cons_TATA,13,6,12,+,8.669,51,-0.4335924983024597,-0.2532585561275482,-0.1803339421749115
cons_TATA,14,290,296,-,8.669,91,1.5024261474609375,0.22901411354541779,1.2734120339155197
cons_TATA,15,73,79,-,8.669,94,0.3046361804008484,0.002464890480041504,0.3021712899208069
cons_TATA,17,463,469,+,8.669,76,-0.08042358607053757,0.021531105041503906,-0.10195469111204147
cons_TATA,18,44,50,+,8.669,77,0.0252954363822937,1.3609576225280762,-1.3356621861457825
cons_TATA,18,323,329,-,8.669,88,1.5348374843597412,0.006424665451049805,1.5284128189086914
cons_TATA,18,325,331,+,8.669,88,1.3665579557418823,-0.2011781930923462,1.5677361488342285
cons_TATA,19,374,380,-,8.669,100,0.4078286290168762,-0.055802009999752045,0.46363063901662827
cons_TATA,20,286,292,-,8.669,63,0.7524660229682922,-1.1567604541778564,1.9092264771461487
cons_TATA,20,288,294,+,8.669,61,0.7316460013389587,-0.8482454419136047,1.5798914432525635
cons_TATA,21,193,199,+,8.669,89,0.06739944219589233,0.18906119465827942,-0.12166175246238708
cons_TATA,25,121,127,-,8.669,97,0.07181119918823242,0.6029314398765564,-0.531120240688324
cons_TATA,26,112,118,+,8.669,77,-0.8172926306724548,-0.46083593368530273,-0.3564566969871521
cons_TATA,26,163,169,-,8.669,85,-0.43251413106918335,-0.049290239810943604,-0.38322389125823975
cons_TATA,28,343,349,-,8.669,100,-0.18662430346012115,0.4300175607204437,-0.6166418641805649
cons_TATA,32,28,34,-,8.669,53,0.02780628204345703,-0.37659144401550293,0.40439772605895996
cons_TATA,32,59,65,+,8.669,67,0.16299737989902496,-0.11554378271102905,0.278541162610054
cons_TATA,38,30,36,-,8.669,74,0.1160241961479187,0.15213313698768616,-0.036108940839767456
cons_TATA,38,73,79,-,8.669,82,-0.01838374137878418,-0.008920133113861084,-0.009463608264923096
cons_TATA,38,393,399,-,8.669,88,0.45027875900268555,0.0075594112277030945,0.44271934777498245
cons_TATA,42,357,363,-,8.669,95,1.6341946125030518,0.18925610184669495,1.4449385106563568
cons_TATA,43,43,49,+,8.669,77,0.001803278923034668,-0.3604593276977539,0.3622626066207886
cons_TATA,44,192,198,+,8.669,80,0.5904186367988586,-0.472578763961792,1.0629974007606506
cons_TATA,44,212,218,+,8.669,75,0.26739177107810974,-0.08398860692977905,0.3513803780078888
cons_TATA,44,411,417,+,8.669,82,-0.8161212205886841,0.006684660911560059,-0.8228058815002441
cons_TATA,46,356,362,-,8.669,94,1.1171557903289795,-0.42815327644348145,1.545309066772461
cons_TATA,46,377,383,-,8.669,94,0.37421733140945435,-0.36398857831954956,0.7382059097290039
cons_TATA,46,468,474,-,8.669,69,-0.2708780765533447,-0.7374511361122131,0.4665730595588684
cons_TATA,47,190,196,+,8.669,94,-0.6959617137908936,0.43644046783447266,-1.1324021816253662
cons_TATA,47,210,216,-,8.669,94,-0.8069272041320801,0.015457406640052795,-0.8223846107721329
cons_TATA,47,459,465,+,8.669,80,-0.17023423314094543,0.1667175590991974,-0.3369517922401428
cons_TATA,48,28,34,+,8.669,65,-0.11073648929595947,-0.6660196781158447,0.5552831888198853
cons_TATA,48,64,70,-,8.669,73,-0.036199331283569336,-0.3580405116081238,0.32184118032455444
cons_TATA,48,66,72,+,8.669,73,0.012655556201934814,-0.4897775948047638,0.5024331510066986
cons_TATA,50,101,107,+,8.669,87,-0.8233893513679504,-0.07422107458114624,-0.7491682767868042
cons_TATA,51,137,143,-,8.669,84,-0.7824191451072693,-0.05980503559112549,-0.7226141095161438
cons_TATA,53,137,143,-,8.669,100,0.1455056071281433,-0.3386249244213104,0.48413053154945374
cons_TATA,53,353,359,-,8.669,76,3.8209848403930664,-0.20553214848041534,4.026516988873482
cons_TATA,53,355,361,+,8.669,78,4.350834369659424,-0.1262543648481369,4.477088734507561
cons_TATA,57,45,51,+,8.669,80,-0.2921123802661896,-0.2201923131942749,-0.07192006707191467
cons_TATA,65,216,222,-,8.669,77,0.21612098813056946,-0.018982231616973877,0.23510321974754333
cons_TATA,65,362,368,+,8.669,92,0.24075840413570404,0.11033904552459717,0.13041935861110687
cons_TATA,66,418,424,-,8.669,92,-0.2476111650466919,-0.2353573441505432,-0.012253820896148682
cons_TATA,66,420,426,+,8.669,92,0.2606048583984375,0.5317264795303345,-0.271121621131897
cons_TATA,67,472,478,+,8.669,55,-0.8504550457000732,0.14310210943222046,-0.9935571551322937
cons_TATA,69,118,124,-,8.669,81,0.1653202772140503,-0.2100563794374466,0.3753766566514969
cons_TATA,69,362,368,-,8.669,93,0.37807589769363403,0.34772151708602905,0.03035438060760498
cons_TATA,69,364,370,+,8.669,93,0.26643452048301697,-0.017815709114074707,0.2842502295970917
cons_TATA,70,227,233,-,8.669,90,-0.05842703580856323,-0.10847988724708557,0.05005285143852234
cons_TATA,70,419,425,+,8.669,92,-0.5863462090492249,0.1065472960472107,-0.6928935050964355
cons_TATA,74,100,106,-,8.669,80,1.9685866832733154,-0.5556580424308777,2.524244725704193
cons_TATA,76,167,173,+,8.669,92,0.6770418882369995,0.09539592266082764,0.5816459655761719
cons_TATA,78,403,409,-,8.669,81,0.6418015956878662,-0.19626371562480927,0.8380653113126755
cons_TATA,80,35,41,+,8.669,80,-0.006797634065151215,-0.15757238864898682,0.1507747545838356
cons_TATA,81,51,57,-,8.669,98,-0.3282310366630554,0.08478763699531555,-0.41301867365837097
cons_TATA,81,53,59,+,8.669,98,-0.32962679862976074,-0.0907486230134964,-0.23887817561626434
cons_TATA,81,125,131,-,8.669,100,0.566278874874115,-0.21052181720733643,0.7768006920814514
cons_TATA,81,417,423,+,8.669,74,-0.08456407487392426,0.3025301396846771,-0.3870942145586014
cons_TATA,82,63,69,+,8.669,77,-0.15558406710624695,-0.33528459072113037,0.17970052361488342
cons_TATA,82,100,106,+,8.669,64,-0.13314300775527954,0.3097359240055084,-0.44287893176078796
cons_TATA,82,338,344,-,8.669,54,3.368828773498535,-0.24991732835769653,3.6187461018562317
cons_TATA,82,340,346,+,8.669,54,4.198350429534912,-0.3881780505180359,4.586528480052948
cons_TATA,82,369,375,-,8.669,70,0.22923226654529572,-0.0312749445438385,0.2605072110891342
cons_TATA,86,239,245,+,8.669,63,0.16580945253372192,-0.45671504735946655,0.6225244998931885
cons_TATA,101,21,27,-,8.669,66,-0.6789355874061584,0.28674280643463135,-0.9656783938407898
cons_TATA,101,128,134,-,8.669,83,0.11448198556900024,-0.3728477358818054,0.48732972145080566
cons_TATA,102,45,51,+,8.669,78,0.16383209824562073,-0.21113337576389313,0.37496547400951385
cons_TATA,102,152,158,+,8.669,89,-0.36935633420944214,-1.1599454879760742,0.7905891537666321
cons_TATA,102,191,197,+,8.669,70,0.20939400792121887,0.06336396932601929,0.14603003859519958
cons_TATA,103,112,118,+,8.669,90,0.022127419710159302,-0.19251103699207306,0.21463845670223236
cons_TATA,103,175,181,+,8.669,74,-0.2068648785352707,0.33008599281311035,-0.536950871348381
cons_TATA,104,222,228,+,8.669,69,-0.14997923374176025,0.08226475864648819,-0.23224399238824844
cons_TATA,107,131,137,+,8.669,74,0.06290775537490845,0.11009373515844345,-0.047185979783535004
cons_TATA,114,213,219,-,8.669,76,1.7874644994735718,-0.49542906880378723,2.282893568277359
cons_TATA,114,217,223,+,8.669,76,0.4185514748096466,-0.5656221508979797,0.9841736257076263
cons_TATA,116,55,61,+,8.669,68,-0.30424797534942627,-0.08763782680034637,-0.2166101485490799
cons_TATA,117,119,125,-,8.669,58,-0.36168962717056274,0.23867160081863403,-0.6003612279891968
cons_TATA,118,78,84,-,8.669,90,0.1301344633102417,-0.09349685907363892,0.22363132238388062
cons_TATA,118,338,344,+,8.669,79,3.924525260925293,0.09080380946397781,3.833721451461315
cons_TATA,120,242,248,-,8.669,76,1.5560468435287476,0.28283441066741943,1.2732124328613281
cons_TATA,121,16,22,+,8.669,49,-0.5242136716842651,0.13718418776988983,-0.661397859454155
cons_TATA,121,25,31,+,8.669,51,-0.4308025538921356,0.04961627721786499,-0.4804188311100006
cons_TATA,122,15,21,-,8.669,63,-0.06926357001066208,0.26831087470054626,-0.33757444471120834
cons_TATA,122,17,23,+,8.669,65,0.14830735325813293,0.35176464915275574,-0.2034572958946228
cons_TATA,125,123,129,+,8.669,67,-0.5178889036178589,-0.3049677014350891,-0.21292120218276978
cons_TATA,125,301,307,+,8.669,100,0.3468083441257477,0.3957236409187317,-0.04891529679298401
cons_TATA,127,164,170,-,8.669,95,0.18887364864349365,0.182539165019989,0.006334483623504639
cons_TATA,128,337,343,+,8.669,69,1.7451505661010742,-0.31635069847106934,2.0615012645721436
cons_TATA,131,399,405,-,8.669,78,-0.20777323842048645,-0.020241260528564453,-0.187531977891922
cons_TATA,132,333,339,+,8.669,77,2.053969621658325,-0.2831922769546509,2.337161898612976
cons_TATA,135,135,141,+,8.669,81,-0.6663002371788025,0.5606749653816223,-1.2269752025604248
cons_TATA,136,152,158,-,8.669,38,0.05392912030220032,-0.281158983707428,0.3350881040096283
cons_TATA,137,310,316,+,8.669,88,-0.45929765701293945,-0.7703056931495667,0.3110080361366272
cons_TATA,137,319,325,-,8.669,88,-0.34234723448753357,-0.5052088499069214,0.16286161541938782
cons_TATA,137,336,342,+,8.669,88,4.875608444213867,-0.08681538701057434,4.9624238312244415
cons_TATA,137,436,442,+,8.669,94,-0.12079671025276184,-0.09498243033885956,-0.025814279913902283
cons_TATA,143,208,214,-,8.669,72,0.7794586420059204,-0.16239026188850403,0.9418489038944244
cons_TATA,143,272,278,+,8.669,95,1.773698329925537,-0.187716543674469,1.961414873600006
cons_TATA,145,345,351,+,8.669,60,0.28586316108703613,-0.1569826900959015,0.4428458511829376
cons_TATA,146,272,278,+,8.669,100,1.498714566230774,-0.09269668161869049,1.5914112478494644
cons_TATA,147,87,93,-,8.669,87,0.7880640029907227,1.0209686756134033,-0.23290467262268066
cons_TATA,147,300,306,+,8.669,74,1.4127182960510254,-0.54915452003479,1.9618728160858154
cons_TATA,148,307,313,-,8.669,80,0.9589484333992004,-0.18472272157669067,1.1436711549758911
cons_TATA,149,95,101,+,8.669,93,-0.22154521942138672,-0.40016478300094604,0.17861956357955933
cons_TATA,149,402,408,-,8.669,77,0.5495575666427612,-0.3744989335536957,0.9240565001964569
cons_TATA,150,253,259,-,8.669,93,0.03979196771979332,-0.4556354284286499,0.4954273961484432
cons_TATA,151,177,183,-,8.669,76,0.11210964620113373,-0.27660414576530457,0.3887137919664383
cons_TATA,151,219,225,-,8.669,80,1.6798784732818604,0.14646875858306885,1.5334097146987915
cons_TATA,152,462,468,+,8.669,69,0.5391329526901245,-0.10026409476995468,0.6393970474600792
cons_TATA,153,244,250,-,8.669,99,0.19401443004608154,-0.3437252342700958,0.5377396643161774
cons_TATA,153,441,447,+,8.669,82,0.7868132591247559,-0.09549260139465332,0.8823058605194092
cons_TATA,154,313,319,+,8.669,91,2.967226028442383,0.28404471278190613,2.6831813156604767
cons_TATA,155,333,339,-,8.669,84,0.19106516242027283,0.6913243532180786,-0.5002591907978058
cons_TATA,156,168,174,+,8.669,95,0.8830843567848206,0.17221441864967346,0.7108699381351471
cons_TATA,159,261,267,-,8.669,89,0.10820256918668747,-0.5575323700904846,0.6657349392771721
cons_TATA,159,267,273,+,8.669,89,0.1921646147966385,-0.3709912896156311,0.5631559044122696
cons_TATA,160,350,356,-,8.669,100,1.888495922088623,-0.35989028215408325,2.2483862042427063
cons_TATA,165,365,371,+,8.669,72,1.7363351583480835,0.41921162605285645,1.317123532295227
cons_TATA,166,265,271,-,8.669,72,1.5240356922149658,-0.6574872732162476,2.1815229654312134
cons_TATA,169,9,15,-,8.669,57,0.41343116760253906,0.3995096683502197,0.013921499252319336
cons_TATA,171,250,256,+,8.669,78,0.8484715819358826,-0.8818727135658264,1.730344295501709
cons_TATA,172,318,324,-,8.669,67,0.2844400703907013,-0.24266701936721802,0.5271070897579193
cons_TATA,172,332,338,+,8.669,64,1.3602101802825928,-0.1506294459104538,1.5108396261930466
cons_TATA,172,359,365,+,8.669,68,-0.13688763976097107,0.035489462316036224,-0.1723771020770073
cons_TATA,172,397,403,-,8.669,80,0.2633812725543976,0.7930183410644531,-0.5296370685100555
cons_TATA,172,401,407,+,8.669,80,0.2540658414363861,-0.11031825840473175,0.36438409984111786
cons_TATA,173,215,221,-,8.669,80,0.12342274188995361,-0.014046907424926758,0.13746964931488037
cons_TATA,173,217,223,+,8.669,80,-0.150752991437912,-0.01939263939857483,-0.13136035203933716
cons_TATA,174,175,181,-,8.669,80,0.10301409661769867,0.37504464387893677,-0.2720305472612381
cons_TATA,174,177,183,+,8.669,80,0.18090660870075226,0.18404817581176758,-0.00314156711101532
cons_TATA,177,237,243,+,8.669,86,0.24516284465789795,0.11156480014324188,0.13359804451465607
cons_TATA,177,335,341,-,8.669,98,0.8478500843048096,-0.0655820369720459,0.9134321212768555
cons_TATA,179,350,356,+,8.669,90,0.5257378816604614,-0.10172688961029053,0.627464771270752
cons_TATA,179,436,442,-,8.669,79,-0.2418355941772461,-0.5553908944129944,0.3135553002357483
cons_TATA,182,186,192,+,8.669,88,0.575880765914917,-0.3492584526538849,0.9251392185688019
cons_TATA,183,91,97,-,8.669,96,-0.04055976867675781,-0.9518637657165527,0.9113039970397949
cons_TATA,183,202,208,+,8.669,95,0.20004618167877197,-0.2797919511795044,0.47983813285827637
cons_TATA,184,437,443,-,8.669,95,0.09051565825939178,0.39161866903305054,-0.30110301077365875
cons_TATA,185,385,391,-,8.669,80,-0.1296946108341217,0.23592452704906464,-0.36561913788318634
cons_TATA,187,302,308,+,8.669,77,-0.4703879654407501,-0.0202786922454834,-0.4501092731952667
cons_TATA,188,251,257,+,8.669,95,0.8564143180847168,-0.36966243386268616,1.226076751947403
cons_TATA,189,32,38,+,8.669,68,0.027242794632911682,-0.16279572248458862,0.1900385171175003
cons_TATA,189,59,65,+,8.669,86,-0.01374293863773346,0.2897646725177765,-0.30350761115550995
cons_TATA,190,85,91,+,8.669,88,0.09298980236053467,-0.02893507480621338,0.12192487716674805
cons_TATA,190,175,181,-,8.669,96,0.42144012451171875,-0.07374346256256104,0.4951835870742798
cons_TATA,191,134,140,+,8.669,84,1.092764973640442,1.1522295475006104,-0.05946457386016846
cons_TATA,193,30,36,+,8.669,50,1.2795772552490234,-0.14180141687393188,1.4213786721229553
cons_TATA,193,85,91,+,8.669,67,0.3775723874568939,0.10081228613853455,0.2767601013183594
cons_TATA,193,230,236,-,8.669,95,2.5503225326538086,-0.31557196378707886,2.8658944964408875
cons_TATA,200,419,425,-,8.669,95,0.05577850341796875,-0.1467539668083191,0.20253247022628784
cons_TATA,201,48,54,+,8.669,93,1.7767226696014404,0.768354594707489,1.0083680748939514
cons_TATA,202,88,94,+,8.669,95,-0.0312635600566864,-0.1656305193901062,0.1343669593334198
cons_TATA,203,425,431,-,8.669,100,2.367893934249878,0.4485895335674286,1.9193044006824493
cons_TATA,204,349,355,+,8.669,90,3.3105688095092773,-0.3807257115840912,3.6912945210933685
cons_TATA,205,294,300,-,8.669,90,3.437656879425049,-0.0818299949169159,3.5194868743419647
cons_TATA,207,291,297,-,8.669,73,1.0145570039749146,-0.20697706937789917,1.2215340733528137
cons_TATA,207,293,299,+,8.669,75,0.6708711385726929,-0.12825144827365875,0.7991225868463516
cons_TATA,208,37,43,+,8.669,73,0.2891508936882019,-0.05909273028373718,0.3482436239719391
cons_TATA,210,89,95,-,8.669,58,0.1585111916065216,-0.07009238004684448,0.2286035716533661
cons_TATA,210,256,262,-,8.669,88,-0.18864218890666962,-0.22479967772960663,0.03615748882293701
cons_TATA,216,59,65,+,8.669,88,-0.27598103880882263,-0.28960752487182617,0.01362648606300354
cons_TATA,216,113,119,-,8.669,92,0.18483033776283264,-0.4572487473487854,0.642079085111618
cons_TATA,218,348,354,+,8.669,78,-0.5213974118232727,-0.09058505296707153,-0.43081235885620117
cons_TATA,219,265,271,-,8.669,78,0.3685143291950226,0.6002613306045532,-0.23174700140953064
cons_TATA,220,6,12,+,8.669,56,0.14265307784080505,-0.14718258380889893,0.289835661649704
cons_TATA,227,342,348,+,8.669,78,0.2345992922782898,-1.008068323135376,1.2426676154136658
cons_TATA,230,70,76,+,8.669,100,-0.21129727363586426,-0.687916100025177,0.47661882638931274
cons_TATA,232,311,317,-,8.669,100,0.20027227699756622,-0.2863197326660156,0.48659200966358185
cons_TATA,233,74,80,+,8.669,82,-0.11246359348297119,-0.04001083970069885,-0.07245275378227234
cons_TATA,233,288,294,-,8.669,89,1.7852444648742676,-0.29065799713134766,2.0759024620056152
cons_TATA,234,174,180,+,8.669,76,1.9516096115112305,-0.6716814041137695,2.623291015625
cons_TATA,239,352,358,+,8.669,95,0.3620993196964264,0.17360347509384155,0.18849584460258484
cons_TATA,240,376,382,-,8.669,96,0.12668932974338531,0.3557521402835846,-0.22906281054019928
cons_TATA,242,333,339,-,8.669,82,0.003964565694332123,-0.04361036419868469,0.047574929893016815
cons_TATA,243,289,295,+,8.669,84,2.542407512664795,-0.5629656314849854,3.1053731441497803
cons_TATA,244,196,202,+,8.669,90,0.48976683616638184,-0.41269612312316895,0.9024629592895508
cons_TATA,244,440,446,+,8.669,86,0.3360483944416046,-0.018518269062042236,0.35456666350364685
cons_TATA,244,461,467,-,8.669,70,0.6882861852645874,0.12908199429512024,0.5592041909694672
cons_TATA,245,168,174,-,8.669,77,0.6770040392875671,-0.05469036102294922,0.7316944003105164
cons_TATA,245,170,176,+,8.669,77,0.8228596448898315,-0.07635250687599182,0.8992121517658234
cons_TATA,245,424,430,-,8.669,48,0.9027213454246521,-0.6812090873718262,1.5839304327964783
cons_TATA,246,118,124,-,8.669,71,3.9105420112609863,0.2602536678314209,3.6502883434295654
cons_TATA,246,122,128,+,8.669,67,3.6148743629455566,-0.4056704044342041,4.020544767379761
cons_TATA,246,402,408,+,8.669,72,0.16427059471607208,0.1312105655670166,0.03306002914905548
cons_TATA,246,443,449,-,8.669,63,0.05874565243721008,-0.30449923872947693,0.363244891166687
cons_TATA,246,445,451,+,8.669,62,0.15808731317520142,-0.39616599678993225,0.5542533099651337
cons_TATA,248,153,159,-,8.669,87,-0.07149243354797363,1.008335828781128,-1.0798282623291016
cons_TATA,248,247,253,-,8.669,95,0.4062653183937073,-0.36577308177948,0.7720384001731873
cons_TATA,251,310,316,+,8.669,71,0.10428793728351593,-0.28027665615081787,0.3845645934343338
cons_TATA,251,399,405,+,8.669,94,2.4937891960144043,0.2601359486579895,2.233653247356415
cons_TATA,252,126,132,-,8.669,77,0.6453238129615784,0.020131170749664307,0.6251926422119141
cons_TATA,252,367,373,-,8.669,94,1.5747840404510498,-0.11689724773168564,1.6916812881827354
cons_TATA,252,456,462,-,8.669,59,-0.10180197656154633,1.0021288394927979,-1.1039308160543442
cons_TATA,255,346,352,+,8.669,95,-0.15379606187343597,0.12068532407283783,-0.2744813859462738
cons_TATA,256,354,360,-,8.669,92,0.11182331293821335,-0.5750329494476318,0.6868562623858452
cons_TATA,257,151,157,-,8.669,92,0.2956029772758484,-0.1985064297914505,0.4941094070672989
cons_TATA,257,380,386,+,8.669,68,3.05722975730896,-0.375213086605072,3.432442843914032
cons_TATA,257,400,406,-,8.669,68,0.6432563662528992,-0.6649295687675476,1.3081859350204468
cons_TATA,259,319,325,+,8.669,65,1.1876614093780518,-0.03247809410095215,1.220139503479004
cons_TATA,266,64,70,-,8.669,93,0.8743381500244141,-0.21048042178153992,1.084818571805954
cons_TATA,266,66,72,+,8.669,93,1.1472675800323486,-0.16297200322151184,1.3102395832538605
cons_TATA,267,370,376,-,8.669,84,0.19619709253311157,-0.5397763252258301,0.7359734177589417
cons_TATA,267,428,434,+,8.669,93,-0.19400134682655334,-0.2214684933423996,0.027467146515846252
cons_TATA,268,415,421,+,8.669,89,-0.08608391880989075,0.07291385531425476,-0.1589977741241455
cons_TATA,269,377,383,-,8.669,89,-0.07454374432563782,0.7984707355499268,-0.8730144798755646
cons_TATA,270,17,23,-,8.669,29,0.13967359066009521,-0.3236924707889557,0.4633660614490509
cons_TATA,270,78,84,+,8.669,57,0.2756463587284088,-0.4608471989631653,0.7364935576915741
cons_TATA,277,217,223,+,8.669,90,0.46137043833732605,-0.5217788219451904,0.9831492602825165
cons_TATA,278,390,396,-,8.669,95,0.40615037083625793,0.7276698350906372,-0.3215194642543793
cons_TATA,279,106,112,-,8.669,100,1.1160216331481934,-0.015788495540618896,1.1318101286888123
cons_TATA,279,394,400,+,8.669,84,0.41115957498550415,-0.47056886553764343,0.8817284405231476
cons_TATA,282,277,283,-,8.669,83,-0.46199384331703186,1.4626892805099487,-1.9246831238269806
cons_TATA,283,309,315,+,8.669,83,-0.41575562953948975,0.49268800020217896,-0.9084436297416687
cons_TATA,285,51,57,-,8.669,91,-0.004135787487030029,-0.012227565050125122,0.008091777563095093
cons_TATA,290,373,379,+,8.669,77,0.02458687126636505,0.1632966697216034,-0.13870979845523834
cons_TATA,291,176,182,-,8.669,77,0.48556625843048096,0.5828043222427368,-0.09723806381225586
cons_TATA,297,420,426,+,8.669,87,0.8983356356620789,-0.1972334384918213,1.0955690741539001
cons_TATA,298,65,71,-,8.669,89,0.7373054623603821,0.2737109363079071,0.463594526052475
cons_TATA,298,148,154,-,8.669,71,0.9291949272155762,0.6820524334907532,0.247142493724823
cons_TATA,298,157,163,-,8.669,71,0.14052292704582214,-0.14407017827033997,0.2845931053161621
cons_TATA,298,232,238,+,8.669,92,3.4313571453094482,0.7051531076431274,2.726204037666321
cons_TATA,298,366,372,-,8.669,84,0.11394000053405762,-1.04080069065094,1.1547406911849976
cons_TATA,303,129,135,-,8.669,90,0.5557175874710083,0.07525810599327087,0.4804594814777374
cons_TATA,303,322,328,+,8.669,85,1.217867374420166,-0.1648140549659729,1.382681429386139
cons_TATA,305,415,421,+,8.669,95,-0.260974645614624,0.30629444122314453,-0.5672690868377686
cons_TATA,306,342,348,+,8.669,69,5.53261137008667,0.18506476283073425,5.347546607255936
cons_TATA,307,341,347,+,8.669,64,5.579979419708252,0.7000890970230103,4.879890322685242
cons_TATA,307,387,393,-,8.669,71,-0.6232262849807739,-0.3293229043483734,-0.2939033806324005
cons_TATA,307,435,441,+,8.669,74,-0.5285941958427429,0.12041719257831573,-0.6490113884210587
cons_TATA,309,272,278,-,8.669,94,3.9316606521606445,0.05929943919181824,3.8723612129688263
cons_TATA,310,81,87,+,8.669,95,1.6518452167510986,0.20575615763664246,1.4460890591144562
cons_TATA,310,298,304,+,8.669,76,0.7256145477294922,-1.0348438024520874,1.7604583501815796
cons_TATA,311,202,208,+,8.669,89,1.2713086605072021,-0.11817532777786255,1.3894839882850647
cons_TATA,311,226,232,+,8.669,89,-0.15303002297878265,0.19747814536094666,-0.3505081683397293
cons_TATA,311,461,467,+,8.669,73,-0.37404483556747437,-0.299507737159729,-0.07453709840774536
cons_TATA,313,333,339,+,8.669,62,6.087380409240723,1.3966755867004395,4.690704822540283
cons_TATA,314,6,12,+,8.669,43,0.550417959690094,0.1563875377178192,0.3940304219722748
cons_TATA,315,364,370,+,8.669,95,1.76619291305542,-0.03349870443344116,1.799691617488861
cons_TATA,316,445,451,+,8.669,82,0.4890223741531372,-0.5095747709274292,0.9985971450805664
cons_TATA,317,304,310,+,8.669,90,3.4408788681030273,0.5207875967025757,2.9200912714004517
cons_TATA,318,350,356,+,8.669,99,0.18441858887672424,0.7746516466140747,-0.5902330577373505
cons_TATA,320,350,356,+,8.669,97,1.2890121936798096,-0.623918890953064,1.9129310846328735
cons_TATA,321,403,409,-,8.669,81,0.672719419002533,-0.6070548295974731,1.279774248600006
cons_TATA,323,6,12,+,8.669,50,-0.18182146549224854,0.041515737771987915,-0.22333720326423645
cons_TATA,324,343,349,+,8.669,94,-0.45181745290756226,-0.2759501039981842,-0.17586734890937805
cons_TATA,325,85,91,+,8.669,74,0.9073692560195923,-0.5019344687461853,1.4093037247657776
cons_TATA,325,99,105,+,8.669,74,0.543651819229126,0.04231148958206177,0.5013403296470642
cons_TATA,325,188,194,+,8.669,92,0.09330347180366516,0.5056689977645874,-0.41236552596092224
cons_TATA,325,232,238,-,8.669,89,-0.09276476502418518,0.05904600769281387,-0.15181077271699905
cons_TATA,325,328,334,+,8.669,85,0.6151849031448364,-0.06506523489952087,0.6802501380443573
cons_TATA,328,343,349,-,8.669,74,3.3950791358947754,0.6442608833312988,2.7508182525634766
cons_TATA,328,347,353,+,8.669,72,4.288274765014648,0.500255823135376,3.7880189418792725
cons_TATA,329,218,224,-,8.669,80,0.18008393049240112,-0.2483132779598236,0.42839720845222473
cons_TATA,330,375,381,-,8.669,72,-0.2634359896183014,0.2185824066400528,-0.4820183962583542
cons_TATA,330,469,475,-,8.669,75,-0.8002821803092957,0.4635721445083618,-1.2638543248176575
cons_TATA,331,223,229,-,8.669,87,0.5377779006958008,-0.15541104972362518,0.693188950419426
cons_TATA,331,245,251,-,8.669,75,-0.21807332336902618,-0.554703950881958,0.3366306275129318
cons_TATA,331,359,365,+,8.669,84,1.0121865272521973,-0.21529307961463928,1.2274796068668365
cons_TATA,332,31,37,+,8.669,56,0.07288382947444916,-0.19573336839675903,0.2686171978712082
cons_TATA,332,42,48,-,8.669,60,0.15436944365501404,-0.2342807799577713,0.38865022361278534
cons_TATA,332,44,50,+,8.669,62,0.10650350153446198,-0.5599172115325928,0.6664207130670547
cons_TATA,334,213,219,+,8.669,80,-0.16088472306728363,-0.29784223437309265,0.13695751130580902
cons_TATA,334,234,240,-,8.669,68,-0.8490597009658813,0.13316014409065247,-0.9822198450565338
cons_TATA,334,378,384,-,8.669,85,0.05083106458187103,0.3897206783294678,-0.33888961374759674
cons_TATA,335,70,76,+,8.669,79,0.15854354202747345,0.02028477191925049,0.13825877010822296
cons_TATA,335,214,220,+,8.669,68,-1.249967336654663,-0.45882928371429443,-0.7911380529403687
cons_TATA,335,235,241,-,8.669,80,-0.2980719208717346,-0.17258310317993164,-0.12548881769180298
cons_TATA,338,125,131,-,8.669,95,-0.06854498386383057,-0.12584960460662842,0.05730462074279785
cons_TATA,338,328,334,-,8.669,69,1.9401766061782837,0.3901247978210449,1.5500518083572388
cons_TATA,338,330,336,+,8.669,69,1.5002171993255615,0.8112296462059021,0.6889875531196594
cons_TATA,339,353,359,+,8.669,70,0.3473871350288391,-0.11303168535232544,0.46041882038116455
cons_TATA,341,22,28,+,8.669,46,0.2905530333518982,-0.43791499733924866,0.7284680306911469
cons_TATA,341,65,71,-,8.669,81,0.28213071823120117,-0.3647713363170624,0.6469020545482635
cons_TATA,342,389,395,-,8.669,68,0.041937895119190216,-0.3391041159629822,0.3810420110821724
cons_TATA,345,57,63,+,8.669,100,-0.08317118883132935,0.060753703117370605,-0.14392489194869995
cons_TATA,346,81,87,+,8.669,90,0.7061904668807983,0.06292154639959335,0.643268920481205
cons_TATA,346,433,439,-,8.669,83,0.37292516231536865,-0.611395001411438,0.9843201637268066
cons_TATA,348,144,150,-,8.669,73,0.8214672207832336,-0.10869564861059189,0.9301628693938255
cons_TATA,349,143,149,-,8.669,95,0.051724642515182495,-0.6335887312889099,0.6853133738040924
cons_TATA,349,360,366,-,8.669,64,-0.2223447859287262,-0.27477991580963135,0.05243512988090515
cons_TATA,350,95,101,+,8.669,90,-0.231294184923172,-0.3746369779109955,0.1433427929878235
cons_TATA,350,414,420,-,8.669,95,-0.5370054841041565,-0.1348605453968048,-0.4021449387073517
cons_TATA,351,9,15,+,8.669,51,4.165006637573242,0.11938382685184479,4.045622810721397
cons_TATA,352,150,156,+,8.669,95,-0.3370678126811981,-0.020932137966156006,-0.3161356747150421
cons_TATA,352,342,348,-,8.669,90,0.3046454191207886,-0.21864813566207886,0.5232935547828674
cons_TATA,353,166,172,-,8.669,95,-0.5032615661621094,0.6722785234451294,-1.1755400896072388
cons_TATA,353,415,421,+,8.669,100,0.926932156085968,-0.24863851070404053,1.1755706667900085
cons_TATA,354,24,30,-,8.669,62,0.3379274010658264,0.4125211536884308,-0.07459375262260437
cons_TATA,354,97,103,-,8.669,90,0.6301034092903137,-0.9035271406173706,1.5336305499076843
cons_TATA,354,342,348,+,8.669,90,4.03566837310791,0.0531042143702507,3.9825641587376595
cons_TATA,357,151,157,-,8.669,79,0.180017352104187,-0.3491883873939514,0.5292057394981384
cons_TATA,357,291,297,-,8.669,83,-0.19723740220069885,0.09354427456855774,-0.2907816767692566
cons_TATA,358,174,180,+,8.669,79,0.09530281275510788,-0.44236740469932556,0.5376702174544334
cons_TATA,360,82,88,-,8.669,100,0.1759646236896515,0.03608161211013794,0.13988301157951355
cons_TATA,360,314,320,+,8.669,90,0.6925539970397949,0.21610935032367706,0.47644464671611786
cons_TATA,361,203,209,-,8.669,94,0.879895806312561,-0.2859196662902832,1.1658154726028442
cons_TATA,361,212,218,+,8.669,94,2.508558750152588,-0.31067654490470886,2.8192352950572968
cons_TATA,364,187,193,-,8.669,95,-0.24905964732170105,-1.2277578115463257,0.9786981642246246
cons_TATA,366,308,314,-,8.669,92,0.08384251594543457,-0.04105463624000549,0.12489715218544006
cons_TATA,366,338,344,+,8.669,94,1.0562833547592163,-0.5398314595222473,1.5961148142814636
cons_TATA,366,425,431,+,8.669,77,0.5362687706947327,-0.29981350898742676,0.8360822796821594
cons_TATA,367,308,314,+,8.669,86,3.026365280151367,0.9880580902099609,2.0383071899414062
cons_TATA,367,382,388,+,8.669,100,0.20386992394924164,0.36331644654273987,-0.15944652259349823
cons_TATA,370,96,102,-,8.669,86,1.2171630859375,-0.23779113590717316,1.4549542218446732
cons_TATA,371,321,327,+,8.669,86,0.29201412200927734,0.7123205661773682,-0.4203064441680908
cons_TATA,372,295,301,+,8.669,95,0.5599684715270996,-0.14454388618469238,0.704512357711792
cons_TATA,373,153,159,+,8.669,88,0.2836495339870453,0.732974648475647,-0.4493251144886017
cons_TATA,373,412,418,+,8.669,71,0.7378321290016174,-0.06307241320610046,0.8009045422077179
cons_TATA,374,391,397,-,8.669,71,1.693222999572754,-0.20705348253250122,1.9002764821052551
cons_TATA,376,211,217,-,8.669,85,0.16485846042633057,0.18285177648067474,-0.017993316054344177
cons_TATA,377,342,348,+,8.669,75,2.7832868099212646,0.02822832763195038,2.7550584822893143
cons_TATA,379,120,126,+,8.669,62,1.241373062133789,-0.2914661765098572,1.5328392386436462
cons_TATA,380,222,228,-,8.669,98,0.152839794754982,-0.13068273663520813,0.2835225313901901
cons_TATA,380,224,230,+,8.669,98,-0.061421602964401245,-0.254992812871933,0.19357120990753174
cons_TATA,381,138,144,+,8.669,100,-0.15398815274238586,1.0419491529464722,-1.195937305688858
cons_TATA,381,211,217,-,8.669,95,-0.27249908447265625,-0.17440813779830933,-0.09809094667434692
cons_TATA,381,436,442,-,8.669,83,-0.17888404428958893,-0.6095073223114014,0.43062327802181244
cons_TATA,381,438,444,+,8.669,83,-0.2773265838623047,-0.6175177097320557,0.340191125869751
cons_TATA,383,71,77,-,8.669,75,-0.012087404727935791,-0.04757082462310791,0.03548341989517212
cons_TATA,384,341,347,-,8.669,78,1.1986364126205444,-0.12038034200668335,1.3190167546272278
cons_TATA,384,343,349,+,8.669,76,1.1070425510406494,-0.2523733079433441,1.3594158589839935
cons_TATA,388,338,344,+,8.669,73,5.194375038146973,-0.018613912165164948,5.212988950312138
cons_TATA,393,260,266,-,8.669,90,0.4520881772041321,-0.27072814106941223,0.7228163182735443
cons_TATA,393,355,361,+,8.669,100,0.5197198390960693,0.05703694373369217,0.46268289536237717
cons_TATA,394,445,451,-,8.669,89,-0.5529295206069946,-0.16248735785484314,-0.3904421627521515
cons_TATA,395,241,247,+,8.669,91,0.6789440512657166,-0.2635866701602936,0.9425307214260101
cons_TATA,395,263,269,+,8.669,87,0.3043878674507141,-0.3544001579284668,0.6587880253791809
cons_branch,1,361,368,-,11.516,100,-0.005954321473836899,0.5300135612487793,-0.5359678827226162
cons_branch,23,99,106,-,11.516,95,-0.0010373592376708984,-0.1552344262599945,0.1541970670223236
cons_branch,26,333,340,-,11.516,85,-0.10374228656291962,0.09551376104354858,-0.1992560476064682
cons_branch,62,334,341,-,11.516,90,-0.23938824236392975,-0.2194380760192871,-0.01995016634464264
cons_branch,71,283,290,-,11.516,79,1.0386601686477661,0.19011959433555603,0.8485405743122101
cons_branch,73,380,387,+,11.516,60,0.36907342076301575,-0.3706429600715637,0.7397163808345795
cons_branch,74,456,463,-,11.516,87,0.6356087923049927,0.020714938640594482,0.6148938536643982
cons_branch,86,262,269,+,11.516,52,-0.8628753423690796,0.20807629823684692,-1.0709516406059265
cons_branch,97,346,353,-,11.516,100,-0.16435536742210388,-0.5298616886138916,0.3655063211917877
cons_branch,101,302,309,+,11.516,88,0.007259771227836609,0.20216235518455505,-0.19490258395671844
cons_branch,108,69,76,-,11.516,94,-0.046229660511016846,-0.32018935680389404,0.2739596962928772
cons_branch,134,39,46,-,11.516,74,0.605450451374054,-0.36427396535873413,0.9697244167327881
cons_branch,147,46,53,+,11.516,75,0.7184514999389648,-0.26919376850128174,0.9876452684402466
cons_branch,165,246,253,+,11.516,88,-0.3574318289756775,-0.012485474348068237,-0.34494635462760925
cons_branch,166,383,390,-,11.516,88,-0.3497275710105896,-0.7035329937934875,0.35380542278289795
cons_branch,184,42,49,-,11.516,84,1.3260033130645752,-0.6244865655899048,1.95048987865448
cons_branch,200,142,149,-,11.516,85,2.545988082885742,-0.4467262327671051,2.9927143156528473
cons_branch,202,364,371,+,11.516,85,2.1603193283081055,1.223259449005127,0.9370598793029785
cons_branch,227,21,28,+,11.516,40,0.3093036711215973,-0.21358412504196167,0.522887796163559
cons_branch,244,300,307,+,11.516,100,2.8100719451904297,-0.6412093043327332,3.451281249523163
cons_branch,246,374,381,+,11.516,81,-0.1371029019355774,-0.2285395860671997,0.09143668413162231
cons_branch,249,234,241,-,11.516,93,0.5118922591209412,-0.19795218110084534,0.7098444402217865
cons_branch,250,97,104,+,11.516,93,0.4745417833328247,0.017587780952453613,0.4569540023803711
cons_branch,284,342,349,-,11.516,100,-0.5061244368553162,-0.21078091859817505,-0.2953435182571411
cons_branch,299,19,26,+,11.516,60,0.8275538086891174,-0.19621139764785767,1.023765206336975
cons_branch,348,188,195,+,11.516,79,0.3899685740470886,-0.5187787413597107,0.9087473154067993
cons_branch,365,175,182,-,11.516,84,1.9522935152053833,0.4285024106502533,1.52379110455513
cons_donor,38,160,166,-,10.165,74,2.000555992126465,0.118474081158638,1.8820819109678268
cons_donor,38,339,345,-,10.165,86,-0.3574795424938202,-0.0958983451128006,-0.2615811973810196
cons_donor,39,106,112,-,10.165,60,0.5685389637947083,0.2316904366016388,0.33684852719306946
cons_donor,49,115,121,-,10.165,95,-0.09884613752365112,-0.27303940057754517,0.17419326305389404
cons_donor,56,346,352,-,10.165,89,0.19872835278511047,0.3531726002693176,-0.15444424748420715
cons_donor,66,193,199,-,10.165,83,-0.15938767790794373,0.3006386160850525,-0.4600262939929962
cons_donor,66,435,441,-,10.165,92,0.3780861496925354,-0.37303104996681213,0.7511171996593475
cons_donor,74,182,188,-,10.165,92,0.5837112665176392,-0.388144314289093,0.9718555808067322
cons_donor,75,69,75,-,10.165,68,-0.05604937672615051,0.3641974925994873,-0.4202468693256378
cons_donor,76,419,425,-,10.165,88,0.3055809736251831,-0.7421085834503174,1.0476895570755005
cons_donor,86,259,265,-,10.165,55,-0.6173133850097656,0.20310257375240326,-0.8204159587621689
cons_donor,101,357,363,-,10.165,98,0.544892430305481,-0.04866991937160492,0.5935623496770859
cons_donor,104,40,46,-,10.165,78,0.2847254276275635,-0.20017695426940918,0.48490238189697266
cons_donor,121,9,15,-,10.165,42,-0.5915955901145935,-0.1968885064125061,-0.3947070837020874
cons_donor,126,226,232,-,10.165,60,0.01894816756248474,-0.9205844402313232,0.939532607793808
cons_donor,135,430,436,-,10.165,86,-0.059764742851257324,-0.09275410324335098,0.03298936039209366
cons_donor,137,444,450,-,10.165,94,0.334814190864563,-0.8315806984901428,1.1663948893547058
cons_donor,145,354,360,-,10.165,60,1.4054776430130005,-0.4143906533718109,1.8198682963848114
cons_donor,155,25,31,-,10.165,65,0.09769459813833237,-0.3904294967651367,0.4881240949034691
cons_donor,164,229,235,-,10.165,97,-0.1420716494321823,-0.19460786879062653,0.052536219358444214
cons_donor,168,206,212,-,10.165,83,0.3409549593925476,-0.4548308551311493,0.7957858145236969
cons_donor,170,398,404,-,10.165,80,-0.2917068302631378,-0.22997543215751648,-0.06173139810562134
cons_donor,190,123,129,-,10.165,90,-0.05315452814102173,0.0024262070655822754,-0.055580735206604004
cons_donor,192,136,142,-,10.165,82,0.4384823441505432,-0.6307729482650757,1.069255292415619
cons_donor,192,214,220,-,10.165,65,-0.6632637977600098,-0.055473752319812775,-0.607790045440197
cons_donor,210,389,395,-,10.165,69,0.24843695759773254,-0.2761727571487427,0.5246097147464752
cons_donor,213,483,489,-,10.165,61,0.7003167867660522,0.21728360652923584,0.4830331802368164
cons_donor,215,166,172,-,10.165,80,0.48075586557388306,-0.5457998514175415,1.0265557169914246
cons_donor,215,385,391,-,10.165,95,-0.16079328954219818,0.53963303565979,-0.7004263252019882
cons_donor,219,376,382,-,10.165,90,0.7756985425949097,1.0437169075012207,-0.26801836490631104
cons_donor,223,296,302,-,10.165,92,-0.4070732593536377,0.4104171395301819,-0.8174903988838196
cons_donor,223,428,434,-,10.165,92,2.1347265243530273,-0.17455852031707764,2.309285044670105
cons_donor,236,150,156,-,10.165,86,2.3961358070373535,-0.21501001715660095,2.6111458241939545
cons_donor,238,205,211,-,10.165,100,-0.3976867198944092,-0.46501368284225464,0.06732696294784546
cons_donor,260,176,182,-,10.165,85,0.26397979259490967,0.09604543447494507,0.1679343581199646
cons_donor,280,113,119,-,10.165,100,0.24606218934059143,-0.0042231082916259766,0.2502852976322174
cons_donor,280,314,320,-,10.165,95,0.49397024512290955,0.18704655766487122,0.30692368745803833
cons_donor,286,421,427,-,10.165,80,-0.16755811870098114,-0.3508191704750061,0.18326105177402496
cons_donor,309,239,245,-,10.165,94,0.8360967040061951,-0.1904674470424652,1.0265641510486603
cons_donor,329,225,231,-,10.165,74,0.3695576786994934,-0.09199753403663635,0.46155521273612976
cons_donor,329,408,414,-,10.165,93,0.680462121963501,0.0783701241016388,0.6020919978618622
cons_donor,332,215,221,-,10.165,84,-0.06688624620437622,-0.6361070275306702,0.569220781326294
cons_donor,332,253,259,-,10.165,94,-0.06003503501415253,0.6139986515045166,-0.6740336865186691
cons_donor,335,49,55,-,10.165,78,2.3750219345092773,-0.083102285861969,2.4581242203712463
cons_donor,339,245,251,-,10.165,90,0.26656007766723633,0.014304667711257935,0.2522554099559784
cons_donor,340,66,72,-,10.165,100,0.17191414535045624,-0.8154895305633545,0.9874036759138107
cons_donor,349,429,435,-,10.165,100,-0.28507569432258606,-0.4884108901023865,0.20333519577980042
cons_donor,357,28,34,-,10.165,73,1.2444167137145996,-0.19800794124603271,1.4424246549606323
cons_donor,358,187,193,-,10.165,84,0.3031284213066101,-0.46263033151626587,0.765758752822876
cons_donor,358,478,484,-,10.165,54,0.7394634485244751,0.8264815807342529,-0.08701813220977783
cons_donor,371,401,407,-,10.165,64,-0.10278358310461044,0.847541093826294,-0.9503246769309044
cons_donor,377,118,124,-,10.165,94,1.4081944227218628,0.5815434455871582,0.8266509771347046
cons_donor,383,422,428,-,10.165,87,-0.07067185640335083,-0.2226773500442505,0.15200549364089966
cons_donor,385,31,37,-,10.165,53,0.07519322633743286,0.015912234783172607,0.059280991554260254
cons_donor,385,35,41,-,10.165,53,0.10440999269485474,0.06298631429672241,0.041423678398132324
cons_donor,385,39,45,-,10.165,55,-0.01301032304763794,0.007070720195770264,-0.020081043243408203
